2026-01-25 20:54:19 [32minfo[39m: Splitting schema into 4 chunks 
2026-01-25 20:54:19 [32minfo[39m: Chunk 1 of 4 
2026-01-25 20:55:03 [32minfo[39m: Prompt cost: $0.010847 
2026-01-25 20:55:03 [32minfo[39m: Candidates cost: $0.005715 
2026-01-25 20:55:03 [32minfo[39m: Thoughts cost: $0.014331 
2026-01-25 20:55:03 [32minfo[39m: Cached cost: $0.001124 
2026-01-25 20:55:03 [32minfo[39m: Total cost: $0.032017 
2026-01-25 20:55:03 [32minfo[39m: Chunk 2 of 4 
2026-01-25 20:55:29 [32minfo[39m: Splitting schema into 9 chunks 
2026-01-25 20:55:29 [32minfo[39m: Chunk 1 of 9 
2026-01-25 20:55:47 [32minfo[39m: Prompt cost: $0.010847 
2026-01-25 20:55:47 [32minfo[39m: Candidates cost: $0.001785 
2026-01-25 20:55:47 [32minfo[39m: Thoughts cost: $0.006978 
2026-01-25 20:55:47 [32minfo[39m: Cached cost: $0.001124 
2026-01-25 20:55:47 [32minfo[39m: Total cost: $0.020734 
2026-01-25 20:55:47 [32minfo[39m: Chunk 2 of 9 
2026-01-25 20:57:34 [32minfo[39m: Prompt cost: $0.010847 
2026-01-25 20:57:34 [32minfo[39m: Candidates cost: $0.002715 
2026-01-25 20:57:34 [32minfo[39m: Thoughts cost: $0.047553 
2026-01-25 20:57:34 [32minfo[39m: Cached cost: $0.001124 
2026-01-25 20:57:34 [32minfo[39m: Total cost: $0.062239 
2026-01-25 20:57:34 [32minfo[39m: Chunk 3 of 9 
2026-01-25 20:59:26 [32minfo[39m: Prompt cost: $0.010847 
2026-01-25 20:59:26 [32minfo[39m: Candidates cost: $0.001233 
2026-01-25 20:59:26 [32minfo[39m: Thoughts cost: $0.053013 
2026-01-25 20:59:26 [32minfo[39m: Cached cost: $0.001124 
2026-01-25 20:59:26 [32minfo[39m: Total cost: $0.066217 
2026-01-25 20:59:26 [32minfo[39m: Chunk 4 of 9 
2026-01-25 21:00:26 [32minfo[39m: Prompt cost: $0.010847 
2026-01-25 21:00:26 [32minfo[39m: Candidates cost: $0.003576 
2026-01-25 21:00:26 [32minfo[39m: Thoughts cost: $0.025335 
2026-01-25 21:00:26 [32minfo[39m: Cached cost: $0.001124 
2026-01-25 21:00:26 [32minfo[39m: Total cost: $0.040882 
2026-01-25 21:00:26 [32minfo[39m: Chunk 5 of 9 
2026-01-25 21:02:18 [32minfo[39m: Prompt cost: $0.010847 
2026-01-25 21:02:18 [32minfo[39m: Candidates cost: $0.002646 
2026-01-25 21:02:18 [32minfo[39m: Thoughts cost: $0.051525 
2026-01-25 21:02:18 [32minfo[39m: Cached cost: $0.001124 
2026-01-25 21:02:18 [32minfo[39m: Total cost: $0.066142 
2026-01-25 21:02:18 [32minfo[39m: Chunk 6 of 9 
2026-01-27 14:45:01 [32minfo[39m: Splitting schema into 1 chunks 
2026-01-27 14:45:01 [32minfo[39m: Sending 1 requests in parallel... 
2026-01-27 14:45:01 [32minfo[39m: Sending request for chunk 1 of 1 
2026-01-27 14:46:17 [32minfo[39m: Processing chunk 1 of 1 
2026-01-27 14:46:17 [32minfo[39m: Chunk 1 - Prompt: $0.010847, Candidates: $0.002442, Thoughts: $0.032424, Cached: $0.001124, Total: $0.046837 
2026-01-27 14:46:17 [32minfo[39m: Total cost: $0.046837 
2026-01-27 15:05:18 [32minfo[39m: Uploading file stanford_cds_2024_2025.pdf with mime type application/pdf 
2026-01-27 15:05:20 [32minfo[39m: File uploaded successfully: files/kee2ntuhwr1h | https://generativelanguage.googleapis.com/v1beta/files/kee2ntuhwr1h 
2026-01-27 15:12:34 [32minfo[39m: Sending request to generate content 
2026-01-27 15:13:20 [32minfo[39m: Saving response to file 
2026-01-27 15:16:39 [32minfo[39m: Sending request to generate content 
2026-01-27 15:17:42 [32minfo[39m: Saving response to file 
2026-01-28 19:50:19 [32minfo[39m: Uploading file stanford_cds_2024_2025.pdf with mime type application/pdf 
2026-01-28 19:51:00 [32minfo[39m: Uploading file stanford_cds_2024_2025.pdf with mime type application/pdf 
2026-01-28 19:51:02 [32minfo[39m: File uploaded successfully: files/ygpxaa1h5xqa | https://generativelanguage.googleapis.com/v1beta/files/ygpxaa1h5xqa 
2026-01-28 19:51:03 [32minfo[39m: Splitting schema into 23 chunks 
2026-01-28 19:51:03 [32minfo[39m: Sending 23 requests in parallel... 
2026-01-28 19:51:03 [32minfo[39m: Sending request for chunk 1 of 23 
2026-01-28 19:51:03 [32minfo[39m: Sending request for chunk 2 of 23 
2026-01-28 19:51:03 [32minfo[39m: Sending request for chunk 3 of 23 
2026-01-28 19:51:03 [32minfo[39m: Sending request for chunk 4 of 23 
2026-01-28 19:51:03 [32minfo[39m: Sending request for chunk 5 of 23 
2026-01-28 19:51:03 [32minfo[39m: Sending request for chunk 6 of 23 
2026-01-28 19:51:03 [32minfo[39m: Sending request for chunk 7 of 23 
2026-01-28 19:51:03 [32minfo[39m: Sending request for chunk 8 of 23 
2026-01-28 19:51:03 [32minfo[39m: Sending request for chunk 9 of 23 
2026-01-28 19:51:03 [32minfo[39m: Sending request for chunk 10 of 23 
2026-01-28 19:51:03 [32minfo[39m: Sending request for chunk 11 of 23 
2026-01-28 19:51:03 [32minfo[39m: Sending request for chunk 12 of 23 
2026-01-28 19:51:03 [32minfo[39m: Sending request for chunk 13 of 23 
2026-01-28 19:51:03 [32minfo[39m: Sending request for chunk 14 of 23 
2026-01-28 19:51:03 [32minfo[39m: Sending request for chunk 15 of 23 
2026-01-28 19:51:03 [32minfo[39m: Sending request for chunk 16 of 23 
2026-01-28 19:51:03 [32minfo[39m: Sending request for chunk 17 of 23 
2026-01-28 19:51:03 [32minfo[39m: Sending request for chunk 18 of 23 
2026-01-28 19:51:03 [32minfo[39m: Sending request for chunk 19 of 23 
2026-01-28 19:51:03 [32minfo[39m: Sending request for chunk 20 of 23 
2026-01-28 19:51:03 [32minfo[39m: Sending request for chunk 21 of 23 
2026-01-28 19:51:03 [32minfo[39m: Sending request for chunk 22 of 23 
2026-01-28 19:51:03 [32minfo[39m: Sending request for chunk 23 of 23 
2026-01-28 19:52:43 [32minfo[39m: Processing chunk 1 of 23 
2026-01-28 19:52:43 [32minfo[39m: Chunk 1 Tokens - Prompt: $21693, Candidates: $701, Thoughts: $6379, Cached: $22484, Total: $51257 
2026-01-28 19:52:43 [32minfo[39m: Chunk 1 Cost - Prompt: $0.010847, Candidates: $0.002103, Thoughts: $0.019137, Cached: $0.001124, Total: $0.033211 
2026-01-28 19:52:43 [32minfo[39m: Processing chunk 2 of 23 
2026-01-28 19:52:43 [32minfo[39m: Chunk 2 Tokens - Prompt: $21693, Candidates: $905, Thoughts: $3671, Cached: $22484, Total: $48753 
2026-01-28 19:52:43 [32minfo[39m: Chunk 2 Cost - Prompt: $0.010847, Candidates: $0.002715, Thoughts: $0.011013, Cached: $0.001124, Total: $0.025699 
2026-01-28 19:52:43 [32minfo[39m: Processing chunk 3 of 23 
2026-01-28 19:52:43 [32minfo[39m: Chunk 3 Tokens - Prompt: $21693, Candidates: $411, Thoughts: $10856, Cached: $22484, Total: $55444 
2026-01-28 19:52:43 [32minfo[39m: Chunk 3 Cost - Prompt: $0.010847, Candidates: $0.001233, Thoughts: $0.032568, Cached: $0.001124, Total: $0.045772 
2026-01-28 19:52:43 [32minfo[39m: Processing chunk 4 of 23 
2026-01-28 19:52:43 [32minfo[39m: Chunk 4 Tokens - Prompt: $21693, Candidates: $1074, Thoughts: $160, Cached: $22484, Total: $45411 
2026-01-28 19:52:43 [32minfo[39m: Chunk 4 Cost - Prompt: $0.010847, Candidates: $0.003222, Thoughts: $0.000480, Cached: $0.001124, Total: $0.015673 
2026-01-28 19:52:43 [32minfo[39m: Processing chunk 5 of 23 
2026-01-28 19:52:43 [32minfo[39m: Chunk 5 Tokens - Prompt: $21693, Candidates: $975, Thoughts: $80, Cached: $22484, Total: $45232 
2026-01-28 19:52:43 [32minfo[39m: Chunk 5 Cost - Prompt: $0.010847, Candidates: $0.002925, Thoughts: $0.000240, Cached: $0.001124, Total: $0.015136 
2026-01-28 19:52:43 [32minfo[39m: Processing chunk 6 of 23 
2026-01-28 19:52:43 [32minfo[39m: Chunk 6 Tokens - Prompt: $21693, Candidates: $941, Thoughts: $6499, Cached: $22484, Total: $51617 
2026-01-28 19:52:43 [32minfo[39m: Chunk 6 Cost - Prompt: $0.010847, Candidates: $0.002823, Thoughts: $0.019497, Cached: $0.001124, Total: $0.034291 
2026-01-28 19:52:43 [32minfo[39m: Processing chunk 7 of 23 
2026-01-28 19:52:43 [32minfo[39m: Chunk 7 Tokens - Prompt: $21693, Candidates: $631, Thoughts: $6016, Cached: $22484, Total: $50824 
2026-01-28 19:52:43 [32minfo[39m: Chunk 7 Cost - Prompt: $0.010847, Candidates: $0.001893, Thoughts: $0.018048, Cached: $0.001124, Total: $0.031912 
2026-01-28 19:52:43 [32minfo[39m: Processing chunk 8 of 23 
2026-01-28 19:52:43 [32minfo[39m: Chunk 8 Tokens - Prompt: $21693, Candidates: $598, Thoughts: $12415, Cached: $22484, Total: $57190 
2026-01-28 19:52:43 [32minfo[39m: Chunk 8 Cost - Prompt: $0.010847, Candidates: $0.001794, Thoughts: $0.037245, Cached: $0.001124, Total: $0.051010 
2026-01-28 19:52:43 [32minfo[39m: Processing chunk 9 of 23 
2026-01-28 19:52:43 [32minfo[39m: Chunk 9 Tokens - Prompt: $21693, Candidates: $1096, Thoughts: $3364, Cached: $22484, Total: $48637 
2026-01-28 19:52:43 [32minfo[39m: Chunk 9 Cost - Prompt: $0.010847, Candidates: $0.003288, Thoughts: $0.010092, Cached: $0.001124, Total: $0.025351 
2026-01-28 19:52:43 [32minfo[39m: Processing chunk 10 of 23 
2026-01-28 19:52:43 [32minfo[39m: Chunk 10 Tokens - Prompt: $21693, Candidates: $837, Thoughts: $2912, Cached: $22484, Total: $47926 
2026-01-28 19:52:43 [32minfo[39m: Chunk 10 Cost - Prompt: $0.010847, Candidates: $0.002511, Thoughts: $0.008736, Cached: $0.001124, Total: $0.023218 
2026-01-28 19:52:43 [32minfo[39m: Processing chunk 11 of 23 
2026-01-28 19:52:43 [32minfo[39m: Chunk 11 Tokens - Prompt: $21693, Candidates: $711, Thoughts: $8460, Cached: $22484, Total: $53348 
2026-01-28 19:52:43 [32minfo[39m: Chunk 11 Cost - Prompt: $0.010847, Candidates: $0.002133, Thoughts: $0.025380, Cached: $0.001124, Total: $0.039484 
2026-01-28 19:52:43 [32minfo[39m: Processing chunk 12 of 23 
2026-01-28 19:52:43 [32minfo[39m: Chunk 12 Tokens - Prompt: $21693, Candidates: $646, Thoughts: $14071, Cached: $22484, Total: $58894 
2026-01-28 19:52:43 [32minfo[39m: Chunk 12 Cost - Prompt: $0.010847, Candidates: $0.001938, Thoughts: $0.042213, Cached: $0.001124, Total: $0.056122 
2026-01-28 19:52:43 [32minfo[39m: Processing chunk 13 of 23 
2026-01-28 19:52:43 [32minfo[39m: Chunk 13 Tokens - Prompt: $21693, Candidates: $576, Thoughts: $7895, Cached: $22484, Total: $52648 
2026-01-28 19:52:43 [32minfo[39m: Chunk 13 Cost - Prompt: $0.010847, Candidates: $0.001728, Thoughts: $0.023685, Cached: $0.001124, Total: $0.037384 
2026-01-28 19:52:43 [32minfo[39m: Processing chunk 14 of 23 
2026-01-28 19:52:43 [32minfo[39m: Chunk 14 Tokens - Prompt: $21693, Candidates: $469, Thoughts: $12532, Cached: $22484, Total: $57178 
2026-01-28 19:52:43 [32minfo[39m: Chunk 14 Cost - Prompt: $0.010847, Candidates: $0.001407, Thoughts: $0.037596, Cached: $0.001124, Total: $0.050974 
2026-01-28 19:52:43 [32minfo[39m: Processing chunk 15 of 23 
2026-01-28 19:52:43 [32minfo[39m: Chunk 15 Tokens - Prompt: $21693, Candidates: $917, Thoughts: $6262, Cached: $22484, Total: $51356 
2026-01-28 19:52:43 [32minfo[39m: Chunk 15 Cost - Prompt: $0.010847, Candidates: $0.002751, Thoughts: $0.018786, Cached: $0.001124, Total: $0.033508 
2026-01-28 19:52:43 [32minfo[39m: Processing chunk 16 of 23 
2026-01-28 19:52:43 [32minfo[39m: Chunk 16 Tokens - Prompt: $21693, Candidates: $541, Thoughts: $10389, Cached: $22484, Total: $55107 
2026-01-28 19:52:43 [32minfo[39m: Chunk 16 Cost - Prompt: $0.010847, Candidates: $0.001623, Thoughts: $0.031167, Cached: $0.001124, Total: $0.044761 
2026-01-28 19:52:43 [32minfo[39m: Processing chunk 17 of 23 
2026-01-28 19:52:43 [32minfo[39m: Chunk 17 Tokens - Prompt: $21693, Candidates: $1151, Thoughts: $9787, Cached: $22484, Total: $55115 
2026-01-28 19:52:43 [32minfo[39m: Chunk 17 Cost - Prompt: $0.010847, Candidates: $0.003453, Thoughts: $0.029361, Cached: $0.001124, Total: $0.044785 
2026-01-28 19:52:43 [32minfo[39m: Processing chunk 18 of 23 
2026-01-28 19:52:43 [32minfo[39m: Chunk 18 Tokens - Prompt: $21693, Candidates: $958, Thoughts: $2796, Cached: $22484, Total: $47931 
2026-01-28 19:52:43 [32minfo[39m: Chunk 18 Cost - Prompt: $0.010847, Candidates: $0.002874, Thoughts: $0.008388, Cached: $0.001124, Total: $0.023233 
2026-01-28 19:52:43 [32minfo[39m: Processing chunk 19 of 23 
2026-01-28 19:52:43 [32minfo[39m: Chunk 19 Tokens - Prompt: $21693, Candidates: $588, Thoughts: $7705, Cached: $22484, Total: $52470 
2026-01-28 19:52:43 [32minfo[39m: Chunk 19 Cost - Prompt: $0.010847, Candidates: $0.001764, Thoughts: $0.023115, Cached: $0.001124, Total: $0.036850 
2026-01-28 19:52:43 [32minfo[39m: Processing chunk 20 of 23 
2026-01-28 19:52:43 [32minfo[39m: Chunk 20 Tokens - Prompt: $21693, Candidates: $532, Thoughts: $5415, Cached: $22484, Total: $50124 
2026-01-28 19:52:43 [32minfo[39m: Chunk 20 Cost - Prompt: $0.010847, Candidates: $0.001596, Thoughts: $0.016245, Cached: $0.001124, Total: $0.029812 
2026-01-28 19:52:43 [32minfo[39m: Processing chunk 21 of 23 
2026-01-28 19:52:43 [32minfo[39m: Chunk 21 Tokens - Prompt: $21693, Candidates: $424, Thoughts: $9700, Cached: $22484, Total: $54301 
2026-01-28 19:52:43 [32minfo[39m: Chunk 21 Cost - Prompt: $0.010847, Candidates: $0.001272, Thoughts: $0.029100, Cached: $0.001124, Total: $0.042343 
2026-01-28 19:52:43 [32minfo[39m: Processing chunk 22 of 23 
2026-01-28 19:52:43 [32minfo[39m: Chunk 22 Tokens - Prompt: $21693, Candidates: $730, Thoughts: $11177, Cached: $22484, Total: $56084 
2026-01-28 19:52:43 [32minfo[39m: Chunk 22 Cost - Prompt: $0.010847, Candidates: $0.002190, Thoughts: $0.033531, Cached: $0.001124, Total: $0.047692 
2026-01-28 19:52:43 [32minfo[39m: Processing chunk 23 of 23 
2026-01-28 19:52:43 [32minfo[39m: Chunk 23 Tokens - Prompt: $21693, Candidates: $214, Thoughts: $6862, Cached: $22484, Total: $51253 
2026-01-28 19:52:43 [32minfo[39m: Chunk 23 Cost - Prompt: $0.010847, Candidates: $0.000642, Thoughts: $0.020586, Cached: $0.001124, Total: $0.033199 
2026-01-28 19:52:43 [32minfo[39m: Total cost: $0.821413 
2026-01-29 18:01:14 [32minfo[39m: Finding latest CDS file for stanford_university... 
2026-01-29 18:01:24 [32minfo[39m: Finding latest CDS file for stanford_university... 
2026-01-29 18:08:23 [32minfo[39m: Finding latest CDS file for stanford_university... 
2026-01-29 18:08:25 [32minfo[39m: Found CDS link for stanford_university: https://drive.google.com/file/d/12MjIqdzzHiECf6hfRlbU3RmmIy14hl1H/view?usp=sharing (year: 2024) 
2026-01-29 18:08:25 [32minfo[39m: Finding latest CDS file for harvard_university... 
2026-01-29 18:08:27 [32minfo[39m: Found CDS link for harvard_university: https://oira.harvard.edu/files/2025/06/HarvardUniversity_CDS_2024-2025.pdf (year: 2024) 
2026-01-29 18:08:27 [32minfo[39m: Finding latest CDS file for new_york_university... 
2026-01-29 18:08:27 [33mwarn[39m: No CDS links found for new_york_university 
2026-01-29 18:08:27 [32minfo[39m: Finding latest CDS file for massachusetts_institute_of_technology... 
2026-01-29 18:08:29 [33mwarn[39m: No valid CDS link found for massachusetts_institute_of_technology (checked 4 links) 
2026-01-29 18:08:29 [32minfo[39m: Finding latest CDS file for duke_university... 
2026-01-29 18:08:31 [32minfo[39m: Found CDS link for duke_university: https://ir.provost.duke.edu/sites/default/files/CDS-2024-25-Final-2.pdf (year: 2024) 
2026-01-29 18:08:31 [32minfo[39m: Finding latest CDS file for university_of_pennsylvania... 
2026-01-29 18:08:32 [33mwarn[39m: No valid CDS link found for university_of_pennsylvania (checked 16 links) 
2026-01-29 18:08:32 [32minfo[39m: Finding latest CDS file for cornell_university... 
2026-01-29 18:08:34 [32minfo[39m: Found CDS link for cornell_university: http://irp.cornell.edu/wp-content/uploads/2024/04/1000395.pdf (year: 2007) 
2026-01-29 18:08:34 [32minfo[39m: Finding latest CDS file for university_of_california_los_angeles... 
2026-01-29 18:08:35 [33mwarn[39m: No valid CDS link found for university_of_california_los_angeles (checked 1 links) 
2026-01-29 18:08:35 [32minfo[39m: Finding latest CDS file for vanderbilt_university... 
2026-01-29 18:08:36 [33mwarn[39m: No year-specific CDS links found for vanderbilt_university 
2026-01-29 18:08:36 [32minfo[39m: Finding latest CDS file for yale_university... 
2026-01-29 18:08:38 [32minfo[39m: Found CDS link for yale_university: https://oir.yale.edu/sites/default/files/yale_cds_2024-25_rmd_20250612.pdf (year: 2024) 
2026-01-29 18:08:38 [32minfo[39m: Finding latest CDS file for university_of_southern_california... 
2026-01-29 18:08:39 [33mwarn[39m: No valid CDS link found for university_of_southern_california (checked 11 links) 
2026-01-29 18:08:39 [32minfo[39m: Finding latest CDS file for northwestern_university... 
2026-01-29 18:08:41 [33mwarn[39m: No valid CDS link found for northwestern_university (checked 1 links) 
2026-01-29 18:08:41 [32minfo[39m: Finding latest CDS file for georgia_institute_of_technology... 
2026-01-29 18:09:12 [32minfo[39m: Finding latest CDS file for stanford_university... 
2026-01-29 18:09:14 [32minfo[39m: Found CDS link for stanford_university: https://drive.google.com/file/d/12MjIqdzzHiECf6hfRlbU3RmmIy14hl1H/view?usp=sharing (year: 2024) 
2026-01-29 18:09:14 [32minfo[39m: Finding latest CDS file for harvard_university... 
2026-01-29 18:09:15 [32minfo[39m: Found CDS link for harvard_university: https://oira.harvard.edu/files/2025/06/HarvardUniversity_CDS_2024-2025.pdf (year: 2024) 
2026-01-29 18:09:15 [32minfo[39m: Finding latest CDS file for new_york_university... 
2026-01-29 18:09:16 [33mwarn[39m: No CDS links found for new_york_university {
  "allLinks": []
}
2026-01-29 18:09:16 [32minfo[39m: Finding latest CDS file for massachusetts_institute_of_technology... 
2026-01-29 18:09:17 [33mwarn[39m: No valid CDS link found for massachusetts_institute_of_technology (checked 4 links) {
  "linksWithYears": [
    {
      "href": "https://ir.mit.edu/projects/2024-25-common-data-set/",
      "text": "2024-25 Common Data SetBenchmark data to compare general attributes and undergraduate statistics. \n2024-25",
      "year": 2024
    },
    {
      "href": "https://ir.mit.edu/projects/2023-24-common-data-set/",
      "text": "2023-24 Common Data SetBenchmark data to compare general attributes and undergraduate statistics. \n2023-24",
      "year": 2023
    },
    {
      "href": "https://ir.mit.edu/projects/2022-23-common-data-set/",
      "text": "2022-23 Common Data SetBenchmark data to compare general attributes and undergraduate statistics. \n2022-23",
      "year": 2022
    },
    {
      "href": "https://ir.mit.edu/projects/2021-22-common-data-set/",
      "text": "2021-22 Common Data Set2021-22",
      "year": 2021
    }
  ]
}
2026-01-29 18:09:17 [32minfo[39m: Finding latest CDS file for duke_university... 
2026-01-29 19:24:07 [32minfo[39m: Finding latest CDS file for stanford_university... 
2026-01-29 19:24:09 [32minfo[39m: Found CDS link for stanford_university: https://drive.google.com/file/d/12MjIqdzzHiECf6hfRlbU3RmmIy14hl1H/view?usp=sharing (year: 2024) 
2026-01-29 19:24:09 [32minfo[39m: Finding latest CDS file for harvard_university... 
2026-01-29 19:24:10 [32minfo[39m: Found CDS link for harvard_university: https://oira.harvard.edu/files/2025/06/HarvardUniversity_CDS_2024-2025.pdf (year: 2024) 
2026-01-29 19:24:11 [32minfo[39m: Finding latest CDS file for new_york_university... 
2026-01-29 19:24:11 [33mwarn[39m: No CDS links found for new_york_university {
  "allLinks": []
}
2026-01-29 19:24:11 [32minfo[39m: Finding latest CDS file for massachusetts_institute_of_technology... 
2026-01-29 19:24:13 [32minfo[39m: Found CDS link for massachusetts_institute_of_technology: https://ir.mit.edu/projects/2024-25-common-data-set/ (year: 2024) 
2026-01-29 19:24:13 [32minfo[39m: Finding latest CDS file for duke_university... 
2026-01-29 19:24:15 [32minfo[39m: Found CDS link for duke_university: https://ir.provost.duke.edu/sites/default/files/CDS-2024-25-Final-2.pdf (year: 2024) 
2026-01-29 19:24:15 [32minfo[39m: Finding latest CDS file for university_of_pennsylvania... 
2026-01-29 19:24:16 [32minfo[39m: Found CDS link for university_of_pennsylvania: https://upenn.box.com/s/ckv4frz37rzxa4u6bdiv2h4yzykqm4ef (year: 2024) 
2026-01-29 19:24:16 [32minfo[39m: Finding latest CDS file for cornell_university... 
2026-01-29 19:24:18 [32minfo[39m: Found CDS link for cornell_university: http://irp.cornell.edu/wp-content/uploads/2024/04/1000420.pdf#pagemode=bookmarks (year: 2008) 
2026-01-29 19:24:18 [32minfo[39m: Finding latest CDS file for university_of_california_los_angeles... 
2026-01-29 19:24:19 [32minfo[39m: Found CDS link for university_of_california_los_angeles: https://apb.ucla.edu/file/d1ab04b3-ee89-4cf2-9124-8dc0471b5e5a (year: 2025) 
2026-01-29 19:24:19 [32minfo[39m: Finding latest CDS file for vanderbilt_university... 
2026-01-29 19:24:20 [33mwarn[39m: No year-specific CDS links found for vanderbilt_university 
2026-01-29 19:24:20 [32minfo[39m: Finding latest CDS file for yale_university... 
2026-01-29 19:24:22 [32minfo[39m: Found CDS link for yale_university: https://oir.yale.edu/sites/default/files/yale_cds_2024-25_rmd_20250612.pdf (year: 2024) 
2026-01-29 19:24:22 [32minfo[39m: Finding latest CDS file for university_of_southern_california... 
2026-01-29 19:24:23 [32minfo[39m: Found CDS link for university_of_southern_california: https://oir.usc.edu/common-data-set-archive/common-data-set-2024-2025/ (year: 2024) 
2026-01-29 19:24:23 [32minfo[39m: Finding latest CDS file for northwestern_university... 
2026-01-29 19:24:25 [32minfo[39m: Found CDS link for northwestern_university: https://www.enrollment.northwestern.edu/data/common-data-set.html# (year: 2024) 
2026-01-29 19:24:25 [32minfo[39m: Finding latest CDS file for georgia_institute_of_technology... 
2026-01-29 19:24:26 [33mwarn[39m: No CDS links found for georgia_institute_of_technology {
  "allLinks": [
    {
      "href": "https://irp.gatech.edu/common-data-set#main-navigation",
      "text": "Skip to main navigation"
    },
    {
      "href": "https://irp.gatech.edu/common-data-set#main-content",
      "text": "Skip to main content"
    },
    {
      "href": "https://www.gatech.edu/",
      "text": ""
    },
    {
      "href": "",
      "text": ""
    },
    {
      "href": "https://irp.gatech.edu/home",
      "text": "Home"
    },
    {
      "href": "https://irp.gatech.edu/files/infographics/2024/GT_IRP_What_We_Do.pdf",
      "text": "What We Do"
    },
    {
      "href": "https://irp.gatech.edu/IRP-staff",
      "text": "Meet the Team"
    },
    {
      "href": "https://irp.gatech.edu/irp-memberships",
      "text": "IRP Memberships"
    },
    {
      "href": "https://irp.gatech.edu/files/IRP/strategic-plan/IRP-Strategic.Plan-10June2021.pdf",
      "text": "IRP Strategic Plan"
    },
    {
      "href": "https://irp.gatech.edu/fact-book",
      "text": "Fact Book"
    },
    {
      "href": "https://irp.gatech.edu/infographics",
      "text": "Infographics"
    },
    {
      "href": "https://irp.gatech.edu/irp-news",
      "text": "IRP News"
    },
    {
      "href": "https://irp.gatech.edu/research-reports",
      "text": "Research/Reports"
    },
    {
      "href": "https://irp.gatech.edu/dashboard-gallery",
      "text": "Dashboards"
    },
    {
      "href": "https://irp.gatech.edu/resources",
      "text": "Resources"
    },
    {
      "href": "https://irp.gatech.edu/student-achievement-public-disclosure",
      "text": "Student Achievement"
    },
    {
      "href": "https://irp.gatech.edu/disclosures/student-demographics",
      "text": "Student Demographics"
    },
    {
      "href": "https://students.gatech.edu/right-to-know",
      "text": "Students' Right-to-Know"
    },
    {
      "href": "https://irp.gatech.edu/disclosures/faculty-demographics",
      "text": "Faculty Demographics"
    },
    {
      "href": "https://irp.gatech.edu/disclosures/facilities-and-housing",
      "text": "Facilities and Housing"
    },
    {
      "href": "https://irp.gatech.edu/college-engineering-public-disclosure",
      "text": "College of Engineering"
    },
    {
      "href": "https://irp.gatech.edu/submit-a-request",
      "text": "Submit a Request"
    },
    {
      "href": "https://irp.gatech.edu/common-data-set#search-container",
      "text": ""
    },
    {
      "href": "",
      "text": ""
    },
    {
      "href": "mailto:cds@collegeboard.org",
      "text": "cds@collegeboard.org"
    },
    {
      "href": "https://irp.gatech.edu/files/CDS/CDS_2020.pdf",
      "text": "2020-21"
    },
    {
      "href": "https://irp.gatech.edu/files/CDS/CDS_2021.pdf",
      "text": "2021-22"
    },
    {
      "href": "https://irp.gatech.edu/files/CDS/CDS_2022-2023%20FINAL_R1.pdf",
      "text": "2022-23"
    },
    {
      "href": "https://irp.gatech.edu/files/CDS/CDS_2023-2024_V3.pdf",
      "text": "2023-24"
    },
    {
      "href": "https://irp.gatech.edu/files/CDS/CDS_2024-2025_FINAL_20FEB2025.pdf",
      "text": "2024-25"
    },
    {
      "href": "https://irp.gatech.edu/files/CDS/CDS_2025-2026_FINAL_23JAN2026.pdf",
      "text": "2025-26"
    },
    {
      "href": "https://irp.gatech.edu/files/CDS/CDS_2019.pdf",
      "text": "2019-20"
    },
    {
      "href": "https://irp.gatech.edu/files/CDS/CDS_2018-2019_FINAL_01-July-2019.pdf",
      "text": "2018-19"
    },
    {
      "href": "https://irp.gatech.edu/files/CDS/cds_2017_updated.pdf",
      "text": "2017-18"
    },
    {
      "href": "https://irp.gatech.edu/files/CDS/cds_2016_updated.pdf",
      "text": "2016-17"
    },
    {
      "href": "https://irp.gatech.edu/files/CDS/cds_2015.pdf",
      "text": "2015-16"
    },
    {
      "href": "https://irp.gatech.edu/files/CDS/cds_2014.pdf",
      "text": "2014-15"
    },
    {
      "href": "https://irp.gatech.edu/files/CDS/cds_2013.pdf",
      "text": "2013-14"
    },
    {
      "href": "https://irp.gatech.edu/files/CDS/cds_2012.pdf",
      "text": "2012-13"
    },
    {
      "href": "https://irp.gatech.edu/files/CDS/cds_2011.pdf",
      "text": "2011-12"
    },
    {
      "href": "https://irp.gatech.edu/files/CDS/cds_2010.pdf",
      "text": "2010-11"
    },
    {
      "href": "https://irp.gatech.edu/files/CDS/cds_2009.pdf",
      "text": "2009-10"
    },
    {
      "href": "https://irp.gatech.edu/files/CDS/cds_2008.pdf",
      "text": "2008-09"
    },
    {
      "href": "https://irp.gatech.edu/files/CDS/cds_2007.pdf",
      "text": "2007-08"
    },
    {
      "href": "https://irp.gatech.edu/files/CDS/cds_2006.pdf",
      "text": "2006-07"
    },
    {
      "href": "https://irp.gatech.edu/files/CDS/cds_2005.pdf",
      "text": "2005-06"
    },
    {
      "href": "https://irp.gatech.edu/files/CDS/cds_2004.pdf",
      "text": "2004-05"
    },
    {
      "href": "https://irp.gatech.edu/files/CDS/cds_2003.pdf",
      "text": "2003-04"
    },
    {
      "href": "tel: +14048942000",
      "text": "+1 404.894.2000"
    },
    {
      "href": "https://map.gatech.edu/",
      "text": "Campus Map"
    },
    {
      "href": "https://irp.gatech.edu/common-data-set",
      "text": "General"
    },
    {
      "href": "https://directory.gatech.edu/",
      "text": "Directory"
    },
    {
      "href": "https://careers.gatech.edu/",
      "text": "Employment"
    },
    {
      "href": "https://www.gatech.edu/emergency/",
      "text": "Emergency Information"
    },
    {
      "href": "https://irp.gatech.edu/common-data-set",
      "text": "Legal"
    },
    {
      "href": "https://www.policylibrary.gatech.edu/employment/equal-opportunity-nondiscrimination-and-anti-harassment-policy",
      "text": "Equal Opportunity, Nondiscrimination, and Anti-Harassment Policy"
    },
    {
      "href": "https://www.gatech.edu/legal/",
      "text": "Legal & Privacy Information"
    },
    {
      "href": "https://gbi.georgia.gov/human-trafficking-notice",
      "text": "Human Trafficking Notice"
    },
    {
      "href": "https://titleix.gatech.edu/",
      "text": "Title IX/Sexual Misconduct"
    },
    {
      "href": "https://osi.gatech.edu/hazing-conduct-history",
      "text": "Hazing Public Disclosures"
    },
    {
      "href": "https://www.gatech.edu/accessibility/",
      "text": "Accessibility"
    },
    {
      "href": "https://www.gatech.edu/accountability/",
      "text": "Accountability"
    },
    {
      "href": "https://www.gatech.edu/accreditation/",
      "text": "Accreditation"
    },
    {
      "href": "https://secure.ethicspoint.com/domain/media/en/gui/76612/index.html",
      "text": "Report Free Speech and Censorship Concern"
    },
    {
      "href": "https://www.gatech.edu/",
      "text": ""
    },
    {
      "href": "https://irp.gatech.edu/cas",
      "text": "GT LOGIN"
    }
  ]
}
2026-01-29 19:24:26 [32minfo[39m: Finding latest CDS file for princeton_university... 
2026-01-29 19:24:27 [33mwarn[39m: No CDS links found for princeton_university {
  "allLinks": [
    {
      "href": "https://www.cloudflare.com/?utm_source=challenge&utm_campaign=m",
      "text": "Cloudflare"
    }
  ]
}
2026-01-29 19:24:28 [32minfo[39m: Finding latest CDS file for boston_college... 
2026-01-29 19:24:29 [32minfo[39m: Found CDS link for boston_college: https://www.bc.edu/content/dam/bc1/offices/irp/ir/cds/Boston_College_CDS_2024-2025_Final.pdf (year: 2024) 
2026-01-29 19:24:29 [32minfo[39m: Finding latest CDS file for northeastern_university... 
2026-01-29 19:24:32 [33mwarn[39m: No year-specific CDS links found for northeastern_university 
2026-01-29 19:24:32 [32minfo[39m: Finding latest CDS file for columbia_university... 
2026-01-29 19:24:33 [33mwarn[39m: No CDS links found for columbia_university {
  "allLinks": [
    {
      "href": "https://www.cloudflare.com/?utm_source=challenge&utm_campaign=m",
      "text": "Cloudflare"
    }
  ]
}
2026-01-29 19:24:33 [32minfo[39m: Finding latest CDS file for university_of_virginia... 
2026-01-29 19:24:34 [33mwarn[39m: No CDS links found for university_of_virginia {
  "allLinks": [
    {
      "href": "https://www.cloudflare.com/?utm_source=challenge&utm_campaign=m",
      "text": "Cloudflare"
    }
  ]
}
2026-01-29 19:24:34 [32minfo[39m: Finding latest CDS file for brown_university... 
2026-01-29 19:24:35 [33mwarn[39m: No year-specific CDS links found for brown_university 
2026-01-29 19:24:35 [32minfo[39m: Finding latest CDS file for georgetown_university... 
2026-01-29 19:24:37 [32minfo[39m: Found CDS link for georgetown_university: https://georgetown.box.com/s/rp4p2ly4ej2tsikv827pl48psmb68quv (year: 2024) 
2026-01-29 19:24:37 [32minfo[39m: Finding latest CDS file for purdue_university... 
2026-01-29 19:24:40 [33mwarn[39m: No year-specific CDS links found for purdue_university 
2026-01-29 19:24:40 [32minfo[39m: Finding latest CDS file for university_of_california_berkeley... 
2026-01-29 19:24:41 [33mwarn[39m: No year-specific CDS links found for university_of_california_berkeley 
2026-01-29 19:24:41 [32minfo[39m: Finding latest CDS file for university_of_florida... 
2026-01-29 19:24:43 [32minfo[39m: Found CDS link for university_of_florida:  (year: 2024) 
2026-01-29 19:24:43 [32minfo[39m: Finding latest CDS file for dartmouth_college... 
2026-01-29 19:24:45 [32minfo[39m: Found CDS link for dartmouth_college: https://www.dartmouth.edu/oir/pdfs/cds_2024-2025.pdf (year: 2024) 
2026-01-29 19:24:45 [32minfo[39m: Finding latest CDS file for university_of_texas_at_austin... 
2026-01-29 19:24:46 [33mwarn[39m: No year-specific CDS links found for university_of_texas_at_austin 
2026-01-29 19:24:46 [32minfo[39m: Finding latest CDS file for university_of_michigan... 
2026-01-29 19:24:47 [33mwarn[39m: No CDS links found for university_of_michigan {
  "allLinks": [
    {
      "href": "https://www.cloudflare.com/?utm_source=challenge&utm_campaign=m",
      "text": "Cloudflare"
    }
  ]
}
2026-01-29 19:24:47 [32minfo[39m: Finding latest CDS file for university_of_chicago... 
2026-01-29 19:24:50 [32minfo[39m: Found CDS link for university_of_chicago: https://data.uchicago.edu/files/2025/08/CDS_2024-2025_to_publish.pdf (year: 2024) 
2026-01-29 19:24:50 [32minfo[39m: Finding latest CDS file for university_of_notre_dame... 
2026-01-29 19:24:51 [33mwarn[39m: No year-specific CDS links found for university_of_notre_dame 
2026-01-29 19:24:51 [32minfo[39m: Finding latest CDS file for johns_hopkins_university... 
2026-01-29 19:24:51 [33mwarn[39m: No CDS links found for johns_hopkins_university {
  "allLinks": [
    {
      "href": "https://www.cloudflare.com/5xx-error-landing",
      "text": "Cloudflare"
    }
  ]
}
2026-01-29 19:24:51 [32minfo[39m: Finding latest CDS file for university_of_georgia... 
2026-01-29 19:24:54 [33mwarn[39m: No year-specific CDS links found for university_of_georgia 
2026-01-29 19:24:54 [32minfo[39m: Finding latest CDS file for university_of_north_carolina_at_chapel_hill... 
2026-01-29 19:24:56 [33mwarn[39m: No CDS links found for university_of_north_carolina_at_chapel_hill {
  "allLinks": [
    {
      "href": "https://www.unc.edu/about/privacy-statement/",
      "text": "Privacy Notice"
    },
    {
      "href": "https://oira.unc.edu/reports/reports-archives/common-data-set/#unc-search",
      "text": "skip to the end of the global utility bar"
    },
    {
      "href": "http://www.unc.edu/",
      "text": "The University of North Carolina at Chapel Hill"
    },
    {
      "href": "https://www.unc.edu/about/accessibility/",
      "text": "Accessibility"
    },
    {
      "href": "https://www.unc.edu/events/",
      "text": "Events"
    },
    {
      "href": "http://library.unc.edu/",
      "text": "Libraries"
    },
    {
      "href": "https://maps.unc.edu/",
      "text": "Maps"
    },
    {
      "href": "https://www.unc.edu/a-z/",
      "text": "Departments"
    },
    {
      "href": "https://connectcarolina.unc.edu/",
      "text": "ConnectCarolina"
    },
    {
      "href": "https://www.unc.edu/search",
      "text": "UNC Search"
    },
    {
      "href": "https://oira.unc.edu/reports/reports-archives/common-data-set/#main",
      "text": "skip to main"
    },
    {
      "href": "https://oira.unc.edu/reports/reports-archives/common-data-set/#maincontent",
      "text": "Skip to main content"
    },
    {
      "href": "https://oira.unc.edu/",
      "text": ""
    },
    {
      "href": "https://oira.unc.edu/",
      "text": "OIRA"
    },
    {
      "href": "https://oira.unc.edu/reports/",
      "text": "Analytic Reports"
    },
    {
      "href": "https://oira.unc.edu/reports/",
      "text": "Analytic Reports"
    },
    {
      "href": "https://oira.unc.edu/reports/reports-archives/",
      "text": "Report Library"
    },
    {
      "href": "https://assessment.unc.edu/",
      "text": "Assessment"
    },
    {
      "href": "https://oira.unc.edu/student-achievement-goals-and-success/",
      "text": "Goals and Success"
    },
    {
      "href": "https://oira.unc.edu/strategic-planning/",
      "text": "Strategic Planning"
    },
    {
      "href": "https://oira.unc.edu/accreditation/",
      "text": "Accreditation"
    },
    {
      "href": "https://oira.unc.edu/oira/unc-system-defined-peer-group/",
      "text": "Peer Groups"
    },
    {
      "href": "https://oira.unc.edu/",
      "text": "Home"
    },
    {
      "href": "https://oira.unc.edu/reports/",
      "text": "Analytic Reports"
    },
    {
      "href": "https://oira.unc.edu/reports/reports-archives/",
      "text": "Report Library"
    },
    {
      "href": "",
      "text": ""
    },
    {
      "href": "https://oira.unc.edu/wp-content/uploads/sites/297/2025/08/CDS_UNCCH_2024-25_20250829.pdf",
      "text": "2024-25"
    },
    {
      "href": "https://oira.unc.edu/wp-content/uploads/sites/297/2024/07/CDS_PUBLISHED_2023_2024_07162024.pdf",
      "text": "2023-24"
    },
    {
      "href": "https://oira.unc.edu/wp-content/uploads/sites/297/2024/02/CDS_2022-23_20240206.pdf",
      "text": "2022-23"
    },
    {
      "href": "https://oira.unc.edu/wp-content/uploads/sites/297/2023/08/CDS_2021-22_20230825.pdf",
      "text": "2021-22"
    },
    {
      "href": "https://oira.unc.edu/wp-content/uploads/sites/297/2022/07/CDS_2020-21_20220705.pdf",
      "text": "2020-21"
    },
    {
      "href": "https://oira.unc.edu/wp-content/uploads/sites/297/2020/12/CDS_2019-2020_20201201.pdf",
      "text": "2019-20"
    },
    {
      "href": "https://oira.unc.edu/wp-content/uploads/sites/297/2020/05/CDS_2018-2019_20200513.pdf",
      "text": "2018-19"
    },
    {
      "href": "https://oira.unc.edu/wp-content/uploads/sites/297/2018/06/CDS_2017-2018_20180605.pdf",
      "text": "2017-18"
    },
    {
      "href": "https://oira.unc.edu/wp-content/uploads/sites/297/2018/03/cds_2016_2017_20180315.pdf",
      "text": "2016-17"
    },
    {
      "href": "https://oira.unc.edu/wp-content/uploads/sites/297/2017/07/CDS_2015-2016_2016041416.pdf",
      "text": "2015-16"
    },
    {
      "href": "https://oira.unc.edu/wp-content/uploads/sites/297/2018/03/CH-CDS_2014-2015-Final-March-22-2018-Revision.pdf",
      "text": "2014-15"
    },
    {
      "href": "https://oira.unc.edu/wp-content/uploads/sites/297/2017/07/cds_2013_2014.pdf",
      "text": "2013-14"
    },
    {
      "href": "https://oira.unc.edu/wp-content/uploads/sites/297/2018/03/CDS-12-13-March-22-2018-Revision.pdf",
      "text": "2012-13"
    },
    {
      "href": "https://oira.unc.edu/wp-content/uploads/sites/297/2017/07/cds_2011_2012.pdf",
      "text": "2011-12"
    },
    {
      "href": "https://oira.unc.edu/wp-content/uploads/sites/297/2017/07/cds_2010_2011.pdf",
      "text": "2010-11"
    },
    {
      "href": "https://oira.unc.edu/wp-content/uploads/sites/297/2017/07/cds_2009_2010.pdf",
      "text": "2009-10"
    },
    {
      "href": "https://oira.unc.edu/wp-content/uploads/sites/297/2017/07/cds_2008_2009.pdf",
      "text": "2008-09"
    },
    {
      "href": "https://oira.unc.edu/wp-content/uploads/sites/297/2017/07/cds_2007_2008_final.pdf",
      "text": "2007-08"
    },
    {
      "href": "https://oira.unc.edu/wp-content/uploads/sites/297/2017/07/cds_2006_2007.pdf",
      "text": "2006-07"
    },
    {
      "href": "https://oira.unc.edu/wp-content/uploads/sites/297/2017/07/cds_2005_2006.pdf",
      "text": "2005-06"
    },
    {
      "href": "https://oira.unc.edu/wp-content/uploads/sites/297/2017/07/cds_2004_2005.pdf",
      "text": "2004-05"
    },
    {
      "href": "https://oira.unc.edu/wp-content/uploads/sites/297/2017/07/cds_2003-2004.pdf",
      "text": "2003-04"
    },
    {
      "href": "https://oira.unc.edu/wp-content/uploads/sites/297/2017/07/cds_2002_2003.pdf",
      "text": "2002-03"
    },
    {
      "href": "https://oira.unc.edu/wp-content/uploads/sites/297/2017/07/cds_2001_2002.pdf",
      "text": "2001-02"
    },
    {
      "href": "https://oira.unc.edu/wp-content/uploads/sites/297/2017/07/cds_2000_2001.pdf",
      "text": "2000-01"
    },
    {
      "href": "https://oira.unc.edu/wp-content/uploads/sites/297/2017/07/cds_1999_2000.pdf",
      "text": "1999-00"
    },
    {
      "href": "mailto:oira@unc.edu",
      "text": "oira@unc.edu"
    },
    {
      "href": "tel:919-962-1500",
      "text": "(919) 962-1500"
    },
    {
      "href": "",
      "text": "More About OIRA (Pending)"
    },
    {
      "href": "http://research.unc.edu/about/facts-rankings/",
      "text": "Research"
    },
    {
      "href": "https://finance.unc.edu/",
      "text": "Finance and Administration"
    },
    {
      "href": "https://studentaffairs.unc.edu/about-us/annual-reports/",
      "text": "Student Affairs"
    },
    {
      "href": "http://library.unc.edu/",
      "text": "Libraries"
    },
    {
      "href": "http://admissions.unc.edu/",
      "text": "Undergraduate Admissions"
    },
    {
      "href": "http://gradschool.unc.edu/about/data/",
      "text": "The Graduate School"
    },
    {
      "href": "http://registrar.unc.edu/",
      "text": "Registrar"
    },
    {
      "href": "https://its.unc.edu/services/business-intelligence-reporting/",
      "text": "Enterprise Reporting, Analytics & Data (ITS)"
    },
    {
      "href": "https://www.northcarolina.edu/impact/stats-data-reports/",
      "text": "UNC System"
    },
    {
      "href": "https://www.ed.gov/",
      "text": "U.S. Department of Education"
    },
    {
      "href": "https://oira.unc.edu/additional-resources/",
      "text": "Get More Resources"
    },
    {
      "href": "https://oira.unc.edu/how-to-use-this-site/",
      "text": "How do I use this web site?"
    },
    {
      "href": "https://oira.unc.edu/reports/reports-archives/fact-books/",
      "text": "Where is the fact book?"
    },
    {
      "href": "https://oira.unc.edu/reporting-schedule/",
      "text": "When are the Reports updated?"
    },
    {
      "href": "https://oira.unc.edu/frequently-asked-questions/",
      "text": "Get More FAQs"
    }
  ]
}
2026-01-29 19:24:56 [32minfo[39m: Finding latest CDS file for university_of_illinois_urbana_champaign... 
2026-01-29 19:24:57 [33mwarn[39m: No year-specific CDS links found for university_of_illinois_urbana_champaign 
2026-01-29 19:24:57 [32minfo[39m: Finding latest CDS file for washington_university_in_st_louis... 
2026-01-29 19:24:58 [32minfo[39m: Found CDS link for washington_university_in_st_louis: https://washu.edu/app/uploads/2025/06/2024-2025-WashU-CDS.pdf (year: 2024) 
2026-01-29 19:24:58 [32minfo[39m: Finding latest CDS file for rice_university... 
2026-01-29 19:24:59 [33mwarn[39m: No year-specific CDS links found for rice_university 
2026-01-29 19:24:59 [32minfo[39m: Finding latest CDS file for rutgers_university... 
2026-01-29 19:26:13 [32minfo[39m: Finding latest CDS file for stanford_university... 
2026-01-29 19:26:15 [32minfo[39m: Found CDS link for stanford_university: https://drive.google.com/file/d/12MjIqdzzHiECf6hfRlbU3RmmIy14hl1H/view?usp=sharing (year: 2024) 
2026-01-29 19:26:15 [32minfo[39m: Finding latest CDS file for harvard_university... 
2026-01-29 19:26:22 [32minfo[39m: Finding latest CDS file for stanford_university... 
2026-01-29 19:26:24 [32minfo[39m: Found CDS link for stanford_university: https://drive.google.com/file/d/12MjIqdzzHiECf6hfRlbU3RmmIy14hl1H/view?usp=sharing (year: 2024) 
2026-01-29 19:26:24 [32minfo[39m: Finding latest CDS file for harvard_university... 
2026-01-29 19:26:25 [32minfo[39m: Found CDS link for harvard_university: https://oira.harvard.edu/files/2025/06/HarvardUniversity_CDS_2024-2025.pdf (year: 2024) 
2026-01-29 19:26:25 [32minfo[39m: Finding latest CDS file for new_york_university... 
2026-01-29 19:26:25 [33mwarn[39m: No CDS links found for new_york_university {
  "allLinks": []
}
2026-01-29 19:26:26 [32minfo[39m: Finding latest CDS file for massachusetts_institute_of_technology... 
2026-01-29 19:26:27 [32minfo[39m: Found CDS link for massachusetts_institute_of_technology: https://ir.mit.edu/projects/2024-25-common-data-set/ (year: 2024) 
2026-01-29 19:26:27 [32minfo[39m: Finding latest CDS file for duke_university... 
2026-01-29 19:26:28 [32minfo[39m: Found CDS link for duke_university: https://ir.provost.duke.edu/sites/default/files/CDS-2024-25-Final-2.pdf (year: 2024) 
2026-01-29 19:26:29 [32minfo[39m: Finding latest CDS file for university_of_pennsylvania... 
2026-01-29 19:26:30 [32minfo[39m: Found CDS link for university_of_pennsylvania: https://upenn.box.com/s/ckv4frz37rzxa4u6bdiv2h4yzykqm4ef (year: 2024) 
2026-01-29 19:26:30 [32minfo[39m: Finding latest CDS file for cornell_university... 
2026-01-29 19:26:31 [32minfo[39m: Found CDS link for cornell_university: http://irp.cornell.edu/wp-content/uploads/2024/04/1000420.pdf#pagemode=bookmarks (year: 2008) 
2026-01-29 19:26:31 [32minfo[39m: Finding latest CDS file for university_of_california_los_angeles... 
2026-01-29 19:26:32 [32minfo[39m: Found CDS link for university_of_california_los_angeles: https://apb.ucla.edu/file/d1ab04b3-ee89-4cf2-9124-8dc0471b5e5a (year: 2025) 
2026-01-29 19:26:32 [32minfo[39m: Finding latest CDS file for vanderbilt_university... 
2026-01-29 19:26:34 [33mwarn[39m: No year-specific CDS links found for vanderbilt_university 
2026-01-29 19:26:34 [32minfo[39m: Finding latest CDS file for yale_university... 
2026-01-29 19:26:35 [32minfo[39m: Found CDS link for yale_university: https://oir.yale.edu/sites/default/files/yale_cds_2024-25_rmd_20250612.pdf (year: 2024) 
2026-01-29 19:26:35 [32minfo[39m: Finding latest CDS file for university_of_southern_california... 
2026-01-29 19:26:36 [32minfo[39m: Found CDS link for university_of_southern_california: https://oir.usc.edu/common-data-set-archive/common-data-set-2024-2025/ (year: 2024) 
2026-01-29 19:26:36 [32minfo[39m: Finding latest CDS file for northwestern_university... 
2026-01-29 19:26:38 [32minfo[39m: Found CDS link for northwestern_university: https://www.enrollment.northwestern.edu/data/common-data-set.html# (year: 2024) 
2026-01-29 19:26:38 [32minfo[39m: Finding latest CDS file for georgia_institute_of_technology... 
2026-01-29 19:26:39 [33mwarn[39m: No CDS links found for georgia_institute_of_technology {
  "allLinks": [
    {
      "href": "https://irp.gatech.edu/common-data-set#main-navigation",
      "text": "Skip to main navigation"
    },
    {
      "href": "https://irp.gatech.edu/common-data-set#main-content",
      "text": "Skip to main content"
    },
    {
      "href": "https://www.gatech.edu/",
      "text": ""
    },
    {
      "href": "",
      "text": ""
    },
    {
      "href": "https://irp.gatech.edu/home",
      "text": "Home"
    },
    {
      "href": "https://irp.gatech.edu/files/infographics/2024/GT_IRP_What_We_Do.pdf",
      "text": "What We Do"
    },
    {
      "href": "https://irp.gatech.edu/IRP-staff",
      "text": "Meet the Team"
    },
    {
      "href": "https://irp.gatech.edu/irp-memberships",
      "text": "IRP Memberships"
    },
    {
      "href": "https://irp.gatech.edu/files/IRP/strategic-plan/IRP-Strategic.Plan-10June2021.pdf",
      "text": "IRP Strategic Plan"
    },
    {
      "href": "https://irp.gatech.edu/fact-book",
      "text": "Fact Book"
    },
    {
      "href": "https://irp.gatech.edu/infographics",
      "text": "Infographics"
    },
    {
      "href": "https://irp.gatech.edu/irp-news",
      "text": "IRP News"
    },
    {
      "href": "https://irp.gatech.edu/research-reports",
      "text": "Research/Reports"
    },
    {
      "href": "https://irp.gatech.edu/dashboard-gallery",
      "text": "Dashboards"
    },
    {
      "href": "https://irp.gatech.edu/resources",
      "text": "Resources"
    },
    {
      "href": "https://irp.gatech.edu/student-achievement-public-disclosure",
      "text": "Student Achievement"
    },
    {
      "href": "https://irp.gatech.edu/disclosures/student-demographics",
      "text": "Student Demographics"
    },
    {
      "href": "https://students.gatech.edu/right-to-know",
      "text": "Students' Right-to-Know"
    },
    {
      "href": "https://irp.gatech.edu/disclosures/faculty-demographics",
      "text": "Faculty Demographics"
    },
    {
      "href": "https://irp.gatech.edu/disclosures/facilities-and-housing",
      "text": "Facilities and Housing"
    },
    {
      "href": "https://irp.gatech.edu/college-engineering-public-disclosure",
      "text": "College of Engineering"
    },
    {
      "href": "https://irp.gatech.edu/submit-a-request",
      "text": "Submit a Request"
    },
    {
      "href": "https://irp.gatech.edu/common-data-set#search-container",
      "text": ""
    },
    {
      "href": "",
      "text": ""
    },
    {
      "href": "mailto:cds@collegeboard.org",
      "text": "cds@collegeboard.org"
    },
    {
      "href": "https://irp.gatech.edu/files/CDS/CDS_2020.pdf",
      "text": "2020-21"
    },
    {
      "href": "https://irp.gatech.edu/files/CDS/CDS_2021.pdf",
      "text": "2021-22"
    },
    {
      "href": "https://irp.gatech.edu/files/CDS/CDS_2022-2023%20FINAL_R1.pdf",
      "text": "2022-23"
    },
    {
      "href": "https://irp.gatech.edu/files/CDS/CDS_2023-2024_V3.pdf",
      "text": "2023-24"
    },
    {
      "href": "https://irp.gatech.edu/files/CDS/CDS_2024-2025_FINAL_20FEB2025.pdf",
      "text": "2024-25"
    },
    {
      "href": "https://irp.gatech.edu/files/CDS/CDS_2025-2026_FINAL_23JAN2026.pdf",
      "text": "2025-26"
    },
    {
      "href": "https://irp.gatech.edu/files/CDS/CDS_2019.pdf",
      "text": "2019-20"
    },
    {
      "href": "https://irp.gatech.edu/files/CDS/CDS_2018-2019_FINAL_01-July-2019.pdf",
      "text": "2018-19"
    },
    {
      "href": "https://irp.gatech.edu/files/CDS/cds_2017_updated.pdf",
      "text": "2017-18"
    },
    {
      "href": "https://irp.gatech.edu/files/CDS/cds_2016_updated.pdf",
      "text": "2016-17"
    },
    {
      "href": "https://irp.gatech.edu/files/CDS/cds_2015.pdf",
      "text": "2015-16"
    },
    {
      "href": "https://irp.gatech.edu/files/CDS/cds_2014.pdf",
      "text": "2014-15"
    },
    {
      "href": "https://irp.gatech.edu/files/CDS/cds_2013.pdf",
      "text": "2013-14"
    },
    {
      "href": "https://irp.gatech.edu/files/CDS/cds_2012.pdf",
      "text": "2012-13"
    },
    {
      "href": "https://irp.gatech.edu/files/CDS/cds_2011.pdf",
      "text": "2011-12"
    },
    {
      "href": "https://irp.gatech.edu/files/CDS/cds_2010.pdf",
      "text": "2010-11"
    },
    {
      "href": "https://irp.gatech.edu/files/CDS/cds_2009.pdf",
      "text": "2009-10"
    },
    {
      "href": "https://irp.gatech.edu/files/CDS/cds_2008.pdf",
      "text": "2008-09"
    },
    {
      "href": "https://irp.gatech.edu/files/CDS/cds_2007.pdf",
      "text": "2007-08"
    },
    {
      "href": "https://irp.gatech.edu/files/CDS/cds_2006.pdf",
      "text": "2006-07"
    },
    {
      "href": "https://irp.gatech.edu/files/CDS/cds_2005.pdf",
      "text": "2005-06"
    },
    {
      "href": "https://irp.gatech.edu/files/CDS/cds_2004.pdf",
      "text": "2004-05"
    },
    {
      "href": "https://irp.gatech.edu/files/CDS/cds_2003.pdf",
      "text": "2003-04"
    },
    {
      "href": "tel: +14048942000",
      "text": "+1 404.894.2000"
    },
    {
      "href": "https://map.gatech.edu/",
      "text": "Campus Map"
    },
    {
      "href": "https://irp.gatech.edu/common-data-set",
      "text": "General"
    },
    {
      "href": "https://directory.gatech.edu/",
      "text": "Directory"
    },
    {
      "href": "https://careers.gatech.edu/",
      "text": "Employment"
    },
    {
      "href": "https://www.gatech.edu/emergency/",
      "text": "Emergency Information"
    },
    {
      "href": "https://irp.gatech.edu/common-data-set",
      "text": "Legal"
    },
    {
      "href": "https://www.policylibrary.gatech.edu/employment/equal-opportunity-nondiscrimination-and-anti-harassment-policy",
      "text": "Equal Opportunity, Nondiscrimination, and Anti-Harassment Policy"
    },
    {
      "href": "https://www.gatech.edu/legal/",
      "text": "Legal & Privacy Information"
    },
    {
      "href": "https://gbi.georgia.gov/human-trafficking-notice",
      "text": "Human Trafficking Notice"
    },
    {
      "href": "https://titleix.gatech.edu/",
      "text": "Title IX/Sexual Misconduct"
    },
    {
      "href": "https://osi.gatech.edu/hazing-conduct-history",
      "text": "Hazing Public Disclosures"
    },
    {
      "href": "https://www.gatech.edu/accessibility/",
      "text": "Accessibility"
    },
    {
      "href": "https://www.gatech.edu/accountability/",
      "text": "Accountability"
    },
    {
      "href": "https://www.gatech.edu/accreditation/",
      "text": "Accreditation"
    },
    {
      "href": "https://secure.ethicspoint.com/domain/media/en/gui/76612/index.html",
      "text": "Report Free Speech and Censorship Concern"
    },
    {
      "href": "https://www.gatech.edu/",
      "text": ""
    },
    {
      "href": "https://irp.gatech.edu/cas",
      "text": "GT LOGIN"
    }
  ]
}
2026-01-29 19:26:39 [32minfo[39m: Finding latest CDS file for princeton_university... 
2026-01-29 19:26:40 [33mwarn[39m: No CDS links found for princeton_university {
  "allLinks": [
    {
      "href": "https://www.cloudflare.com/?utm_source=challenge&utm_campaign=m",
      "text": "Cloudflare"
    }
  ]
}
2026-01-29 19:26:40 [32minfo[39m: Finding latest CDS file for boston_college... 
2026-01-29 19:26:42 [32minfo[39m: Found CDS link for boston_college: https://www.bc.edu/content/dam/bc1/offices/irp/ir/cds/Boston_College_CDS_2024-2025_Final.pdf (year: 2024) 
2026-01-29 19:26:42 [32minfo[39m: Finding latest CDS file for northeastern_university... 
2026-01-29 19:26:44 [33mwarn[39m: No year-specific CDS links found for northeastern_university 
2026-01-29 19:26:44 [32minfo[39m: Finding latest CDS file for columbia_university... 
2026-01-29 19:26:44 [33mwarn[39m: No CDS links found for columbia_university {
  "allLinks": [
    {
      "href": "https://www.cloudflare.com/?utm_source=challenge&utm_campaign=m",
      "text": "Cloudflare"
    }
  ]
}
2026-01-29 19:26:45 [32minfo[39m: Finding latest CDS file for university_of_virginia... 
2026-01-29 19:26:46 [33mwarn[39m: No CDS links found for university_of_virginia {
  "allLinks": [
    {
      "href": "https://www.cloudflare.com/?utm_source=challenge&utm_campaign=m",
      "text": "Cloudflare"
    }
  ]
}
2026-01-29 19:26:46 [32minfo[39m: Finding latest CDS file for brown_university... 
2026-01-29 19:26:47 [33mwarn[39m: No year-specific CDS links found for brown_university 
2026-01-29 19:26:47 [32minfo[39m: Finding latest CDS file for georgetown_university... 
2026-01-29 19:26:48 [32minfo[39m: Found CDS link for georgetown_university: https://georgetown.box.com/s/rp4p2ly4ej2tsikv827pl48psmb68quv (year: 2024) 
2026-01-29 19:26:48 [32minfo[39m: Finding latest CDS file for purdue_university... 
2026-01-29 19:26:51 [33mwarn[39m: No year-specific CDS links found for purdue_university 
2026-01-29 19:26:51 [32minfo[39m: Finding latest CDS file for university_of_california_berkeley... 
2026-01-29 19:26:52 [33mwarn[39m: No year-specific CDS links found for university_of_california_berkeley 
2026-01-29 19:26:52 [32minfo[39m: Finding latest CDS file for university_of_florida... 
2026-01-29 19:26:54 [32minfo[39m: Found CDS link for university_of_florida:  (year: 2024) 
2026-01-29 19:26:54 [32minfo[39m: Finding latest CDS file for dartmouth_college... 
2026-01-29 19:26:56 [32minfo[39m: Found CDS link for dartmouth_college: https://www.dartmouth.edu/oir/pdfs/cds_2024-2025.pdf (year: 2024) 
2026-01-29 19:26:56 [32minfo[39m: Finding latest CDS file for university_of_texas_at_austin... 
2026-01-29 19:26:57 [33mwarn[39m: No year-specific CDS links found for university_of_texas_at_austin 
2026-01-29 19:26:57 [32minfo[39m: Finding latest CDS file for university_of_michigan... 
2026-01-29 19:26:58 [33mwarn[39m: No CDS links found for university_of_michigan {
  "allLinks": [
    {
      "href": "https://www.cloudflare.com/?utm_source=challenge&utm_campaign=m",
      "text": "Cloudflare"
    }
  ]
}
2026-01-29 19:26:58 [32minfo[39m: Finding latest CDS file for university_of_chicago... 
2026-01-29 19:27:00 [32minfo[39m: Found CDS link for university_of_chicago: https://data.uchicago.edu/files/2025/08/CDS_2024-2025_to_publish.pdf (year: 2024) 
2026-01-29 19:27:01 [32minfo[39m: Finding latest CDS file for university_of_notre_dame... 
2026-01-29 19:27:01 [33mwarn[39m: No year-specific CDS links found for university_of_notre_dame 
2026-01-29 19:27:02 [32minfo[39m: Finding latest CDS file for johns_hopkins_university... 
2026-01-29 19:27:02 [33mwarn[39m: No CDS links found for johns_hopkins_university {
  "allLinks": [
    {
      "href": "https://www.cloudflare.com/5xx-error-landing",
      "text": "Cloudflare"
    }
  ]
}
2026-01-29 19:27:02 [32minfo[39m: Finding latest CDS file for university_of_georgia... 
2026-01-29 19:27:04 [33mwarn[39m: No year-specific CDS links found for university_of_georgia 
2026-01-29 19:27:04 [32minfo[39m: Finding latest CDS file for university_of_north_carolina_at_chapel_hill... 
2026-01-29 19:27:05 [33mwarn[39m: No CDS links found for university_of_north_carolina_at_chapel_hill {
  "allLinks": [
    {
      "href": "https://www.unc.edu/about/privacy-statement/",
      "text": "Privacy Notice"
    },
    {
      "href": "https://oira.unc.edu/reports/reports-archives/common-data-set/#unc-search",
      "text": "skip to the end of the global utility bar"
    },
    {
      "href": "http://www.unc.edu/",
      "text": "The University of North Carolina at Chapel Hill"
    },
    {
      "href": "https://www.unc.edu/about/accessibility/",
      "text": "Accessibility"
    },
    {
      "href": "https://www.unc.edu/events/",
      "text": "Events"
    },
    {
      "href": "http://library.unc.edu/",
      "text": "Libraries"
    },
    {
      "href": "https://maps.unc.edu/",
      "text": "Maps"
    },
    {
      "href": "https://www.unc.edu/a-z/",
      "text": "Departments"
    },
    {
      "href": "https://connectcarolina.unc.edu/",
      "text": "ConnectCarolina"
    },
    {
      "href": "https://www.unc.edu/search",
      "text": "UNC Search"
    },
    {
      "href": "https://oira.unc.edu/reports/reports-archives/common-data-set/#main",
      "text": "skip to main"
    },
    {
      "href": "https://oira.unc.edu/reports/reports-archives/common-data-set/#maincontent",
      "text": "Skip to main content"
    },
    {
      "href": "https://oira.unc.edu/",
      "text": ""
    },
    {
      "href": "https://oira.unc.edu/",
      "text": "OIRA"
    },
    {
      "href": "https://oira.unc.edu/reports/",
      "text": "Analytic Reports"
    },
    {
      "href": "https://oira.unc.edu/reports/",
      "text": "Analytic Reports"
    },
    {
      "href": "https://oira.unc.edu/reports/reports-archives/",
      "text": "Report Library"
    },
    {
      "href": "https://assessment.unc.edu/",
      "text": "Assessment"
    },
    {
      "href": "https://oira.unc.edu/student-achievement-goals-and-success/",
      "text": "Goals and Success"
    },
    {
      "href": "https://oira.unc.edu/strategic-planning/",
      "text": "Strategic Planning"
    },
    {
      "href": "https://oira.unc.edu/accreditation/",
      "text": "Accreditation"
    },
    {
      "href": "https://oira.unc.edu/oira/unc-system-defined-peer-group/",
      "text": "Peer Groups"
    },
    {
      "href": "https://oira.unc.edu/",
      "text": "Home"
    },
    {
      "href": "https://oira.unc.edu/reports/",
      "text": "Analytic Reports"
    },
    {
      "href": "https://oira.unc.edu/reports/reports-archives/",
      "text": "Report Library"
    },
    {
      "href": "",
      "text": ""
    },
    {
      "href": "https://oira.unc.edu/wp-content/uploads/sites/297/2025/08/CDS_UNCCH_2024-25_20250829.pdf",
      "text": "2024-25"
    },
    {
      "href": "https://oira.unc.edu/wp-content/uploads/sites/297/2024/07/CDS_PUBLISHED_2023_2024_07162024.pdf",
      "text": "2023-24"
    },
    {
      "href": "https://oira.unc.edu/wp-content/uploads/sites/297/2024/02/CDS_2022-23_20240206.pdf",
      "text": "2022-23"
    },
    {
      "href": "https://oira.unc.edu/wp-content/uploads/sites/297/2023/08/CDS_2021-22_20230825.pdf",
      "text": "2021-22"
    },
    {
      "href": "https://oira.unc.edu/wp-content/uploads/sites/297/2022/07/CDS_2020-21_20220705.pdf",
      "text": "2020-21"
    },
    {
      "href": "https://oira.unc.edu/wp-content/uploads/sites/297/2020/12/CDS_2019-2020_20201201.pdf",
      "text": "2019-20"
    },
    {
      "href": "https://oira.unc.edu/wp-content/uploads/sites/297/2020/05/CDS_2018-2019_20200513.pdf",
      "text": "2018-19"
    },
    {
      "href": "https://oira.unc.edu/wp-content/uploads/sites/297/2018/06/CDS_2017-2018_20180605.pdf",
      "text": "2017-18"
    },
    {
      "href": "https://oira.unc.edu/wp-content/uploads/sites/297/2018/03/cds_2016_2017_20180315.pdf",
      "text": "2016-17"
    },
    {
      "href": "https://oira.unc.edu/wp-content/uploads/sites/297/2017/07/CDS_2015-2016_2016041416.pdf",
      "text": "2015-16"
    },
    {
      "href": "https://oira.unc.edu/wp-content/uploads/sites/297/2018/03/CH-CDS_2014-2015-Final-March-22-2018-Revision.pdf",
      "text": "2014-15"
    },
    {
      "href": "https://oira.unc.edu/wp-content/uploads/sites/297/2017/07/cds_2013_2014.pdf",
      "text": "2013-14"
    },
    {
      "href": "https://oira.unc.edu/wp-content/uploads/sites/297/2018/03/CDS-12-13-March-22-2018-Revision.pdf",
      "text": "2012-13"
    },
    {
      "href": "https://oira.unc.edu/wp-content/uploads/sites/297/2017/07/cds_2011_2012.pdf",
      "text": "2011-12"
    },
    {
      "href": "https://oira.unc.edu/wp-content/uploads/sites/297/2017/07/cds_2010_2011.pdf",
      "text": "2010-11"
    },
    {
      "href": "https://oira.unc.edu/wp-content/uploads/sites/297/2017/07/cds_2009_2010.pdf",
      "text": "2009-10"
    },
    {
      "href": "https://oira.unc.edu/wp-content/uploads/sites/297/2017/07/cds_2008_2009.pdf",
      "text": "2008-09"
    },
    {
      "href": "https://oira.unc.edu/wp-content/uploads/sites/297/2017/07/cds_2007_2008_final.pdf",
      "text": "2007-08"
    },
    {
      "href": "https://oira.unc.edu/wp-content/uploads/sites/297/2017/07/cds_2006_2007.pdf",
      "text": "2006-07"
    },
    {
      "href": "https://oira.unc.edu/wp-content/uploads/sites/297/2017/07/cds_2005_2006.pdf",
      "text": "2005-06"
    },
    {
      "href": "https://oira.unc.edu/wp-content/uploads/sites/297/2017/07/cds_2004_2005.pdf",
      "text": "2004-05"
    },
    {
      "href": "https://oira.unc.edu/wp-content/uploads/sites/297/2017/07/cds_2003-2004.pdf",
      "text": "2003-04"
    },
    {
      "href": "https://oira.unc.edu/wp-content/uploads/sites/297/2017/07/cds_2002_2003.pdf",
      "text": "2002-03"
    },
    {
      "href": "https://oira.unc.edu/wp-content/uploads/sites/297/2017/07/cds_2001_2002.pdf",
      "text": "2001-02"
    },
    {
      "href": "https://oira.unc.edu/wp-content/uploads/sites/297/2017/07/cds_2000_2001.pdf",
      "text": "2000-01"
    },
    {
      "href": "https://oira.unc.edu/wp-content/uploads/sites/297/2017/07/cds_1999_2000.pdf",
      "text": "1999-00"
    },
    {
      "href": "mailto:oira@unc.edu",
      "text": "oira@unc.edu"
    },
    {
      "href": "tel:919-962-1500",
      "text": "(919) 962-1500"
    },
    {
      "href": "",
      "text": "More About OIRA (Pending)"
    },
    {
      "href": "http://research.unc.edu/about/facts-rankings/",
      "text": "Research"
    },
    {
      "href": "https://finance.unc.edu/",
      "text": "Finance and Administration"
    },
    {
      "href": "https://studentaffairs.unc.edu/about-us/annual-reports/",
      "text": "Student Affairs"
    },
    {
      "href": "http://library.unc.edu/",
      "text": "Libraries"
    },
    {
      "href": "http://admissions.unc.edu/",
      "text": "Undergraduate Admissions"
    },
    {
      "href": "http://gradschool.unc.edu/about/data/",
      "text": "The Graduate School"
    },
    {
      "href": "http://registrar.unc.edu/",
      "text": "Registrar"
    },
    {
      "href": "https://its.unc.edu/services/business-intelligence-reporting/",
      "text": "Enterprise Reporting, Analytics & Data (ITS)"
    },
    {
      "href": "https://www.northcarolina.edu/impact/stats-data-reports/",
      "text": "UNC System"
    },
    {
      "href": "https://www.ed.gov/",
      "text": "U.S. Department of Education"
    },
    {
      "href": "https://oira.unc.edu/additional-resources/",
      "text": "Get More Resources"
    },
    {
      "href": "https://oira.unc.edu/how-to-use-this-site/",
      "text": "How do I use this web site?"
    },
    {
      "href": "https://oira.unc.edu/reports/reports-archives/fact-books/",
      "text": "Where is the fact book?"
    },
    {
      "href": "https://oira.unc.edu/reporting-schedule/",
      "text": "When are the Reports updated?"
    },
    {
      "href": "https://oira.unc.edu/frequently-asked-questions/",
      "text": "Get More FAQs"
    }
  ]
}
2026-01-29 19:27:06 [32minfo[39m: Finding latest CDS file for university_of_illinois_urbana_champaign... 
2026-01-29 19:27:07 [33mwarn[39m: No year-specific CDS links found for university_of_illinois_urbana_champaign 
2026-01-29 19:27:07 [32minfo[39m: Finding latest CDS file for washington_university_in_st_louis... 
2026-01-29 19:27:08 [32minfo[39m: Found CDS link for washington_university_in_st_louis: https://washu.edu/app/uploads/2025/06/2024-2025-WashU-CDS.pdf (year: 2024) 
2026-01-29 19:27:08 [32minfo[39m: Finding latest CDS file for rice_university... 
2026-01-29 19:27:09 [33mwarn[39m: No year-specific CDS links found for rice_university 
2026-01-29 19:27:09 [32minfo[39m: Finding latest CDS file for rutgers_university... 
2026-01-29 19:27:10 [31merror[39m: Error finding latest CDS file for rutgers_university {
  "error": {
    "message": "net::ERR_SSL_PROTOCOL_ERROR at https://oirap.rutgers.edu/ReportingCommonDataSet.html",
    "stack": "Error: net::ERR_SSL_PROTOCOL_ERROR at https://oirap.rutgers.edu/ReportingCommonDataSet.html\n    at navigate (/Users/ryanchiang/Sites/college-datasets/node_modules/.pnpm/puppeteer-core@24.36.1/node_modules/puppeteer-core/src/cdp/Frame.ts:211:13)\n    at async Function.race (/Users/ryanchiang/Sites/college-datasets/node_modules/.pnpm/puppeteer-core@24.36.1/node_modules/puppeteer-core/src/util/Deferred.ts:49:14)\n    at async CdpFrame.goto (/Users/ryanchiang/Sites/college-datasets/node_modules/.pnpm/puppeteer-core@24.36.1/node_modules/puppeteer-core/src/cdp/Frame.ts:164:17)\n    at async CdpPage.goto (/Users/ryanchiang/Sites/college-datasets/node_modules/.pnpm/puppeteer-core@24.36.1/node_modules/puppeteer-core/src/api/Page.ts:1756:12)\n    at async <anonymous> (/Users/ryanchiang/Sites/college-datasets/packages/parser/src/scrape.ts:24:7)"
  }
}
2026-01-29 19:27:10 [32minfo[39m: Finding latest CDS file for tufts_university... 
2026-01-29 19:27:11 [32minfo[39m: Found CDS link for tufts_university: https://provost.tufts.edu/institutionalresearch/wp-content/uploads/sites/5/CDS_2024-2025-1.pdf (year: 2024) 
2026-01-29 19:27:11 [32minfo[39m: Finding latest CDS file for penn_state_university... 
2026-01-29 19:27:13 [32minfo[39m: Found CDS link for penn_state_university: https://opair.psu.edu/files/2025/06/CDS_2024_2025_UniversityPark_v2.pdf (year: 2025) 
2026-01-29 19:27:13 [32minfo[39m: Finding latest CDS file for emory_university... 
2026-01-29 19:27:15 [33mwarn[39m: No CDS links found for emory_university {
  "allLinks": [
    {
      "href": "https://provost.emory.edu/planning-administration/data/common-data-set.html#main",
      "text": "Skip to main content"
    },
    {
      "href": "https://www.emory.edu/",
      "text": ""
    },
    {
      "href": "https://provost.emory.edu/planning-administration/index.html",
      "text": "Office of Planning and Administration"
    },
    {
      "href": "https://provost.emory.edu/planning-administration/index.html",
      "text": "Home"
    },
    {
      "href": "https://provost.emory.edu/index.html",
      "text": "Office of the Provost"
    },
    {
      "href": "https://provost.emory.edu/planning-administration/about/index.html",
      "text": "About Us"
    },
    {
      "href": "https://provost.emory.edu/planning-administration/accreditation/index.html",
      "text": "Accreditation"
    },
    {
      "href": "https://provost.emory.edu/planning-administration/assessment/index.html",
      "text": "Assessment"
    },
    {
      "href": "https://provost.emory.edu/planning-administration/programs/index.html",
      "text": "Program Planning"
    },
    {
      "href": "https://provost.emory.edu/planning-administration/data/index.html",
      "text": "Institutional Research                                            (current)"
    },
    {
      "href": "https://provost.emory.edu/planning-administration/budgets/index.html",
      "text": "University Budgets"
    },
    {
      "href": "https://provost.emory.edu/planning-administration/index.html",
      "text": "Home"
    },
    {
      "href": "https://provost.emory.edu/planning-administration/data/index.html",
      "text": "Institutional Research and Decision Support"
    },
    {
      "href": "mailto:oir@emory.edu",
      "text": "contact us"
    },
    {
      "href": "https://provost.emory.edu/planning-administration/_includes/documents/sections/institutional-data/emory-common-data-set-2024-2025.pdf",
      "text": "2024-2025"
    },
    {
      "href": "https://provost.emory.edu/planning-administration/_includes/documents/sections/institutional-data/emory-common-data-set-2023-2024.pdf",
      "text": "2023-2024"
    },
    {
      "href": "https://provost.emory.edu/planning-administration/_includes/documents/sections/institutional-data/emory-common-data-set-2022-2023.pdf",
      "text": "2022-2023"
    },
    {
      "href": "https://provost.emory.edu/planning-administration/_includes/documents/sections/institutional-data/emory-common-data-set-2021-2022.pdf",
      "text": "2021-2022"
    },
    {
      "href": "https://provost.emory.edu/planning-administration/data/index.html",
      "text": "Institutional Research and Decision Support"
    },
    {
      "href": "https://provost.emory.edu/planning-administration/data/factbook/index.html",
      "text": "Dashboards and Fact Books"
    },
    {
      "href": "https://provost.emory.edu/planning-administration/data/survey/index.html",
      "text": "Surveys"
    },
    {
      "href": "https://provost.emory.edu/planning-administration/data/requests.html",
      "text": "Project Requests"
    },
    {
      "href": "https://provost.emory.edu/planning-administration/data/common-data-set.html",
      "text": "Institutional Reporting"
    },
    {
      "href": "https://provost.emory.edu/planning-administration/data/resources.html",
      "text": "Resources"
    },
    {
      "href": "https://provost.emory.edu/planning-administration/data/common-data-set.html#main",
      "text": "Back to main content"
    },
    {
      "href": "https://provost.emory.edu/planning-administration/data/common-data-set.html#top",
      "text": "Back to top"
    },
    {
      "href": "https://www.emory.edu/",
      "text": ""
    },
    {
      "href": "http://cfde.emory.edu/",
      "text": "Center for Faculty Development and Excellence"
    },
    {
      "href": "http://compliance.emory.edu/",
      "text": "Compliance"
    },
    {
      "href": "http://www.emory.edu/emeritus/",
      "text": "Emeritus College"
    },
    {
      "href": "https://provost.emory.edu/faculty",
      "text": "Faculty Affairs"
    },
    {
      "href": "http://www.policies.emory.edu/",
      "text": "Emory Policies"
    },
    {
      "href": "http://college.emory.edu/",
      "text": "Emory College"
    },
    {
      "href": "https://oxford.emory.edu/",
      "text": "Oxford College"
    },
    {
      "href": "http://goizueta.emory.edu/",
      "text": "Goizueta Business School"
    },
    {
      "href": "http://gs.emory.edu/",
      "text": "Laney Graduate School"
    },
    {
      "href": "http://law.emory.edu/",
      "text": "School of Law"
    },
    {
      "href": "http://med.emory.edu/",
      "text": "School of Medicine"
    },
    {
      "href": "http://nursing.emory.edu/",
      "text": "Nell Hodgson Woodruff School of Nursing"
    },
    {
      "href": "http://sph.emory.edu/",
      "text": "Rollins School of Public Health"
    },
    {
      "href": "https://candler.emory.edu/",
      "text": "Candler School of Theology"
    },
    {
      "href": "http://carlos.emory.edu/",
      "text": "Michael C. Carlos Museum"
    },
    {
      "href": "http://ethics.emory.edu/",
      "text": "Center for Ethics"
    },
    {
      "href": "http://equityandinclusion.emory.edu/",
      "text": "Equity and Inclusion"
    },
    {
      "href": "http://www.studentaid.emory.edu/",
      "text": "Financial Aid"
    },
    {
      "href": "http://global.emory.edu/",
      "text": "Global Engagement"
    },
    {
      "href": "http://lits.emory.edu/",
      "text": "Libraries and Information Technology"
    },
    {
      "href": "http://registrar.emory.edu/",
      "text": "Registrar"
    },
    {
      "href": "http://apply.emory.edu/",
      "text": "Undergraduate Admission"
    },
    {
      "href": "https://provost.emory.edu/index.html",
      "text": ""
    },
    {
      "href": "mailto:provost@emory.edu",
      "text": "provost@emory.edu"
    },
    {
      "href": "tel:404-727-0785",
      "text": "404-727-0785"
    },
    {
      "href": "https://www.emory.edu/",
      "text": "Emory University"
    },
    {
      "href": "https://equityandcompliance.emory.edu/equity-inclusion/affirmative-action/eoaa-statements.html",
      "text": "EEO Employer-Disability/Veteran Statements"
    },
    {
      "href": "https://communications.emory.edu/resources/web-guide/copyright.html",
      "text": "Copyright"
    },
    {
      "href": "https://ethicsandcompliance.emory.edu/privacy/index.html",
      "text": "Privacy Statement"
    },
    {
      "href": "https://provost.emory.edu/planning-administration/data/common-data-set.html#top",
      "text": "Back to top"
    }
  ]
}
2026-01-29 19:27:15 [32minfo[39m: Finding latest CDS file for clemson_university... 
2026-01-29 19:27:17 [32minfo[39m: Found CDS link for clemson_university: https://open.clemson.edu/cds/17 (year: 2024) 
2026-01-29 19:27:17 [32minfo[39m: Finding latest CDS file for carnegie_mellon_university... 
2026-01-29 19:27:19 [32minfo[39m: Found CDS link for carnegie_mellon_university: https://www.cmu.edu/ira/CDS/cds_2526.html (year: 2025) 
2026-01-29 19:27:19 [32minfo[39m: Finding latest CDS file for william_and_mary_college... 
2026-01-29 19:27:21 [32minfo[39m: Found CDS link for william_and_mary_college: https://www.wm.edu/offices/it/services/ir/university_data/cds/cds_2025-2026-definition.pdf (year: 2025) 
2026-01-29 19:27:21 [32minfo[39m: Finding latest CDS file for north_carolina_state_university... 
2026-01-29 19:27:22 [33mwarn[39m: No CDS links found for north_carolina_state_university {
  "allLinks": []
}
2026-01-29 19:27:22 [32minfo[39m: Finding latest CDS file for university_of_washington... 
2026-01-29 19:27:26 [32minfo[39m: Found CDS link for university_of_washington: https://uw-s3-cdn.s3.us-west-2.amazonaws.com/wp-content/uploads/sites/162/2025/04/01121035/CDS_2024-2025_Seattle.pdf (year: 2024) 
2026-01-29 19:27:26 [32minfo[39m: Finding latest CDS file for california_institute_of_technology... 
2026-01-29 19:27:28 [32minfo[39m: Found CDS link for california_institute_of_technology: https://finance.caltech.edu/documents/31472/cds_2025.pdf (year: 2024) 
2026-01-29 19:27:28 [32minfo[39m: Finding latest CDS file for florida_state_university... 
2026-01-29 19:27:30 [33mwarn[39m: No CDS links found for florida_state_university {
  "allLinks": [
    {
      "href": "https://www.fsu.edu//misc/policy.html",
      "text": "Privacy Policy"
    },
    {
      "href": "https://ir.fsu.edu/commondataset.aspx#content",
      "text": "Skip to main content"
    },
    {
      "href": "https://www.fsu.edu/",
      "text": ""
    },
    {
      "href": "https://fsu.edu/",
      "text": "FSU"
    },
    {
      "href": "https://ir.fsu.edu/",
      "text": "Florida State University"
    },
    {
      "href": "https://ir.fsu.edu/commondataset.aspx#fsu-global-nav",
      "text": "Navigation"
    },
    {
      "href": "https://ir.fsu.edu/commondataset.aspx#fsu-search",
      "text": "Search FSU"
    },
    {
      "href": "https://webmail.fsu.edu/",
      "text": "Webmail"
    },
    {
      "href": "https://ir.fsu.edu/$",
      "text": "Home"
    },
    {
      "href": "https://ir.fsu.edu/commondataset.aspx#",
      "text": "Alpha"
    },
    {
      "href": "https://ir.fsu.edu/commondataset.aspx#",
      "text": "Bravo"
    },
    {
      "href": "https://ir.fsu.edu/commondataset.aspx#",
      "text": "Charlie"
    },
    {
      "href": "https://ir.fsu.edu/commondataset.aspx#",
      "text": "Delta"
    },
    {
      "href": "https://ir.fsu.edu/commondataset.aspx#",
      "text": "Echo"
    },
    {
      "href": "https://ir.fsu.edu/commondataset.aspx#",
      "text": "Foxtrot"
    },
    {
      "href": "https://fsu.edu/academics/",
      "text": "Academics"
    },
    {
      "href": "https://admissions.fsu.edu/",
      "text": "Admissions"
    },
    {
      "href": "https://research.fsu.edu/",
      "text": "Research"
    },
    {
      "href": "https://faculty.fsu.edu/",
      "text": "Faculty"
    },
    {
      "href": "https://fsu.edu/students/",
      "text": "Students"
    },
    {
      "href": "https://veterans.fsu.edu/",
      "text": "Veterans"
    },
    {
      "href": "https://fsu.edu/support-fsu/",
      "text": "Support FSU"
    },
    {
      "href": "https://ir.fsu.edu/commondataset.aspx#fsu-global-nav",
      "text": "Close Menu"
    },
    {
      "href": "https://ir.fsu.edu/index.aspx",
      "text": "Home"
    },
    {
      "href": "https://ir.fsu.edu/facts.aspx",
      "text": "Facts"
    },
    {
      "href": "https://ir.fsu.edu/students.aspx",
      "text": "Students"
    },
    {
      "href": "https://ir.fsu.edu/faculty.aspx",
      "text": "Faculty"
    },
    {
      "href": "https://ir.fsu.edu/surveys.aspx",
      "text": "Surveys"
    },
    {
      "href": "https://ir.fsu.edu/indicators.aspx",
      "text": "Indicators"
    },
    {
      "href": "https://ir.fsu.edu/matrix_of_metrics.aspx",
      "text": "Metrics"
    },
    {
      "href": "https://ir.fsu.edu/research.aspx",
      "text": "Research"
    },
    {
      "href": "https://ir.fsu.edu/resources.aspx",
      "text": "Resources"
    },
    {
      "href": "https://ir.fsu.edu/staff.aspx",
      "text": "About"
    },
    {
      "href": "mailto:ir@fsu.edu",
      "text": "ir@fsu.edu"
    },
    {
      "href": "mailto:abrady@fsu.edu",
      "text": "abrady@fsu.edu"
    },
    {
      "href": "http://www.ir.fsu.edu/Common_Data_Set/",
      "text": "http://www.ir.fsu.edu/Common_Data_Set/"
    },
    {
      "href": "http://www.fsu.edu/",
      "text": "www.fsu.edu"
    },
    {
      "href": "mailto:admissions@admin.fsu.edu",
      "text": "admissions@admin.fsu.edu"
    },
    {
      "href": "http://admissions.fsu.edu/apply/",
      "text": "http://admissions.fsu.edu/apply/"
    },
    {
      "href": "mailto:IR@fsu.edu",
      "text": "EMAIL"
    },
    {
      "href": "https://app.powerbi.com/Redirect?action=OpenApp&appId=5d44ead3-c2e3-446b-b513-eea342c7a828&ctid=a36450eb-db06-42a7-8d1b-026719f701e3",
      "text": "Institutional Research Power BI App"
    },
    {
      "href": "https://directory.fsu.edu/",
      "text": "FSU Directory Assistance"
    },
    {
      "href": "https://fsu.edu/misc/comments.html",
      "text": "Questions or Comments"
    },
    {
      "href": "https://fsu.edu/misc/policy.html",
      "text": "Privacy Policy"
    },
    {
      "href": "https://fsu.edu/misc/copyright.html",
      "text": "Copyright"
    },
    {
      "href": "https://www.facebook.com/floridastate",
      "text": "Like Florida State on Facebook"
    },
    {
      "href": "https://instagram.com/floridastateuniversity/",
      "text": "Follow Florida State on Instagram"
    },
    {
      "href": "https://x.com/floridastate",
      "text": "Follow Florida State on X"
    },
    {
      "href": "https://www.youtube.com/FloridaState",
      "text": "Follow Florida State on Youtube"
    },
    {
      "href": "https://www.linkedin.com/edu/school?id=18100",
      "text": "Connect with Florida State on LinkedIn"
    },
    {
      "href": "https://www.fsu.edu/socialmedia/",
      "text": "More FSU Social Media"
    },
    {
      "href": "https://ir.fsu.edu/commondataset.aspx#",
      "text": "Cookie Preferences"
    }
  ]
}
2026-01-29 19:27:30 [32minfo[39m: Finding latest CDS file for virginia_tech... 
2026-01-29 19:27:32 [32minfo[39m: Found CDS link for virginia_tech: https://aie.vt.edu/content/dam/aie_vt_edu/common-data-set/24-25/2024-2025-CDS.xlsx (year: 2024) 
2026-01-29 19:27:32 [32minfo[39m: Finding latest CDS file for tulane_university... 
2026-01-29 19:27:34 [32minfo[39m: Found CDS link for tulane_university: https://tulane.box.com/s/1dgaxpa2x2ie24zgglrg0puwm1h7xrt5 (year: 2025) 
2026-01-29 19:27:34 [32minfo[39m: Finding latest CDS file for university_of_california_santa_barbara... 
2026-01-29 19:27:35 [32minfo[39m: Found CDS link for university_of_california_santa_barbara: https://drive.google.com/file/d/1HLeGQ6-vYTKhy3-e_zyfLDhW0jRfkIf3/view?usp=sharing (year: 2024) 
2026-01-29 19:27:35 [32minfo[39m: Finding latest CDS file for boston_university... 
2026-01-29 19:27:37 [32minfo[39m: Found CDS link for boston_university: https://www.bu.edu/asir/files/2025/03/cds-2025.pdf (year: 2024) 
2026-01-29 19:27:37 [33mwarn[39m: Failed to find latest CDS file for 22 keys {
  "failedKeys": [
    "new_york_university",
    "vanderbilt_university",
    "georgia_institute_of_technology",
    "princeton_university",
    "northeastern_university",
    "columbia_university",
    "university_of_virginia",
    "brown_university",
    "purdue_university",
    "university_of_california_berkeley",
    "university_of_texas_at_austin",
    "university_of_michigan",
    "university_of_notre_dame",
    "johns_hopkins_university",
    "university_of_georgia",
    "university_of_north_carolina_at_chapel_hill",
    "university_of_illinois_urbana_champaign",
    "rice_university",
    "rutgers_university",
    "emory_university",
    "north_carolina_state_university",
    "florida_state_university"
  ]
}
2026-01-30 15:08:22 [32minfo[39m: Finding latest CDS file for stanford_university... 
2026-01-30 15:08:24 [32minfo[39m: Found CDS link for stanford_university: https://drive.google.com/file/d/12MjIqdzzHiECf6hfRlbU3RmmIy14hl1H/view?usp=sharing (year: 2024) 
2026-01-30 15:08:27 [32minfo[39m: Finding latest CDS file for harvard_university... 
2026-01-30 15:08:29 [32minfo[39m: Found CDS link for harvard_university: https://oira.harvard.edu/files/2025/06/HarvardUniversity_CDS_2024-2025.pdf (year: 2024) 
2026-01-30 15:08:29 [32minfo[39m: Finding latest CDS file for new_york_university... 
2026-01-30 15:08:30 [33mwarn[39m: No CDS links found for new_york_university {
  "allLinks": []
}
2026-01-30 15:08:41 [32minfo[39m: Finding latest CDS file for stanford_university... 
2026-01-30 15:08:42 [32minfo[39m: Found CDS link for stanford_university: https://drive.google.com/file/d/12MjIqdzzHiECf6hfRlbU3RmmIy14hl1H/view?usp=sharing (year: 2024) 
2026-01-30 15:08:45 [32minfo[39m: Finding latest CDS file for harvard_university... 
2026-01-30 15:08:46 [32minfo[39m: Found CDS link for harvard_university: https://oira.harvard.edu/files/2025/06/HarvardUniversity_CDS_2024-2025.pdf (year: 2024) 
2026-01-30 15:08:47 [32minfo[39m: Finding latest CDS file for new_york_university... 
2026-01-30 15:08:47 [33mwarn[39m: No CDS links found for new_york_university {
  "allLinks": []
}
2026-01-30 17:29:59 [32minfo[39m: Finding latest CDS file for stanford_university... 
2026-01-30 17:30:00 [32minfo[39m: Found CDS link for stanford_university: https://drive.google.com/file/d/12MjIqdzzHiECf6hfRlbU3RmmIy14hl1H/view?usp=sharing (year: 2024) 
2026-01-30 17:30:03 [32minfo[39m: Finding latest CDS file for harvard_university... 
2026-01-30 17:30:04 [32minfo[39m: Found CDS link for harvard_university: https://oira.harvard.edu/files/2025/06/HarvardUniversity_CDS_2024-2025.pdf (year: 2024) 
2026-01-30 17:30:04 [32minfo[39m: Finding latest CDS file for new_york_university... 
2026-01-30 17:30:05 [33mwarn[39m: No CDS links found for new_york_university {
  "allLinks": []
}
2026-01-30 17:30:26 [32minfo[39m: Finding latest CDS file for massachusetts_institute_of_technology... 
2026-01-30 17:30:27 [32minfo[39m: Found CDS link for massachusetts_institute_of_technology: https://ir.mit.edu/projects/2024-25-common-data-set/ (year: 2024) 
2026-01-30 17:30:28 [32minfo[39m: Finding latest CDS file for duke_university... 
2026-01-30 17:30:29 [32minfo[39m: Found CDS link for duke_university: https://ir.provost.duke.edu/sites/default/files/CDS-2024-25-Final-2.pdf (year: 2024) 
2026-01-30 17:30:29 [32minfo[39m: Finding latest CDS file for university_of_pennsylvania... 
2026-01-30 17:30:30 [32minfo[39m: Found CDS link for university_of_pennsylvania: https://upenn.box.com/s/ckv4frz37rzxa4u6bdiv2h4yzykqm4ef (year: 2024) 
2026-01-30 17:30:32 [32minfo[39m: Finding latest CDS file for cornell_university... 
2026-01-30 17:30:32 [32minfo[39m: Found CDS link for cornell_university: http://irp.cornell.edu/wp-content/uploads/2024/04/1000420.pdf#pagemode=bookmarks (year: 2008) 
2026-01-30 17:30:33 [32minfo[39m: Finding latest CDS file for university_of_california_los_angeles... 
2026-01-30 17:30:34 [32minfo[39m: Found CDS link for university_of_california_los_angeles: https://apb.ucla.edu/file/d1ab04b3-ee89-4cf2-9124-8dc0471b5e5a (year: 2025) 
2026-01-30 17:30:35 [32minfo[39m: Finding latest CDS file for vanderbilt_university... 
2026-01-30 17:30:36 [33mwarn[39m: No year-specific CDS links found for vanderbilt_university 
2026-01-30 17:31:06 [32minfo[39m: Finding latest CDS file for yale_university... 
2026-01-30 17:31:06 [32minfo[39m: Found CDS link for yale_university: https://oir.yale.edu/sites/default/files/yale_cds_2024-25_rmd_20250612.pdf (year: 2024) 
2026-01-30 17:31:07 [32minfo[39m: Finding latest CDS file for university_of_southern_california... 
2026-01-30 17:31:08 [32minfo[39m: Found CDS link for university_of_southern_california: https://oir.usc.edu/common-data-set-archive/common-data-set-2024-2025/ (year: 2024) 
2026-01-30 17:31:09 [32minfo[39m: Finding latest CDS file for northwestern_university... 
2026-01-30 17:31:09 [32minfo[39m: Found CDS link for northwestern_university: https://www.enrollment.northwestern.edu/data/common-data-set.html# (year: 2024) 
2026-01-30 17:31:09 [32minfo[39m: Finding latest CDS file for georgia_institute_of_technology... 
2026-01-30 17:31:12 [33mwarn[39m: No CDS links found for georgia_institute_of_technology {
  "allLinks": [
    {
      "href": "https://irp.gatech.edu/common-data-set#main-navigation",
      "text": "Skip to main navigation"
    },
    {
      "href": "https://irp.gatech.edu/common-data-set#main-content",
      "text": "Skip to main content"
    },
    {
      "href": "https://www.gatech.edu/",
      "text": ""
    },
    {
      "href": "",
      "text": ""
    },
    {
      "href": "https://irp.gatech.edu/home",
      "text": "Home"
    },
    {
      "href": "https://irp.gatech.edu/files/infographics/2024/GT_IRP_What_We_Do.pdf",
      "text": "What We Do"
    },
    {
      "href": "https://irp.gatech.edu/IRP-staff",
      "text": "Meet the Team"
    },
    {
      "href": "https://irp.gatech.edu/irp-memberships",
      "text": "IRP Memberships"
    },
    {
      "href": "https://irp.gatech.edu/files/IRP/strategic-plan/IRP-Strategic.Plan-10June2021.pdf",
      "text": "IRP Strategic Plan"
    },
    {
      "href": "https://irp.gatech.edu/fact-book",
      "text": "Fact Book"
    },
    {
      "href": "https://irp.gatech.edu/infographics",
      "text": "Infographics"
    },
    {
      "href": "https://irp.gatech.edu/irp-news",
      "text": "IRP News"
    },
    {
      "href": "https://irp.gatech.edu/research-reports",
      "text": "Research/Reports"
    },
    {
      "href": "https://irp.gatech.edu/dashboard-gallery",
      "text": "Dashboards"
    },
    {
      "href": "https://irp.gatech.edu/resources",
      "text": "Resources"
    },
    {
      "href": "https://irp.gatech.edu/student-achievement-public-disclosure",
      "text": "Student Achievement"
    },
    {
      "href": "https://irp.gatech.edu/disclosures/student-demographics",
      "text": "Student Demographics"
    },
    {
      "href": "https://students.gatech.edu/right-to-know",
      "text": "Students' Right-to-Know"
    },
    {
      "href": "https://irp.gatech.edu/disclosures/faculty-demographics",
      "text": "Faculty Demographics"
    },
    {
      "href": "https://irp.gatech.edu/disclosures/facilities-and-housing",
      "text": "Facilities and Housing"
    },
    {
      "href": "https://irp.gatech.edu/college-engineering-public-disclosure",
      "text": "College of Engineering"
    },
    {
      "href": "https://irp.gatech.edu/submit-a-request",
      "text": "Submit a Request"
    },
    {
      "href": "https://irp.gatech.edu/common-data-set#search-container",
      "text": ""
    },
    {
      "href": "",
      "text": ""
    },
    {
      "href": "mailto:cds@collegeboard.org",
      "text": "cds@collegeboard.org"
    },
    {
      "href": "https://irp.gatech.edu/files/CDS/CDS_2020.pdf",
      "text": "2020-21"
    },
    {
      "href": "https://irp.gatech.edu/files/CDS/CDS_2021.pdf",
      "text": "2021-22"
    },
    {
      "href": "https://irp.gatech.edu/files/CDS/CDS_2022-2023%20FINAL_R1.pdf",
      "text": "2022-23"
    },
    {
      "href": "https://irp.gatech.edu/files/CDS/CDS_2023-2024_V3.pdf",
      "text": "2023-24"
    },
    {
      "href": "https://irp.gatech.edu/files/CDS/CDS_2024-2025_FINAL_20FEB2025.pdf",
      "text": "2024-25"
    },
    {
      "href": "https://irp.gatech.edu/files/CDS/CDS_2025-2026_FINAL_23JAN2026.pdf",
      "text": "2025-26"
    },
    {
      "href": "https://irp.gatech.edu/files/CDS/CDS_2019.pdf",
      "text": "2019-20"
    },
    {
      "href": "https://irp.gatech.edu/files/CDS/CDS_2018-2019_FINAL_01-July-2019.pdf",
      "text": "2018-19"
    },
    {
      "href": "https://irp.gatech.edu/files/CDS/cds_2017_updated.pdf",
      "text": "2017-18"
    },
    {
      "href": "https://irp.gatech.edu/files/CDS/cds_2016_updated.pdf",
      "text": "2016-17"
    },
    {
      "href": "https://irp.gatech.edu/files/CDS/cds_2015.pdf",
      "text": "2015-16"
    },
    {
      "href": "https://irp.gatech.edu/files/CDS/cds_2014.pdf",
      "text": "2014-15"
    },
    {
      "href": "https://irp.gatech.edu/files/CDS/cds_2013.pdf",
      "text": "2013-14"
    },
    {
      "href": "https://irp.gatech.edu/files/CDS/cds_2012.pdf",
      "text": "2012-13"
    },
    {
      "href": "https://irp.gatech.edu/files/CDS/cds_2011.pdf",
      "text": "2011-12"
    },
    {
      "href": "https://irp.gatech.edu/files/CDS/cds_2010.pdf",
      "text": "2010-11"
    },
    {
      "href": "https://irp.gatech.edu/files/CDS/cds_2009.pdf",
      "text": "2009-10"
    },
    {
      "href": "https://irp.gatech.edu/files/CDS/cds_2008.pdf",
      "text": "2008-09"
    },
    {
      "href": "https://irp.gatech.edu/files/CDS/cds_2007.pdf",
      "text": "2007-08"
    },
    {
      "href": "https://irp.gatech.edu/files/CDS/cds_2006.pdf",
      "text": "2006-07"
    },
    {
      "href": "https://irp.gatech.edu/files/CDS/cds_2005.pdf",
      "text": "2005-06"
    },
    {
      "href": "https://irp.gatech.edu/files/CDS/cds_2004.pdf",
      "text": "2004-05"
    },
    {
      "href": "https://irp.gatech.edu/files/CDS/cds_2003.pdf",
      "text": "2003-04"
    },
    {
      "href": "tel: +14048942000",
      "text": "+1 404.894.2000"
    },
    {
      "href": "https://map.gatech.edu/",
      "text": "Campus Map"
    },
    {
      "href": "https://irp.gatech.edu/common-data-set",
      "text": "General"
    },
    {
      "href": "https://directory.gatech.edu/",
      "text": "Directory"
    },
    {
      "href": "https://careers.gatech.edu/",
      "text": "Employment"
    },
    {
      "href": "https://www.gatech.edu/emergency/",
      "text": "Emergency Information"
    },
    {
      "href": "https://irp.gatech.edu/common-data-set",
      "text": "Legal"
    },
    {
      "href": "https://www.policylibrary.gatech.edu/employment/equal-opportunity-nondiscrimination-and-anti-harassment-policy",
      "text": "Equal Opportunity, Nondiscrimination, and Anti-Harassment Policy"
    },
    {
      "href": "https://www.gatech.edu/legal/",
      "text": "Legal & Privacy Information"
    },
    {
      "href": "https://gbi.georgia.gov/human-trafficking-notice",
      "text": "Human Trafficking Notice"
    },
    {
      "href": "https://titleix.gatech.edu/",
      "text": "Title IX/Sexual Misconduct"
    },
    {
      "href": "https://osi.gatech.edu/hazing-conduct-history",
      "text": "Hazing Public Disclosures"
    },
    {
      "href": "https://www.gatech.edu/accessibility/",
      "text": "Accessibility"
    },
    {
      "href": "https://www.gatech.edu/accountability/",
      "text": "Accountability"
    },
    {
      "href": "https://www.gatech.edu/accreditation/",
      "text": "Accreditation"
    },
    {
      "href": "https://secure.ethicspoint.com/domain/media/en/gui/76612/index.html",
      "text": "Report Free Speech and Censorship Concern"
    },
    {
      "href": "https://www.gatech.edu/",
      "text": ""
    },
    {
      "href": "https://irp.gatech.edu/cas",
      "text": "GT LOGIN"
    }
  ]
}
2026-01-30 17:31:24 [32minfo[39m: Finding latest CDS file for princeton_university... 
2026-01-30 17:31:25 [33mwarn[39m: No CDS links found for princeton_university {
  "allLinks": [
    {
      "href": "https://www.cloudflare.com/?utm_source=challenge&utm_campaign=m",
      "text": "Cloudflare"
    }
  ]
}
2026-01-30 17:31:44 [32minfo[39m: Finding latest CDS file for boston_college... 
2026-01-30 17:31:49 [32minfo[39m: Found CDS link for boston_college: https://www.bc.edu/content/dam/bc1/offices/irp/ir/cds/Boston_College_CDS_2024-2025_Final.pdf (year: 2024) 
2026-01-30 17:31:50 [32minfo[39m: Finding latest CDS file for northeastern_university... 
2026-01-30 17:31:52 [33mwarn[39m: No year-specific CDS links found for northeastern_university 
2026-01-30 17:32:06 [32minfo[39m: Finding latest CDS file for columbia_university... 
2026-01-30 17:32:06 [33mwarn[39m: No CDS links found for columbia_university {
  "allLinks": [
    {
      "href": "https://www.cloudflare.com/?utm_source=challenge&utm_campaign=m",
      "text": "Cloudflare"
    }
  ]
}
2026-01-30 17:32:32 [32minfo[39m: Finding latest CDS file for university_of_virginia... 
2026-01-30 17:32:33 [33mwarn[39m: No CDS links found for university_of_virginia {
  "allLinks": [
    {
      "href": "https://www.cloudflare.com/?utm_source=challenge&utm_campaign=m",
      "text": "Cloudflare"
    }
  ]
}
2026-01-30 17:32:51 [32minfo[39m: Finding latest CDS file for brown_university... 
2026-01-30 17:32:52 [33mwarn[39m: No year-specific CDS links found for brown_university 
2026-01-30 17:33:01 [32minfo[39m: Finding latest CDS file for georgetown_university... 
2026-01-30 17:33:02 [32minfo[39m: Found CDS link for georgetown_university: https://georgetown.box.com/s/rp4p2ly4ej2tsikv827pl48psmb68quv (year: 2024) 
2026-01-30 17:33:04 [32minfo[39m: Finding latest CDS file for purdue_university... 
2026-01-30 17:33:06 [33mwarn[39m: No year-specific CDS links found for purdue_university 
2026-01-30 17:33:16 [32minfo[39m: Finding latest CDS file for university_of_california_berkeley... 
2026-01-30 17:33:17 [33mwarn[39m: No year-specific CDS links found for university_of_california_berkeley 
2026-01-30 17:33:30 [32minfo[39m: Finding latest CDS file for university_of_florida... 
2026-01-30 17:33:32 [32minfo[39m: Found CDS link for university_of_florida:  (year: 2024) 
2026-01-30 17:33:48 [32minfo[39m: Finding latest CDS file for dartmouth_college... 
2026-01-30 17:33:49 [32minfo[39m: Found CDS link for dartmouth_college: https://www.dartmouth.edu/oir/pdfs/cds_2024-2025.pdf (year: 2024) 
2026-01-30 17:33:50 [32minfo[39m: Finding latest CDS file for university_of_texas_at_austin... 
2026-01-30 17:33:51 [33mwarn[39m: No year-specific CDS links found for university_of_texas_at_austin 
2026-01-30 17:34:13 [32minfo[39m: Finding latest CDS file for university_of_michigan... 
2026-01-30 17:34:14 [33mwarn[39m: No CDS links found for university_of_michigan {
  "allLinks": [
    {
      "href": "https://www.cloudflare.com/?utm_source=challenge&utm_campaign=m",
      "text": "Cloudflare"
    }
  ]
}
2026-01-30 17:34:27 [32minfo[39m: Finding latest CDS file for university_of_chicago... 
2026-01-30 17:34:28 [32minfo[39m: Found CDS link for university_of_chicago: https://data.uchicago.edu/files/2025/08/CDS_2024-2025_to_publish.pdf (year: 2024) 
2026-01-30 17:34:29 [32minfo[39m: Finding latest CDS file for university_of_notre_dame... 
2026-01-30 17:34:29 [33mwarn[39m: No year-specific CDS links found for university_of_notre_dame 
2026-01-30 17:34:37 [32minfo[39m: Finding latest CDS file for johns_hopkins_university... 
2026-01-30 17:34:37 [33mwarn[39m: No CDS links found for johns_hopkins_university {
  "allLinks": [
    {
      "href": "https://www.cloudflare.com/5xx-error-landing",
      "text": "Cloudflare"
    }
  ]
}
2026-01-30 17:34:45 [32minfo[39m: Finding latest CDS file for university_of_georgia... 
2026-01-30 17:34:46 [33mwarn[39m: No year-specific CDS links found for university_of_georgia 
2026-01-30 17:34:55 [32minfo[39m: Finding latest CDS file for university_of_north_carolina_at_chapel_hill... 
2026-01-30 17:34:56 [33mwarn[39m: No CDS links found for university_of_north_carolina_at_chapel_hill {
  "allLinks": [
    {
      "href": "https://www.unc.edu/about/privacy-statement/",
      "text": "Privacy Notice"
    },
    {
      "href": "https://oira.unc.edu/reports/reports-archives/common-data-set/#unc-search",
      "text": "skip to the end of the global utility bar"
    },
    {
      "href": "http://www.unc.edu/",
      "text": "The University of North Carolina at Chapel Hill"
    },
    {
      "href": "https://www.unc.edu/about/accessibility/",
      "text": "Accessibility"
    },
    {
      "href": "https://www.unc.edu/events/",
      "text": "Events"
    },
    {
      "href": "http://library.unc.edu/",
      "text": "Libraries"
    },
    {
      "href": "https://maps.unc.edu/",
      "text": "Maps"
    },
    {
      "href": "https://www.unc.edu/a-z/",
      "text": "Departments"
    },
    {
      "href": "https://connectcarolina.unc.edu/",
      "text": "ConnectCarolina"
    },
    {
      "href": "https://www.unc.edu/search",
      "text": "UNC Search"
    },
    {
      "href": "https://oira.unc.edu/reports/reports-archives/common-data-set/#main",
      "text": "skip to main"
    },
    {
      "href": "https://alertcarolina.unc.edu/",
      "text": "!Alert Carolina! Adverse Conditions: Critical - University moving to Condition 2 at 12 a.m. on Saturday, Jan. 31. More info: alertcarolina.unc.edu"
    },
    {
      "href": "https://oira.unc.edu/reports/reports-archives/common-data-set/#maincontent",
      "text": "Skip to main content"
    },
    {
      "href": "https://oira.unc.edu/reports/reports-archives/common-data-set/#maincontent",
      "text": "Skip to main content"
    },
    {
      "href": "https://oira.unc.edu/",
      "text": ""
    },
    {
      "href": "https://oira.unc.edu/",
      "text": "OIRA"
    },
    {
      "href": "https://oira.unc.edu/reports/",
      "text": "Analytic Reports"
    },
    {
      "href": "https://oira.unc.edu/reports/",
      "text": "Analytic Reports"
    },
    {
      "href": "https://oira.unc.edu/reports/reports-archives/",
      "text": "Report Library"
    },
    {
      "href": "https://assessment.unc.edu/",
      "text": "Assessment"
    },
    {
      "href": "https://oira.unc.edu/student-achievement-goals-and-success/",
      "text": "Goals and Success"
    },
    {
      "href": "https://oira.unc.edu/strategic-planning/",
      "text": "Strategic Planning"
    },
    {
      "href": "https://oira.unc.edu/accreditation/",
      "text": "Accreditation"
    },
    {
      "href": "https://oira.unc.edu/oira/unc-system-defined-peer-group/",
      "text": "Peer Groups"
    },
    {
      "href": "https://oira.unc.edu/",
      "text": "Home"
    },
    {
      "href": "https://oira.unc.edu/reports/",
      "text": "Analytic Reports"
    },
    {
      "href": "https://oira.unc.edu/reports/reports-archives/",
      "text": "Report Library"
    },
    {
      "href": "",
      "text": ""
    },
    {
      "href": "https://oira.unc.edu/wp-content/uploads/sites/297/2025/08/CDS_UNCCH_2024-25_20250829.pdf",
      "text": "2024-25"
    },
    {
      "href": "https://oira.unc.edu/wp-content/uploads/sites/297/2024/07/CDS_PUBLISHED_2023_2024_07162024.pdf",
      "text": "2023-24"
    },
    {
      "href": "https://oira.unc.edu/wp-content/uploads/sites/297/2024/02/CDS_2022-23_20240206.pdf",
      "text": "2022-23"
    },
    {
      "href": "https://oira.unc.edu/wp-content/uploads/sites/297/2023/08/CDS_2021-22_20230825.pdf",
      "text": "2021-22"
    },
    {
      "href": "https://oira.unc.edu/wp-content/uploads/sites/297/2022/07/CDS_2020-21_20220705.pdf",
      "text": "2020-21"
    },
    {
      "href": "https://oira.unc.edu/wp-content/uploads/sites/297/2020/12/CDS_2019-2020_20201201.pdf",
      "text": "2019-20"
    },
    {
      "href": "https://oira.unc.edu/wp-content/uploads/sites/297/2020/05/CDS_2018-2019_20200513.pdf",
      "text": "2018-19"
    },
    {
      "href": "https://oira.unc.edu/wp-content/uploads/sites/297/2018/06/CDS_2017-2018_20180605.pdf",
      "text": "2017-18"
    },
    {
      "href": "https://oira.unc.edu/wp-content/uploads/sites/297/2018/03/cds_2016_2017_20180315.pdf",
      "text": "2016-17"
    },
    {
      "href": "https://oira.unc.edu/wp-content/uploads/sites/297/2017/07/CDS_2015-2016_2016041416.pdf",
      "text": "2015-16"
    },
    {
      "href": "https://oira.unc.edu/wp-content/uploads/sites/297/2018/03/CH-CDS_2014-2015-Final-March-22-2018-Revision.pdf",
      "text": "2014-15"
    },
    {
      "href": "https://oira.unc.edu/wp-content/uploads/sites/297/2017/07/cds_2013_2014.pdf",
      "text": "2013-14"
    },
    {
      "href": "https://oira.unc.edu/wp-content/uploads/sites/297/2018/03/CDS-12-13-March-22-2018-Revision.pdf",
      "text": "2012-13"
    },
    {
      "href": "https://oira.unc.edu/wp-content/uploads/sites/297/2017/07/cds_2011_2012.pdf",
      "text": "2011-12"
    },
    {
      "href": "https://oira.unc.edu/wp-content/uploads/sites/297/2017/07/cds_2010_2011.pdf",
      "text": "2010-11"
    },
    {
      "href": "https://oira.unc.edu/wp-content/uploads/sites/297/2017/07/cds_2009_2010.pdf",
      "text": "2009-10"
    },
    {
      "href": "https://oira.unc.edu/wp-content/uploads/sites/297/2017/07/cds_2008_2009.pdf",
      "text": "2008-09"
    },
    {
      "href": "https://oira.unc.edu/wp-content/uploads/sites/297/2017/07/cds_2007_2008_final.pdf",
      "text": "2007-08"
    },
    {
      "href": "https://oira.unc.edu/wp-content/uploads/sites/297/2017/07/cds_2006_2007.pdf",
      "text": "2006-07"
    },
    {
      "href": "https://oira.unc.edu/wp-content/uploads/sites/297/2017/07/cds_2005_2006.pdf",
      "text": "2005-06"
    },
    {
      "href": "https://oira.unc.edu/wp-content/uploads/sites/297/2017/07/cds_2004_2005.pdf",
      "text": "2004-05"
    },
    {
      "href": "https://oira.unc.edu/wp-content/uploads/sites/297/2017/07/cds_2003-2004.pdf",
      "text": "2003-04"
    },
    {
      "href": "https://oira.unc.edu/wp-content/uploads/sites/297/2017/07/cds_2002_2003.pdf",
      "text": "2002-03"
    },
    {
      "href": "https://oira.unc.edu/wp-content/uploads/sites/297/2017/07/cds_2001_2002.pdf",
      "text": "2001-02"
    },
    {
      "href": "https://oira.unc.edu/wp-content/uploads/sites/297/2017/07/cds_2000_2001.pdf",
      "text": "2000-01"
    },
    {
      "href": "https://oira.unc.edu/wp-content/uploads/sites/297/2017/07/cds_1999_2000.pdf",
      "text": "1999-00"
    },
    {
      "href": "mailto:oira@unc.edu",
      "text": "oira@unc.edu"
    },
    {
      "href": "tel:919-962-1500",
      "text": "(919) 962-1500"
    },
    {
      "href": "",
      "text": "More About OIRA (Pending)"
    },
    {
      "href": "http://research.unc.edu/about/facts-rankings/",
      "text": "Research"
    },
    {
      "href": "https://finance.unc.edu/",
      "text": "Finance and Administration"
    },
    {
      "href": "https://studentaffairs.unc.edu/about-us/annual-reports/",
      "text": "Student Affairs"
    },
    {
      "href": "http://library.unc.edu/",
      "text": "Libraries"
    },
    {
      "href": "http://admissions.unc.edu/",
      "text": "Undergraduate Admissions"
    },
    {
      "href": "http://gradschool.unc.edu/about/data/",
      "text": "The Graduate School"
    },
    {
      "href": "http://registrar.unc.edu/",
      "text": "Registrar"
    },
    {
      "href": "https://its.unc.edu/services/business-intelligence-reporting/",
      "text": "Enterprise Reporting, Analytics & Data (ITS)"
    },
    {
      "href": "https://www.northcarolina.edu/impact/stats-data-reports/",
      "text": "UNC System"
    },
    {
      "href": "https://www.ed.gov/",
      "text": "U.S. Department of Education"
    },
    {
      "href": "https://oira.unc.edu/additional-resources/",
      "text": "Get More Resources"
    },
    {
      "href": "https://oira.unc.edu/how-to-use-this-site/",
      "text": "How do I use this web site?"
    },
    {
      "href": "https://oira.unc.edu/reports/reports-archives/fact-books/",
      "text": "Where is the fact book?"
    },
    {
      "href": "https://oira.unc.edu/reporting-schedule/",
      "text": "When are the Reports updated?"
    },
    {
      "href": "https://oira.unc.edu/frequently-asked-questions/",
      "text": "Get More FAQs"
    }
  ]
}
2026-01-30 17:35:05 [32minfo[39m: Finding latest CDS file for university_of_illinois_urbana_champaign... 
2026-01-30 17:35:06 [33mwarn[39m: No year-specific CDS links found for university_of_illinois_urbana_champaign 
2026-01-30 17:35:17 [32minfo[39m: Finding latest CDS file for washington_university_in_st_louis... 
2026-01-30 17:35:19 [32minfo[39m: Found CDS link for washington_university_in_st_louis: https://washu.edu/app/uploads/2025/06/2024-2025-WashU-CDS.pdf (year: 2024) 
2026-01-30 17:35:19 [32minfo[39m: Finding latest CDS file for rice_university... 
2026-01-30 17:35:20 [33mwarn[39m: No year-specific CDS links found for rice_university 
2026-01-30 17:35:44 [32minfo[39m: Finding latest CDS file for rutgers_university... 
2026-01-30 17:35:44 [31merror[39m: Error finding latest CDS file for rutgers_university {
  "error": {
    "message": "net::ERR_SSL_PROTOCOL_ERROR at https://oirap.rutgers.edu/ReportingCommonDataSet.html",
    "stack": "Error: net::ERR_SSL_PROTOCOL_ERROR at https://oirap.rutgers.edu/ReportingCommonDataSet.html\n    at navigate (/Users/ryanchiang/Sites/college-datasets/node_modules/.pnpm/puppeteer-core@24.36.1/node_modules/puppeteer-core/src/cdp/Frame.ts:211:13)\n    at async Function.race (/Users/ryanchiang/Sites/college-datasets/node_modules/.pnpm/puppeteer-core@24.36.1/node_modules/puppeteer-core/src/util/Deferred.ts:49:14)\n    at async CdpFrame.goto (/Users/ryanchiang/Sites/college-datasets/node_modules/.pnpm/puppeteer-core@24.36.1/node_modules/puppeteer-core/src/cdp/Frame.ts:164:17)\n    at async CdpPage.goto (/Users/ryanchiang/Sites/college-datasets/node_modules/.pnpm/puppeteer-core@24.36.1/node_modules/puppeteer-core/src/api/Page.ts:1756:12)\n    at async getLatestCDSLink (/Users/ryanchiang/Sites/college-datasets/packages/parser/src/scrape.ts:19:5)\n    at async main (/Users/ryanchiang/Sites/college-datasets/packages/parser/src/tui.ts:171:17)"
  }
}
2026-01-30 17:36:08 [32minfo[39m: Finding latest CDS file for tufts_university... 
2026-01-30 17:36:10 [32minfo[39m: Found CDS link for tufts_university: https://provost.tufts.edu/institutionalresearch/wp-content/uploads/sites/5/CDS_2024-2025-1.pdf (year: 2024) 
2026-01-30 17:36:10 [32minfo[39m: Finding latest CDS file for penn_state_university... 
2026-01-30 17:36:12 [32minfo[39m: Found CDS link for penn_state_university: https://opair.psu.edu/files/2025/06/CDS_2024_2025_UniversityPark_v2.pdf (year: 2025) 
2026-01-30 17:36:12 [32minfo[39m: Finding latest CDS file for emory_university... 
2026-01-30 17:36:13 [33mwarn[39m: No CDS links found for emory_university {
  "allLinks": [
    {
      "href": "https://provost.emory.edu/planning-administration/data/common-data-set.html#main",
      "text": "Skip to main content"
    },
    {
      "href": "https://www.emory.edu/",
      "text": ""
    },
    {
      "href": "https://provost.emory.edu/planning-administration/index.html",
      "text": "Office of Planning and Administration"
    },
    {
      "href": "https://provost.emory.edu/planning-administration/index.html",
      "text": "Home"
    },
    {
      "href": "https://provost.emory.edu/index.html",
      "text": "Office of the Provost"
    },
    {
      "href": "https://provost.emory.edu/planning-administration/about/index.html",
      "text": "About Us"
    },
    {
      "href": "https://provost.emory.edu/planning-administration/accreditation/index.html",
      "text": "Accreditation"
    },
    {
      "href": "https://provost.emory.edu/planning-administration/assessment/index.html",
      "text": "Assessment"
    },
    {
      "href": "https://provost.emory.edu/planning-administration/programs/index.html",
      "text": "Program Planning"
    },
    {
      "href": "https://provost.emory.edu/planning-administration/data/index.html",
      "text": "Institutional Research                                            (current)"
    },
    {
      "href": "https://provost.emory.edu/planning-administration/budgets/index.html",
      "text": "University Budgets"
    },
    {
      "href": "https://provost.emory.edu/planning-administration/index.html",
      "text": "Home"
    },
    {
      "href": "https://provost.emory.edu/planning-administration/data/index.html",
      "text": "Institutional Research and Decision Support"
    },
    {
      "href": "mailto:oir@emory.edu",
      "text": "contact us"
    },
    {
      "href": "https://provost.emory.edu/planning-administration/_includes/documents/sections/institutional-data/emory-common-data-set-2024-2025.pdf",
      "text": "2024-2025"
    },
    {
      "href": "https://provost.emory.edu/planning-administration/_includes/documents/sections/institutional-data/emory-common-data-set-2023-2024.pdf",
      "text": "2023-2024"
    },
    {
      "href": "https://provost.emory.edu/planning-administration/_includes/documents/sections/institutional-data/emory-common-data-set-2022-2023.pdf",
      "text": "2022-2023"
    },
    {
      "href": "https://provost.emory.edu/planning-administration/_includes/documents/sections/institutional-data/emory-common-data-set-2021-2022.pdf",
      "text": "2021-2022"
    },
    {
      "href": "https://provost.emory.edu/planning-administration/data/index.html",
      "text": "Institutional Research and Decision Support"
    },
    {
      "href": "https://provost.emory.edu/planning-administration/data/factbook/index.html",
      "text": "Dashboards and Fact Books"
    },
    {
      "href": "https://provost.emory.edu/planning-administration/data/survey/index.html",
      "text": "Surveys"
    },
    {
      "href": "https://provost.emory.edu/planning-administration/data/requests.html",
      "text": "Project Requests"
    },
    {
      "href": "https://provost.emory.edu/planning-administration/data/common-data-set.html",
      "text": "Institutional Reporting"
    },
    {
      "href": "https://provost.emory.edu/planning-administration/data/resources.html",
      "text": "Resources"
    },
    {
      "href": "https://provost.emory.edu/planning-administration/data/common-data-set.html#main",
      "text": "Back to main content"
    },
    {
      "href": "https://provost.emory.edu/planning-administration/data/common-data-set.html#top",
      "text": "Back to top"
    },
    {
      "href": "https://www.emory.edu/",
      "text": ""
    },
    {
      "href": "http://cfde.emory.edu/",
      "text": "Center for Faculty Development and Excellence"
    },
    {
      "href": "http://compliance.emory.edu/",
      "text": "Compliance"
    },
    {
      "href": "http://www.emory.edu/emeritus/",
      "text": "Emeritus College"
    },
    {
      "href": "https://provost.emory.edu/faculty",
      "text": "Faculty Affairs"
    },
    {
      "href": "http://www.policies.emory.edu/",
      "text": "Emory Policies"
    },
    {
      "href": "http://college.emory.edu/",
      "text": "Emory College"
    },
    {
      "href": "https://oxford.emory.edu/",
      "text": "Oxford College"
    },
    {
      "href": "http://goizueta.emory.edu/",
      "text": "Goizueta Business School"
    },
    {
      "href": "http://gs.emory.edu/",
      "text": "Laney Graduate School"
    },
    {
      "href": "http://law.emory.edu/",
      "text": "School of Law"
    },
    {
      "href": "http://med.emory.edu/",
      "text": "School of Medicine"
    },
    {
      "href": "http://nursing.emory.edu/",
      "text": "Nell Hodgson Woodruff School of Nursing"
    },
    {
      "href": "http://sph.emory.edu/",
      "text": "Rollins School of Public Health"
    },
    {
      "href": "https://candler.emory.edu/",
      "text": "Candler School of Theology"
    },
    {
      "href": "http://carlos.emory.edu/",
      "text": "Michael C. Carlos Museum"
    },
    {
      "href": "http://ethics.emory.edu/",
      "text": "Center for Ethics"
    },
    {
      "href": "http://equityandinclusion.emory.edu/",
      "text": "Equity and Inclusion"
    },
    {
      "href": "http://www.studentaid.emory.edu/",
      "text": "Financial Aid"
    },
    {
      "href": "http://global.emory.edu/",
      "text": "Global Engagement"
    },
    {
      "href": "http://lits.emory.edu/",
      "text": "Libraries and Information Technology"
    },
    {
      "href": "http://registrar.emory.edu/",
      "text": "Registrar"
    },
    {
      "href": "http://apply.emory.edu/",
      "text": "Undergraduate Admission"
    },
    {
      "href": "https://provost.emory.edu/index.html",
      "text": ""
    },
    {
      "href": "mailto:provost@emory.edu",
      "text": "provost@emory.edu"
    },
    {
      "href": "tel:404-727-0785",
      "text": "404-727-0785"
    },
    {
      "href": "https://www.emory.edu/",
      "text": "Emory University"
    },
    {
      "href": "https://equityandcompliance.emory.edu/equity-inclusion/affirmative-action/eoaa-statements.html",
      "text": "EEO Employer-Disability/Veteran Statements"
    },
    {
      "href": "https://communications.emory.edu/resources/web-guide/copyright.html",
      "text": "Copyright"
    },
    {
      "href": "https://ethicsandcompliance.emory.edu/privacy/index.html",
      "text": "Privacy Statement"
    },
    {
      "href": "https://provost.emory.edu/planning-administration/data/common-data-set.html#top",
      "text": "Back to top"
    }
  ]
}
2026-01-30 17:36:24 [32minfo[39m: Finding latest CDS file for clemson_university... 
2026-01-30 17:36:27 [32minfo[39m: Found CDS link for clemson_university: https://open.clemson.edu/cds/17 (year: 2024) 
2026-01-30 17:36:28 [32minfo[39m: Finding latest CDS file for carnegie_mellon_university... 
2026-01-30 17:36:30 [32minfo[39m: Found CDS link for carnegie_mellon_university: https://www.cmu.edu/ira/CDS/cds_2526.html (year: 2025) 
2026-01-30 17:36:30 [32minfo[39m: Finding latest CDS file for william_and_mary_college... 
2026-01-30 17:36:33 [32minfo[39m: Found CDS link for william_and_mary_college: https://www.wm.edu/offices/it/services/ir/university_data/cds/cds_2025-2026-definition.pdf (year: 2025) 
2026-01-30 17:36:34 [32minfo[39m: Finding latest CDS file for north_carolina_state_university... 
2026-01-30 17:36:34 [33mwarn[39m: No CDS links found for north_carolina_state_university {
  "allLinks": []
}
2026-01-30 17:36:36 [32minfo[39m: Finding latest CDS file for university_of_washington... 
2026-01-30 17:36:39 [32minfo[39m: Found CDS link for university_of_washington: https://uw-s3-cdn.s3.us-west-2.amazonaws.com/wp-content/uploads/sites/162/2025/04/01121035/CDS_2024-2025_Seattle.pdf (year: 2024) 
2026-01-30 17:36:43 [32minfo[39m: Finding latest CDS file for california_institute_of_technology... 
2026-01-30 17:36:44 [32minfo[39m: Found CDS link for california_institute_of_technology: https://finance.caltech.edu/documents/31472/cds_2025.pdf (year: 2024) 
2026-01-30 17:36:45 [32minfo[39m: Finding latest CDS file for florida_state_university... 
2026-01-30 17:36:47 [33mwarn[39m: No CDS links found for florida_state_university {
  "allLinks": [
    {
      "href": "https://www.fsu.edu//misc/policy.html",
      "text": "Privacy Policy"
    },
    {
      "href": "https://ir.fsu.edu/commondataset.aspx#content",
      "text": "Skip to main content"
    },
    {
      "href": "https://www.fsu.edu/",
      "text": ""
    },
    {
      "href": "https://fsu.edu/",
      "text": "FSU"
    },
    {
      "href": "https://ir.fsu.edu/",
      "text": "Florida State University"
    },
    {
      "href": "https://ir.fsu.edu/commondataset.aspx#fsu-global-nav",
      "text": "Navigation"
    },
    {
      "href": "https://ir.fsu.edu/commondataset.aspx#fsu-search",
      "text": "Search FSU"
    },
    {
      "href": "https://webmail.fsu.edu/",
      "text": "Webmail"
    },
    {
      "href": "https://ir.fsu.edu/$",
      "text": "Home"
    },
    {
      "href": "https://ir.fsu.edu/commondataset.aspx#",
      "text": "Alpha"
    },
    {
      "href": "https://ir.fsu.edu/commondataset.aspx#",
      "text": "Bravo"
    },
    {
      "href": "https://ir.fsu.edu/commondataset.aspx#",
      "text": "Charlie"
    },
    {
      "href": "https://ir.fsu.edu/commondataset.aspx#",
      "text": "Delta"
    },
    {
      "href": "https://ir.fsu.edu/commondataset.aspx#",
      "text": "Echo"
    },
    {
      "href": "https://ir.fsu.edu/commondataset.aspx#",
      "text": "Foxtrot"
    },
    {
      "href": "https://fsu.edu/academics/",
      "text": "Academics"
    },
    {
      "href": "https://admissions.fsu.edu/",
      "text": "Admissions"
    },
    {
      "href": "https://research.fsu.edu/",
      "text": "Research"
    },
    {
      "href": "https://faculty.fsu.edu/",
      "text": "Faculty"
    },
    {
      "href": "https://fsu.edu/students/",
      "text": "Students"
    },
    {
      "href": "https://veterans.fsu.edu/",
      "text": "Veterans"
    },
    {
      "href": "https://fsu.edu/support-fsu/",
      "text": "Support FSU"
    },
    {
      "href": "https://ir.fsu.edu/commondataset.aspx#fsu-global-nav",
      "text": "Close Menu"
    },
    {
      "href": "https://ir.fsu.edu/index.aspx",
      "text": "Home"
    },
    {
      "href": "https://ir.fsu.edu/facts.aspx",
      "text": "Facts"
    },
    {
      "href": "https://ir.fsu.edu/students.aspx",
      "text": "Students"
    },
    {
      "href": "https://ir.fsu.edu/faculty.aspx",
      "text": "Faculty"
    },
    {
      "href": "https://ir.fsu.edu/surveys.aspx",
      "text": "Surveys"
    },
    {
      "href": "https://ir.fsu.edu/indicators.aspx",
      "text": "Indicators"
    },
    {
      "href": "https://ir.fsu.edu/matrix_of_metrics.aspx",
      "text": "Metrics"
    },
    {
      "href": "https://ir.fsu.edu/research.aspx",
      "text": "Research"
    },
    {
      "href": "https://ir.fsu.edu/resources.aspx",
      "text": "Resources"
    },
    {
      "href": "https://ir.fsu.edu/staff.aspx",
      "text": "About"
    },
    {
      "href": "mailto:ir@fsu.edu",
      "text": "ir@fsu.edu"
    },
    {
      "href": "mailto:abrady@fsu.edu",
      "text": "abrady@fsu.edu"
    },
    {
      "href": "http://www.ir.fsu.edu/Common_Data_Set/",
      "text": "http://www.ir.fsu.edu/Common_Data_Set/"
    },
    {
      "href": "http://www.fsu.edu/",
      "text": "www.fsu.edu"
    },
    {
      "href": "mailto:admissions@admin.fsu.edu",
      "text": "admissions@admin.fsu.edu"
    },
    {
      "href": "http://admissions.fsu.edu/apply/",
      "text": "http://admissions.fsu.edu/apply/"
    },
    {
      "href": "mailto:IR@fsu.edu",
      "text": "EMAIL"
    },
    {
      "href": "https://app.powerbi.com/Redirect?action=OpenApp&appId=5d44ead3-c2e3-446b-b513-eea342c7a828&ctid=a36450eb-db06-42a7-8d1b-026719f701e3",
      "text": "Institutional Research Power BI App"
    },
    {
      "href": "https://directory.fsu.edu/",
      "text": "FSU Directory Assistance"
    },
    {
      "href": "https://fsu.edu/misc/comments.html",
      "text": "Questions or Comments"
    },
    {
      "href": "https://fsu.edu/misc/policy.html",
      "text": "Privacy Policy"
    },
    {
      "href": "https://fsu.edu/misc/copyright.html",
      "text": "Copyright"
    },
    {
      "href": "https://www.facebook.com/floridastate",
      "text": "Like Florida State on Facebook"
    },
    {
      "href": "https://instagram.com/floridastateuniversity/",
      "text": "Follow Florida State on Instagram"
    },
    {
      "href": "https://x.com/floridastate",
      "text": "Follow Florida State on X"
    },
    {
      "href": "https://www.youtube.com/FloridaState",
      "text": "Follow Florida State on Youtube"
    },
    {
      "href": "https://www.linkedin.com/edu/school?id=18100",
      "text": "Connect with Florida State on LinkedIn"
    },
    {
      "href": "https://www.fsu.edu/socialmedia/",
      "text": "More FSU Social Media"
    },
    {
      "href": "https://ir.fsu.edu/commondataset.aspx#",
      "text": "Cookie Preferences"
    }
  ]
}
2026-01-30 17:36:49 [32minfo[39m: Finding latest CDS file for virginia_tech... 
2026-01-30 17:36:53 [32minfo[39m: Found CDS link for virginia_tech: https://aie.vt.edu/content/dam/aie_vt_edu/common-data-set/24-25/2024-2025-CDS.xlsx (year: 2024) 
2026-01-30 17:36:54 [32minfo[39m: Finding latest CDS file for tulane_university... 
2026-01-30 17:36:54 [32minfo[39m: Found CDS link for tulane_university: https://tulane.box.com/s/1dgaxpa2x2ie24zgglrg0puwm1h7xrt5 (year: 2025) 
2026-01-30 17:36:56 [32minfo[39m: Finding latest CDS file for university_of_california_santa_barbara... 
2026-01-30 17:36:57 [32minfo[39m: Found CDS link for university_of_california_santa_barbara: https://drive.google.com/file/d/1HLeGQ6-vYTKhy3-e_zyfLDhW0jRfkIf3/view?usp=sharing (year: 2024) 
2026-01-30 17:37:00 [32minfo[39m: Finding latest CDS file for boston_university... 
2026-01-30 17:37:00 [32minfo[39m: Found CDS link for boston_university: https://www.bu.edu/asir/files/2025/03/cds-2025.pdf (year: 2024) 
2026-01-30 19:45:37 [32minfo[39m: Finding latest CDS file for stanford_university... 
2026-01-30 19:45:37 [32minfo[39m: Found CDS link for stanford_university: https://drive.google.com/file/d/12MjIqdzzHiECf6hfRlbU3RmmIy14hl1H/view?usp=sharing (year: 2024) 
2026-01-30 19:45:40 [32minfo[39m: Finding latest CDS file for harvard_university... 
2026-01-30 19:45:41 [32minfo[39m: Found CDS link for harvard_university: https://oira.harvard.edu/files/2025/06/HarvardUniversity_CDS_2024-2025.pdf (year: 2024) 
2026-01-30 19:45:42 [32minfo[39m: Finding latest CDS file for new_york_university... 
2026-01-30 19:45:42 [33mwarn[39m: No year-specific CDS links found for new_york_university 
2026-01-30 19:45:58 [32minfo[39m: Finding latest CDS file for massachusetts_institute_of_technology... 
2026-01-30 19:45:59 [32minfo[39m: Found CDS link for massachusetts_institute_of_technology: https://ir.mit.edu/projects/2024-25-common-data-set/ (year: 2024) 
2026-01-30 19:46:00 [32minfo[39m: Finding latest CDS file for duke_university... 
2026-01-30 19:46:01 [32minfo[39m: Found CDS link for duke_university: https://ir.provost.duke.edu/sites/default/files/CDS-2024-25-Final-2.pdf (year: 2024) 
2026-01-30 19:46:02 [32minfo[39m: Finding latest CDS file for university_of_pennsylvania... 
2026-01-30 19:46:02 [32minfo[39m: Found CDS link for university_of_pennsylvania: https://upenn.box.com/s/ckv4frz37rzxa4u6bdiv2h4yzykqm4ef (year: 2024) 
2026-01-30 19:46:04 [32minfo[39m: Finding latest CDS file for cornell_university... 
2026-01-30 19:46:05 [32minfo[39m: Found CDS link for cornell_university: http://irp.dpb.cornell.edu/wp-content/uploads/2025/07/CDS-2024-2025-v6-print.pdf (year: 2024) 
2026-01-30 19:46:07 [32minfo[39m: Finding latest CDS file for university_of_california_los_angeles... 
2026-01-30 19:46:07 [32minfo[39m: Found CDS link for university_of_california_los_angeles: https://apb.ucla.edu/file/d1ab04b3-ee89-4cf2-9124-8dc0471b5e5a (year: 2025) 
2026-01-30 19:46:09 [32minfo[39m: Finding latest CDS file for vanderbilt_university... 
2026-01-30 19:46:10 [33mwarn[39m: No valid CDS link found for vanderbilt_university (checked 26 links) {
  "linksWithYears": [
    {
      "href": "https://cdn.vanderbilt.edu/vu-wpfsx/wp-content/uploads/sites/70/2025/11/CDS_2024-2025.xlsx",
      "text": "Download",
      "year": 2024
    },
    {
      "href": "https://cdn.vanderbilt.edu/vu-wpfsx/wp-content/uploads/sites/70/2025/11/CDS_2023_2024_for_web_publishing.xlsx",
      "text": "Download",
      "year": 2025
    },
    {
      "href": "https://cdn.vanderbilt.edu/vu-wpfsx/wp-content/uploads/sites/70/2025/11/CDS_2022-2023.xlsx",
      "text": "Download",
      "year": 2022
    },
    {
      "href": "https://cdn.vanderbilt.edu/vu-wpfsx/wp-content/uploads/sites/70/2025/11/CDS_2021-2022.xlsx",
      "text": "Download",
      "year": 2021
    },
    {
      "href": "https://cdn.vanderbilt.edu/vu-wpfsx/wp-content/uploads/sites/70/2025/11/CDS_2020-2021.xlsx",
      "text": "Download",
      "year": 2020
    },
    {
      "href": "https://cdn.vanderbilt.edu/vu-wpfsx/wp-content/uploads/sites/70/2025/11/CDS_2019-2020.xlsx",
      "text": "Download",
      "year": 2019
    },
    {
      "href": "https://cdn.vanderbilt.edu/vu-wpfsx/wp-content/uploads/sites/70/2025/11/CDS_2018-2019.xls",
      "text": "Download",
      "year": 2018
    },
    {
      "href": "https://cdn.vanderbilt.edu/vu-wpfsx/wp-content/uploads/sites/70/2025/11/CDS_2017-2018.xlsx",
      "text": "Download",
      "year": 2017
    },
    {
      "href": "https://cdn.vanderbilt.edu/vu-wpfsx/wp-content/uploads/sites/70/2025/11/CDS_2016-2017.xls",
      "text": "Download",
      "year": 2016
    },
    {
      "href": "https://cdn.vanderbilt.edu/vu-wpfsx/wp-content/uploads/sites/70/2025/11/CDS_2015-2016.xls",
      "text": "Download",
      "year": 2015
    },
    {
      "href": "https://cdn.vanderbilt.edu/vu-wpfsx/wp-content/uploads/sites/70/2025/11/CDS_2014-2015.xlsx",
      "text": "Download",
      "year": 2014
    },
    {
      "href": "https://cdn.vanderbilt.edu/vu-wpfsx/wp-content/uploads/sites/70/2025/11/CDS_2013-2014-BT-Submission-Ver-2.xlsx",
      "text": "Download",
      "year": 2013
    },
    {
      "href": "https://cdn.vanderbilt.edu/vu-wpfsx/wp-content/uploads/sites/70/2025/11/CDS_2012-2013.xlsx",
      "text": "Download",
      "year": 2012
    },
    {
      "href": "https://cdn.vanderbilt.edu/vu-wpfsx/wp-content/uploads/sites/70/2025/11/CDS_2011.xlsx",
      "text": "Download",
      "year": 2025
    },
    {
      "href": "https://cdn.vanderbilt.edu/vu-wpfsx/wp-content/uploads/sites/70/2025/11/CDS2010_2011.xls",
      "text": "Download",
      "year": 2025
    },
    {
      "href": "https://cdn.vanderbilt.edu/vu-wpfsx/wp-content/uploads/sites/70/2025/11/CDS2009_10.xls",
      "text": "Download",
      "year": 2025
    },
    {
      "href": "https://cdn.vanderbilt.edu/vu-wpfsx/wp-content/uploads/sites/70/2025/11/CDS2008_2009-2.xls",
      "text": "Download",
      "year": 2025
    },
    {
      "href": "https://cdn.vanderbilt.edu/vu-wpfsx/wp-content/uploads/sites/70/2025/11/CDS2007_2008.xls",
      "text": "Download",
      "year": 2025
    },
    {
      "href": "https://cdn.vanderbilt.edu/vu-wpfsx/wp-content/uploads/sites/70/2025/11/CDS2006_2007.xls",
      "text": "Download",
      "year": 2025
    },
    {
      "href": "https://cdn.vanderbilt.edu/vu-wpfsx/wp-content/uploads/sites/70/2025/11/CDS2005_2006.xls",
      "text": "Download",
      "year": 2025
    },
    {
      "href": "https://cdn.vanderbilt.edu/vu-wpfsx/wp-content/uploads/sites/70/2025/11/cds_200405.xls",
      "text": "Download",
      "year": 2025
    },
    {
      "href": "https://cdn.vanderbilt.edu/vu-wpfsx/wp-content/uploads/sites/70/2025/11/cds_2003-04.xls",
      "text": "Download",
      "year": 2003
    },
    {
      "href": "https://cdn.vanderbilt.edu/vu-wpfsx/wp-content/uploads/sites/70/2025/11/cds2002.doc",
      "text": "Download",
      "year": 2025
    },
    {
      "href": "https://cdn.vanderbilt.edu/vu-wpfsx/wp-content/uploads/sites/70/2025/11/cds2001.doc",
      "text": "Download",
      "year": 2025
    },
    {
      "href": "https://goo.gl/maps/TU8FgZp3VKWpSK1H8",
      "text": "Nashville, Tennessee 37240",
      "year": 3724
    },
    {
      "href": "tel:+16153227311",
      "text": "615-322-7311",
      "year": 7311
    }
  ]
}
2026-01-30 19:46:23 [32minfo[39m: Finding latest CDS file for yale_university... 
2026-01-30 19:46:23 [32minfo[39m: Found CDS link for yale_university: https://oir.yale.edu/sites/default/files/yale_cds_2024-25_rmd_20250612.pdf (year: 2024) 
2026-01-30 19:46:24 [32minfo[39m: Finding latest CDS file for university_of_southern_california... 
2026-01-30 19:46:25 [32minfo[39m: Found CDS link for university_of_southern_california: https://oir.usc.edu/common-data-set-archive/common-data-set-2024-2025/ (year: 2024) 
2026-01-30 19:46:26 [32minfo[39m: Finding latest CDS file for northwestern_university... 
2026-01-30 19:46:26 [32minfo[39m: Found CDS link for northwestern_university: https://www.enrollment.northwestern.edu/data/common-data-set.html# (year: 2024) 
2026-01-30 19:46:27 [32minfo[39m: Finding latest CDS file for georgia_institute_of_technology... 
2026-01-30 19:46:28 [32minfo[39m: Found CDS link for georgia_institute_of_technology: https://irp.gatech.edu/files/CDS/CDS_2025-2026_FINAL_23JAN2026.pdf (year: 2025) 
2026-01-30 19:46:29 [32minfo[39m: Finding latest CDS file for princeton_university... 
2026-01-30 19:46:29 [33mwarn[39m: No year-specific CDS links found for princeton_university 
2026-01-30 19:46:44 [32minfo[39m: Finding latest CDS file for boston_college... 
2026-01-30 19:46:46 [32minfo[39m: Found CDS link for boston_college: https://www.bc.edu/content/dam/bc1/offices/irp/ir/cds/Boston_College_CDS_2024-2025_Final.pdf (year: 2024) 
2026-01-30 19:46:47 [32minfo[39m: Finding latest CDS file for northeastern_university... 
2026-01-30 19:46:49 [33mwarn[39m: No valid CDS link found for northeastern_university (checked 18 links) {
  "linksWithYears": [
    {
      "href": "https://nam12.safelinks.protection.outlook.com/?url=https%3A%2F%2Fnces.ed.gov%2Fipeds%2Fuse-the-data%2Fsurvey-components%2F9%2Fgraduation-rates&data=05%7C02%7Cn.lemay%40northeastern.edu%7Ccb477440aef54f48221e08dc4854557a%7Ca8eec281aaa34daeac9b9a398b9215e7%7C0%7C0%7C638464774246429649%7CUnknown%7CTWFpbGZsb3d8eyJWIjoiMC4wLjAwMDAiLCJQIjoiV2luMzIiLCJBTiI6Ik1haWwiLCJXVCI6Mn0%3D%7C0%7C%7C%7C&sdata=rbCtkGBpgcwr1NtZCxlNU8tfQON%2BCmFm%2FsLIJU9p6fY%3D&reserved=0",
      "text": "https://nces.ed.gov/ipeds/use-the-data/survey-components/9/graduation-rates",
      "year": 4774
    },
    {
      "href": "https://uds.northeastern.edu/cds/2024-2025-draft/",
      "text": "2024-2025",
      "year": 2024
    },
    {
      "href": "https://uds.northeastern.edu/cds/2023-2024-2/",
      "text": "2023-2024",
      "year": 2023
    },
    {
      "href": "https://uds.northeastern.edu/cds/2022-2023-t/",
      "text": "2022-2023",
      "year": 2022
    },
    {
      "href": "https://uds.northeastern.edu/cds/2021-2022/",
      "text": "2021-2022",
      "year": 2021
    },
    {
      "href": "https://uds.northeastern.edu/cds/2020-2021/",
      "text": "2020-2021",
      "year": 2020
    },
    {
      "href": "https://uds.northeastern.edu/cds/2019-2020/",
      "text": "2019-2020",
      "year": 2019
    },
    {
      "href": "https://uds.northeastern.edu/cds/2018-2019/",
      "text": "2018-2019",
      "year": 2018
    },
    {
      "href": "https://uds.northeastern.edu/cds/2017-2018/",
      "text": "2017-2018",
      "year": 2017
    },
    {
      "href": "https://uds.northeastern.edu/cds/2016-2017/",
      "text": "2016-2017",
      "year": 2016
    },
    {
      "href": "https://uds.northeastern.edu/cds/2015-2016/",
      "text": "2015-2016",
      "year": 2015
    },
    {
      "href": "https://uds.northeastern.edu/cds/2014-2015/",
      "text": "2014-2015",
      "year": 2014
    },
    {
      "href": "https://uds.northeastern.edu/cds/2013-2014/",
      "text": "2013-2014",
      "year": 2013
    },
    {
      "href": "https://uds.northeastern.edu/cds/2012-2013/",
      "text": "2012-2013",
      "year": 2012
    },
    {
      "href": "https://uds.northeastern.edu/cds/2011-2012/",
      "text": "2011-2012",
      "year": 2011
    },
    {
      "href": "https://uds.northeastern.edu/cds/2010-2011/",
      "text": "2010-2011",
      "year": 2010
    },
    {
      "href": "https://uds.northeastern.edu/cds/2009-2010/",
      "text": "2009-2010",
      "year": 2009
    },
    {
      "href": "https://uds.northeastern.edu/cds/2008-09/",
      "text": "2008-2009",
      "year": 2008
    }
  ]
}
2026-01-30 19:46:59 [32minfo[39m: Finding latest CDS file for columbia_university... 
2026-01-30 19:46:59 [33mwarn[39m: No year-specific CDS links found for columbia_university 
2026-01-30 19:47:17 [32minfo[39m: Finding latest CDS file for university_of_virginia... 
2026-01-30 19:47:18 [33mwarn[39m: No year-specific CDS links found for university_of_virginia 
2026-01-30 19:47:30 [32minfo[39m: Finding latest CDS file for brown_university... 
2026-01-30 19:47:31 [32minfo[39m: Found CDS link for brown_university: https://oir.brown.edu/sites/default/files/2020-04/CDS_2024_2025.pdf (year: 2024) 
2026-01-30 19:47:32 [32minfo[39m: Finding latest CDS file for georgetown_university... 
2026-01-30 19:47:34 [32minfo[39m: Found CDS link for georgetown_university: https://georgetown.box.com/s/rp4p2ly4ej2tsikv827pl48psmb68quv (year: 2024) 
2026-01-30 19:47:36 [32minfo[39m: Finding latest CDS file for purdue_university... 
2026-01-30 19:47:38 [32minfo[39m: Found CDS link for purdue_university: https://www.purdue.edu/idata/wp-content/uploads/2026/01/CDS_2025-2026.pdf (year: 2025) 
2026-01-30 19:47:39 [32minfo[39m: Finding latest CDS file for university_of_california_berkeley... 
2026-01-30 19:47:40 [33mwarn[39m: No valid CDS link found for university_of_california_berkeley (checked 4 links) {
  "linksWithYears": [
    {
      "href": "https://docs.google.com/spreadsheets/d/1gG5Su0YadCRptQeSdJMLzGltVRar4_tb/edit?usp=sharing&ouid=108561847862806983489&rtpof=true&sd=true",
      "text": "2024-2025(link is external)",
      "year": 2024
    },
    {
      "href": "https://docs.google.com/spreadsheets/d/1CfCS76GVbnoWUkERd-mMtJT2EsIN2eVq/edit?usp=sharing&ouid=108582348139572462659&rtpof=true&sd=true",
      "text": "2023-2024(link is external)",
      "year": 2023
    },
    {
      "href": "https://docs.google.com/spreadsheets/d/1btrSgI8O3fL6GzNv28dvfoylS-cbFJ9I/edit?usp=sharing&ouid=108561847862806983489&rtpof=true&sd=true",
      "text": "2022-2023(link is external)",
      "year": 2022
    },
    {
      "href": "https://docs.google.com/spreadsheets/d/1YFq4ZZMuE5VDrfi9BV7NOPUlC25W1XNr/edit?usp=sharing&ouid=108561847862806983489&rtpof=true&sd=true",
      "text": "2021-2022(link is external)",
      "year": 2021
    }
  ]
}
2026-01-30 19:47:53 [32minfo[39m: Finding latest CDS file for university_of_florida... 
2026-01-30 19:47:55 [32minfo[39m: Found CDS link for university_of_florida:  (year: 2024) 
2026-01-30 19:47:58 [32minfo[39m: Finding latest CDS file for dartmouth_college... 
2026-01-30 19:47:59 [32minfo[39m: Found CDS link for dartmouth_college: https://www.dartmouth.edu/oir/pdfs/cds_2024-2025.pdf (year: 2024) 
2026-01-30 19:48:00 [32minfo[39m: Finding latest CDS file for university_of_texas_at_austin... 
2026-01-30 19:48:01 [33mwarn[39m: No year-specific CDS links found for university_of_texas_at_austin 
2026-01-30 19:48:02 [32minfo[39m: Finding latest CDS file for university_of_michigan... 
2026-01-30 19:48:03 [33mwarn[39m: No year-specific CDS links found for university_of_michigan 
2026-01-30 19:48:03 [32minfo[39m: Finding latest CDS file for university_of_chicago... 
2026-01-30 19:48:04 [32minfo[39m: Found CDS link for university_of_chicago: https://data.uchicago.edu/files/2025/08/CDS_2024-2025_to_publish.pdf (year: 2024) 
2026-01-30 19:48:05 [32minfo[39m: Finding latest CDS file for university_of_notre_dame... 
2026-01-30 19:48:06 [32minfo[39m: Found CDS link for university_of_notre_dame: https://www3.nd.edu/~instres/CDS/2024-2025/CDS_2024-2025.pdf (year: 2024) 
2026-01-30 19:48:07 [32minfo[39m: Finding latest CDS file for johns_hopkins_university... 
2026-01-30 19:48:07 [33mwarn[39m: No year-specific CDS links found for johns_hopkins_university 
2026-01-30 19:48:08 [32minfo[39m: Finding latest CDS file for university_of_georgia... 
2026-01-30 19:48:10 [32minfo[39m: Found CDS link for university_of_georgia: http://oir.uga.edu/wp-content/uploads/UGA_CDS_2024-2025.pdf (year: 2024) 
2026-01-30 19:48:12 [32minfo[39m: Finding latest CDS file for university_of_north_carolina_at_chapel_hill... 
2026-01-30 19:48:13 [32minfo[39m: Found CDS link for university_of_north_carolina_at_chapel_hill: https://oira.unc.edu/wp-content/uploads/sites/297/2025/08/CDS_UNCCH_2024-25_20250829.pdf (year: 2024) 
2026-01-30 19:48:14 [32minfo[39m: Finding latest CDS file for university_of_illinois_urbana_champaign... 
2026-01-30 19:48:14 [32minfo[39m: Found CDS link for university_of_illinois_urbana_champaign: https://www.dmi.illinois.edu/stuenr/stats/statsfa25.pdf (year: 2025) 
2026-01-30 19:48:14 [32minfo[39m: Finding latest CDS file for washington_university_in_st_louis... 
2026-01-30 19:48:17 [32minfo[39m: Found CDS link for washington_university_in_st_louis: https://washu.edu/app/uploads/2025/06/2024-2025-WashU-CDS.pdf (year: 2024) 
2026-01-30 19:48:18 [32minfo[39m: Finding latest CDS file for rice_university... 
2026-01-30 19:48:19 [32minfo[39m: Found CDS link for rice_university: https://ideas.rice.edu/wp-content/uploads/2025/10/CDS_2024-25_WEBSITE.pdf (year: 2024) 
2026-01-30 19:48:19 [32minfo[39m: Finding latest CDS file for rutgers_university... 
2026-01-30 19:48:19 [31merror[39m: Error finding latest CDS file for rutgers_university {
  "error": {
    "message": "net::ERR_SSL_PROTOCOL_ERROR at https://oirap.rutgers.edu/ReportingCommonDataSet.html",
    "stack": "Error: net::ERR_SSL_PROTOCOL_ERROR at https://oirap.rutgers.edu/ReportingCommonDataSet.html\n    at navigate (/Users/ryanchiang/Sites/college-datasets/node_modules/.pnpm/puppeteer-core@24.36.1/node_modules/puppeteer-core/src/cdp/Frame.ts:211:13)\n    at async Function.race (/Users/ryanchiang/Sites/college-datasets/node_modules/.pnpm/puppeteer-core@24.36.1/node_modules/puppeteer-core/src/util/Deferred.ts:49:14)\n    at async CdpFrame.goto (/Users/ryanchiang/Sites/college-datasets/node_modules/.pnpm/puppeteer-core@24.36.1/node_modules/puppeteer-core/src/cdp/Frame.ts:164:17)\n    at async CdpPage.goto (/Users/ryanchiang/Sites/college-datasets/node_modules/.pnpm/puppeteer-core@24.36.1/node_modules/puppeteer-core/src/api/Page.ts:1756:12)\n    at async getLatestCDSLink (/Users/ryanchiang/Sites/college-datasets/packages/parser/src/scrape.ts:19:5)\n    at async main (/Users/ryanchiang/Sites/college-datasets/packages/parser/src/tui.ts:179:17)"
  }
}
2026-01-30 19:48:22 [32minfo[39m: Finding latest CDS file for tufts_university... 
2026-01-30 19:48:23 [32minfo[39m: Found CDS link for tufts_university: https://provost.tufts.edu/institutionalresearch/wp-content/uploads/sites/5/CDS_2024-2025-1.pdf (year: 2024) 
2026-01-30 19:48:23 [32minfo[39m: Finding latest CDS file for penn_state_university... 
2026-01-30 19:48:24 [32minfo[39m: Found CDS link for penn_state_university: https://opair.psu.edu/files/2025/06/CDS_2024_2025_UniversityPark_v2.pdf (year: 2025) 
2026-01-30 19:48:25 [32minfo[39m: Finding latest CDS file for emory_university... 
2026-01-30 19:48:27 [32minfo[39m: Found CDS link for emory_university: https://provost.emory.edu/planning-administration/_includes/documents/sections/institutional-data/emory-common-data-set-2024-2025.pdf (year: 2024) 
2026-01-30 19:48:28 [32minfo[39m: Finding latest CDS file for clemson_university... 
2026-01-30 19:48:29 [32minfo[39m: Found CDS link for clemson_university: https://open.clemson.edu/cds/17 (year: 2024) 
2026-01-30 19:48:30 [32minfo[39m: Finding latest CDS file for carnegie_mellon_university... 
2026-01-30 19:48:32 [32minfo[39m: Found CDS link for carnegie_mellon_university: https://www.cmu.edu/ira/CDS/cds_2526.html (year: 2025) 
2026-01-30 19:48:32 [32minfo[39m: Finding latest CDS file for william_and_mary_college... 
2026-01-30 19:48:35 [32minfo[39m: Found CDS link for william_and_mary_college: https://www.wm.edu/offices/it/services/ir/university_data/cds/cds9899.pdf (year: 9899) 
2026-01-30 19:48:35 [32minfo[39m: Finding latest CDS file for north_carolina_state_university... 
2026-01-30 19:48:36 [33mwarn[39m: No year-specific CDS links found for north_carolina_state_university 
2026-01-30 19:48:37 [32minfo[39m: Finding latest CDS file for university_of_washington... 
2026-01-30 19:48:39 [32minfo[39m: Found CDS link for university_of_washington: https://uw-s3-cdn.s3.us-west-2.amazonaws.com/wp-content/uploads/sites/162/2025/04/01121035/CDS_2024-2025_Seattle.pdf (year: 2024) 
2026-01-30 19:48:42 [32minfo[39m: Finding latest CDS file for california_institute_of_technology... 
2026-01-30 19:48:44 [32minfo[39m: Found CDS link for california_institute_of_technology: https://finance.caltech.edu/documents/29877/TREASURY_ORG_CHART_Rev_121224.pdf (year: 2987) 
2026-01-30 19:48:45 [32minfo[39m: Finding latest CDS file for florida_state_university... 
2026-01-30 19:48:46 [33mwarn[39m: No valid CDS link found for florida_state_university (checked 2 links) {
  "linksWithYears": [
    {
      "href": "https://app.powerbi.com/Redirect?action=OpenApp&appId=5d44ead3-c2e3-446b-b513-eea342c7a828&ctid=a36450eb-db06-42a7-8d1b-026719f701e3",
      "text": "Institutional Research Power BI App",
      "year": 3645
    },
    {
      "href": "https://www.linkedin.com/edu/school?id=18100",
      "text": "Connect with Florida State on LinkedIn",
      "year": 1810
    }
  ]
}
2026-01-30 19:48:49 [32minfo[39m: Finding latest CDS file for virginia_tech... 
2026-01-30 19:48:51 [32minfo[39m: Found CDS link for virginia_tech: https://aie.vt.edu/content/dam/aie_vt_edu/common-data-set/24-25/2024-2025-CDS.xlsx (year: 2024) 
2026-01-30 19:48:52 [32minfo[39m: Finding latest CDS file for tulane_university... 
2026-01-30 19:48:53 [32minfo[39m: Found CDS link for tulane_university: https://tulane.box.com/s/1dgaxpa2x2ie24zgglrg0puwm1h7xrt5 (year: 2025) 
2026-01-30 19:48:54 [32minfo[39m: Finding latest CDS file for university_of_california_santa_barbara... 
2026-01-30 19:48:55 [32minfo[39m: Found CDS link for university_of_california_santa_barbara: https://drive.google.com/file/d/1HLeGQ6-vYTKhy3-e_zyfLDhW0jRfkIf3/view?usp=sharing (year: 2024) 
2026-01-30 19:48:58 [32minfo[39m: Finding latest CDS file for boston_university... 
2026-01-30 19:48:59 [32minfo[39m: Found CDS link for boston_university: https://www.bu.edu/asir/files/2025/03/cds-2025-a.pdf (year: 2025) 
2026-01-31 09:37:29 [32minfo[39m: Parsing stanford_university with file /Users/ryanchiang/Sites/college-datasets/packages/parser/data/cds-files/stanford_cds_2024_2025.pdf and mime type application/pdf 
2026-01-31 09:37:29 [32minfo[39m: Parsing harvard_university with file /Users/ryanchiang/Sites/college-datasets/packages/parser/data/cds-files/harvard_university_HarvardUniversity_CDS_2024-2025.pdf and mime type application/pdf 
2026-01-31 09:37:29 [32minfo[39m: Parsing new_york_university with file /Users/ryanchiang/Sites/college-datasets/packages/parser/data/cds-files/new_york_university_CDS_2024-2025-1.pdf and mime type application/pdf 
2026-01-31 09:37:29 [32minfo[39m: Parsing massachusetts_institute_of_technology with file /Users/ryanchiang/Sites/college-datasets/packages/parser/data/cds-files/massachusetts_institute_of_technology.html and mime type text/html 
2026-01-31 09:37:29 [32minfo[39m: Parsing duke_university with file /Users/ryanchiang/Sites/college-datasets/packages/parser/data/cds-files/duke_university_CDS-2024-25-Final-2.pdf and mime type application/pdf 
2026-01-31 09:37:29 [32minfo[39m: Parsing university_of_pennsylvania with file /Users/ryanchiang/Sites/college-datasets/packages/parser/data/cds-files/university_of_pennsylvania.html and mime type text/html 
2026-01-31 09:37:29 [32minfo[39m: Parsing cornell_university with file /Users/ryanchiang/Sites/college-datasets/packages/parser/data/cds-files/cornell_university_CDS-2024-2025-v6-print.pdf and mime type application/pdf 
2026-01-31 09:37:29 [32minfo[39m: Parsing university_of_california_los_angeles with file /Users/ryanchiang/Sites/college-datasets/packages/parser/data/cds-files/university_of_california_los_angeles.pdf and mime type application/pdf 
2026-01-31 09:37:29 [32minfo[39m: Parsing vanderbilt_university with file /Users/ryanchiang/Sites/college-datasets/packages/parser/data/cds-files/vanderbilt_university_CDS_2024-2025.xlsx and mime type application/vnd.openxmlformats-officedocument.spreadsheetml.sheet 
2026-01-31 09:37:29 [32minfo[39m: Parsing yale_university with file /Users/ryanchiang/Sites/college-datasets/packages/parser/data/cds-files/yale_university_yale_cds_2024-25_rmd_20250612.pdf and mime type application/pdf 
2026-01-31 09:37:29 [32minfo[39m: Parsing university_of_southern_california with file /Users/ryanchiang/Sites/college-datasets/packages/parser/data/cds-files/university_of_southern_california.html and mime type text/html 
2026-01-31 09:37:29 [32minfo[39m: Parsing northwestern_university with file /Users/ryanchiang/Sites/college-datasets/packages/parser/data/cds-files/northwestern_university.html and mime type text/html 
2026-01-31 09:37:29 [32minfo[39m: Parsing georgia_institute_of_technology with file /Users/ryanchiang/Sites/college-datasets/packages/parser/data/cds-files/georgia_institute_of_technology_CDS_2025-2026_FINAL_23JAN2026.pdf and mime type application/pdf 
2026-01-31 09:37:29 [32minfo[39m: Parsing princeton_university with file /Users/ryanchiang/Sites/college-datasets/packages/parser/data/cds-files/princeton_university_CDS_2425_Princeton_v2.pdf and mime type application/pdf 
2026-01-31 09:37:29 [32minfo[39m: Parsing boston_college with file /Users/ryanchiang/Sites/college-datasets/packages/parser/data/cds-files/boston_college_Boston_College_CDS_2024-2025_Final.pdf and mime type application/pdf 
2026-01-31 09:37:29 [32minfo[39m: Parsing northeastern_university with file /Users/ryanchiang/Sites/college-datasets/packages/parser/data/cds-files/northeastern_university.html and mime type text/html 
2026-01-31 09:37:29 [32minfo[39m: Parsing columbia_university with file /Users/ryanchiang/Sites/college-datasets/packages/parser/data/cds-files/columbia_university_2024-25_Columbia_General_Studies_CDS.pdf and mime type application/pdf 
2026-01-31 09:37:29 [32minfo[39m: Parsing university_of_virginia with file /Users/ryanchiang/Sites/college-datasets/packages/parser/data/cds-files/university_of_virginia_CDS_2024-2025_508.pdf and mime type application/pdf 
2026-01-31 09:37:29 [32minfo[39m: Parsing brown_university with file /Users/ryanchiang/Sites/college-datasets/packages/parser/data/cds-files/brown_university_CDS_2024_2025.pdf and mime type application/pdf 
2026-01-31 09:37:29 [32minfo[39m: Parsing georgetown_university with file /Users/ryanchiang/Sites/college-datasets/packages/parser/data/cds-files/georgetown_university.html and mime type text/html 
2026-01-31 09:37:29 [32minfo[39m: Parsing purdue_university with file /Users/ryanchiang/Sites/college-datasets/packages/parser/data/cds-files/purdue_university_CDS_2025-2026.pdf and mime type application/pdf 
2026-01-31 09:37:29 [32minfo[39m: Parsing university_of_california_berkeley with file /Users/ryanchiang/Sites/college-datasets/packages/parser/data/cds-files/university_of_california_berkeley.html and mime type text/html 
2026-01-31 09:37:29 [33mwarn[39m: Skipping university_of_florida because it failed 
2026-01-31 09:37:29 [32minfo[39m: Parsing dartmouth_college with file /Users/ryanchiang/Sites/college-datasets/packages/parser/data/cds-files/dartmouth_college_cds_2024-2025.pdf and mime type application/pdf 
2026-01-31 09:37:29 [33mwarn[39m: Skipping university_of_texas_at_austin because it failed 
2026-01-31 09:37:29 [33mwarn[39m: Skipping university_of_michigan because it failed 
2026-01-31 09:37:29 [32minfo[39m: Parsing university_of_chicago with file /Users/ryanchiang/Sites/college-datasets/packages/parser/data/cds-files/university_of_chicago_CDS_2024-2025_to_publish.pdf and mime type application/pdf 
2026-01-31 09:37:29 [32minfo[39m: Parsing university_of_notre_dame with file /Users/ryanchiang/Sites/college-datasets/packages/parser/data/cds-files/university_of_notre_dame_CDS_2024-2025.pdf and mime type application/pdf 
2026-01-31 09:37:29 [33mwarn[39m: Skipping johns_hopkins_university because it failed 
2026-01-31 09:37:29 [32minfo[39m: Parsing university_of_georgia with file /Users/ryanchiang/Sites/college-datasets/packages/parser/data/cds-files/university_of_georgia_UGA_CDS_2024-2025.pdf and mime type application/pdf 
2026-01-31 09:37:29 [32minfo[39m: Parsing university_of_north_carolina_at_chapel_hill with file /Users/ryanchiang/Sites/college-datasets/packages/parser/data/cds-files/university_of_north_carolina_at_chapel_hill_CDS_UNCCH_2024-25_20250829.pdf and mime type application/pdf 
2026-01-31 09:37:29 [32minfo[39m: Parsing university_of_illinois_urbana_champaign with file /Users/ryanchiang/Sites/college-datasets/packages/parser/data/cds-files/university_of_illinois_urbana_champaign_statsfa25.pdf and mime type application/pdf 
2026-01-31 09:37:29 [32minfo[39m: Parsing washington_university_in_st_louis with file /Users/ryanchiang/Sites/college-datasets/packages/parser/data/cds-files/washington_university_in_st_louis_2024-2025-WashU-CDS.pdf and mime type application/pdf 
2026-01-31 09:37:29 [32minfo[39m: Parsing rice_university with file /Users/ryanchiang/Sites/college-datasets/packages/parser/data/cds-files/rice_university_CDS_2024-25_WEBSITE.pdf and mime type application/pdf 
2026-01-31 09:37:29 [33mwarn[39m: Skipping rutgers_university because it failed 
2026-01-31 09:37:29 [32minfo[39m: Parsing tufts_university with file /Users/ryanchiang/Sites/college-datasets/packages/parser/data/cds-files/tufts_university_CDS_2024-2025-1.pdf and mime type application/pdf 
2026-01-31 09:37:29 [32minfo[39m: Parsing penn_state_university with file /Users/ryanchiang/Sites/college-datasets/packages/parser/data/cds-files/penn_state_university_CDS_2024_2025_UniversityPark_v2.pdf and mime type application/pdf 
2026-01-31 09:37:29 [32minfo[39m: Parsing emory_university with file /Users/ryanchiang/Sites/college-datasets/packages/parser/data/cds-files/emory_university_emory-common-data-set-2024-2025.pdf and mime type application/pdf 
2026-01-31 09:37:29 [32minfo[39m: Parsing clemson_university with file /Users/ryanchiang/Sites/college-datasets/packages/parser/data/cds-files/clemson_university.html and mime type text/html 
2026-01-31 09:37:29 [32minfo[39m: Parsing carnegie_mellon_university with file /Users/ryanchiang/Sites/college-datasets/packages/parser/data/cds-files/carnegie_mellon_university.html and mime type text/html 
2026-01-31 09:37:29 [32minfo[39m: Parsing william_and_mary_college with file /Users/ryanchiang/Sites/college-datasets/packages/parser/data/cds-files/william_and_mary_college_cds9899.pdf and mime type application/pdf 
2026-01-31 09:37:29 [33mwarn[39m: Skipping north_carolina_state_university because it failed 
2026-01-31 09:37:29 [32minfo[39m: Parsing university_of_washington with file /Users/ryanchiang/Sites/college-datasets/packages/parser/data/cds-files/university_of_washington_CDS_2024-2025_Seattle.pdf and mime type application/pdf 
2026-01-31 09:37:29 [32minfo[39m: Parsing california_institute_of_technology with file /Users/ryanchiang/Sites/college-datasets/packages/parser/data/cds-files/california_institute_of_technology_TREASURY_ORG_CHART_Rev_121224.pdf and mime type application/pdf 
2026-01-31 09:37:29 [33mwarn[39m: Skipping florida_state_university because it failed 
2026-01-31 09:37:29 [32minfo[39m: Parsing virginia_tech with file /Users/ryanchiang/Sites/college-datasets/packages/parser/data/cds-files/virginia_tech_2024-2025-CDS.xlsx and mime type application/vnd.openxmlformats-officedocument.spreadsheetml.sheet 
2026-01-31 09:37:29 [32minfo[39m: Parsing tulane_university with file /Users/ryanchiang/Sites/college-datasets/packages/parser/data/cds-files/tulane_university.html and mime type text/html 
2026-01-31 09:37:29 [32minfo[39m: Parsing university_of_california_santa_barbara with file /Users/ryanchiang/Sites/college-datasets/packages/parser/data/cds-files/common.data.set.2024.25.pdf and mime type application/pdf 
2026-01-31 09:37:29 [32minfo[39m: Parsing boston_university with file /Users/ryanchiang/Sites/college-datasets/packages/parser/data/cds-files/boston_university_cds-2025-a.pdf and mime type application/pdf 
2026-01-31 09:37:33 [32minfo[39m: Parsing stanford_university with file /Users/ryanchiang/Sites/college-datasets/packages/parser/data/cds-files/stanford_cds_2024_2025.pdf and mime type application/pdf 
2026-01-31 09:37:33 [32minfo[39m: Parsing harvard_university with file /Users/ryanchiang/Sites/college-datasets/packages/parser/data/cds-files/harvard_university_HarvardUniversity_CDS_2024-2025.pdf and mime type application/pdf 
2026-01-31 09:37:33 [32minfo[39m: Parsing new_york_university with file /Users/ryanchiang/Sites/college-datasets/packages/parser/data/cds-files/new_york_university_CDS_2024-2025-1.pdf and mime type application/pdf 
2026-01-31 09:37:33 [32minfo[39m: Parsing massachusetts_institute_of_technology with file /Users/ryanchiang/Sites/college-datasets/packages/parser/data/cds-files/massachusetts_institute_of_technology.html and mime type text/html 
2026-01-31 09:37:33 [32minfo[39m: Parsing duke_university with file /Users/ryanchiang/Sites/college-datasets/packages/parser/data/cds-files/duke_university_CDS-2024-25-Final-2.pdf and mime type application/pdf 
2026-01-31 09:37:33 [32minfo[39m: Parsing university_of_pennsylvania with file /Users/ryanchiang/Sites/college-datasets/packages/parser/data/cds-files/university_of_pennsylvania.html and mime type text/html 
2026-01-31 09:37:33 [32minfo[39m: Parsing cornell_university with file /Users/ryanchiang/Sites/college-datasets/packages/parser/data/cds-files/cornell_university_CDS-2024-2025-v6-print.pdf and mime type application/pdf 
2026-01-31 09:37:33 [32minfo[39m: Parsing university_of_california_los_angeles with file /Users/ryanchiang/Sites/college-datasets/packages/parser/data/cds-files/university_of_california_los_angeles.pdf and mime type application/pdf 
2026-01-31 09:37:33 [32minfo[39m: Parsing vanderbilt_university with file /Users/ryanchiang/Sites/college-datasets/packages/parser/data/cds-files/vanderbilt_university_CDS_2024-2025.xlsx and mime type application/vnd.openxmlformats-officedocument.spreadsheetml.sheet 
2026-01-31 09:37:33 [32minfo[39m: Parsing yale_university with file /Users/ryanchiang/Sites/college-datasets/packages/parser/data/cds-files/yale_university_yale_cds_2024-25_rmd_20250612.pdf and mime type application/pdf 
2026-01-31 09:37:33 [32minfo[39m: Parsing university_of_southern_california with file /Users/ryanchiang/Sites/college-datasets/packages/parser/data/cds-files/university_of_southern_california.html and mime type text/html 
2026-01-31 09:37:33 [32minfo[39m: Parsing northwestern_university with file /Users/ryanchiang/Sites/college-datasets/packages/parser/data/cds-files/northwestern_university.html and mime type text/html 
2026-01-31 09:37:33 [32minfo[39m: Parsing georgia_institute_of_technology with file /Users/ryanchiang/Sites/college-datasets/packages/parser/data/cds-files/georgia_institute_of_technology_CDS_2025-2026_FINAL_23JAN2026.pdf and mime type application/pdf 
2026-01-31 09:37:33 [32minfo[39m: Parsing princeton_university with file /Users/ryanchiang/Sites/college-datasets/packages/parser/data/cds-files/princeton_university_CDS_2425_Princeton_v2.pdf and mime type application/pdf 
2026-01-31 09:37:33 [32minfo[39m: Parsing boston_college with file /Users/ryanchiang/Sites/college-datasets/packages/parser/data/cds-files/boston_college_Boston_College_CDS_2024-2025_Final.pdf and mime type application/pdf 
2026-01-31 09:37:33 [32minfo[39m: Parsing northeastern_university with file /Users/ryanchiang/Sites/college-datasets/packages/parser/data/cds-files/northeastern_university.html and mime type text/html 
2026-01-31 09:37:33 [32minfo[39m: Parsing columbia_university with file /Users/ryanchiang/Sites/college-datasets/packages/parser/data/cds-files/columbia_university_2024-25_Columbia_General_Studies_CDS.pdf and mime type application/pdf 
2026-01-31 09:37:33 [32minfo[39m: Parsing university_of_virginia with file /Users/ryanchiang/Sites/college-datasets/packages/parser/data/cds-files/university_of_virginia_CDS_2024-2025_508.pdf and mime type application/pdf 
2026-01-31 09:37:33 [32minfo[39m: Parsing brown_university with file /Users/ryanchiang/Sites/college-datasets/packages/parser/data/cds-files/brown_university_CDS_2024_2025.pdf and mime type application/pdf 
2026-01-31 09:37:33 [32minfo[39m: Parsing georgetown_university with file /Users/ryanchiang/Sites/college-datasets/packages/parser/data/cds-files/georgetown_university.html and mime type text/html 
2026-01-31 09:37:33 [32minfo[39m: Parsing purdue_university with file /Users/ryanchiang/Sites/college-datasets/packages/parser/data/cds-files/purdue_university_CDS_2025-2026.pdf and mime type application/pdf 
2026-01-31 09:37:33 [32minfo[39m: Parsing university_of_california_berkeley with file /Users/ryanchiang/Sites/college-datasets/packages/parser/data/cds-files/university_of_california_berkeley.html and mime type text/html 
2026-01-31 09:37:33 [33mwarn[39m: Skipping university_of_florida because it failed 
2026-01-31 09:37:33 [32minfo[39m: Parsing dartmouth_college with file /Users/ryanchiang/Sites/college-datasets/packages/parser/data/cds-files/dartmouth_college_cds_2024-2025.pdf and mime type application/pdf 
2026-01-31 09:37:33 [33mwarn[39m: Skipping university_of_texas_at_austin because it failed 
2026-01-31 09:37:33 [33mwarn[39m: Skipping university_of_michigan because it failed 
2026-01-31 09:37:33 [32minfo[39m: Parsing university_of_chicago with file /Users/ryanchiang/Sites/college-datasets/packages/parser/data/cds-files/university_of_chicago_CDS_2024-2025_to_publish.pdf and mime type application/pdf 
2026-01-31 09:37:33 [32minfo[39m: Parsing university_of_notre_dame with file /Users/ryanchiang/Sites/college-datasets/packages/parser/data/cds-files/university_of_notre_dame_CDS_2024-2025.pdf and mime type application/pdf 
2026-01-31 09:37:33 [33mwarn[39m: Skipping johns_hopkins_university because it failed 
2026-01-31 09:37:33 [32minfo[39m: Parsing university_of_georgia with file /Users/ryanchiang/Sites/college-datasets/packages/parser/data/cds-files/university_of_georgia_UGA_CDS_2024-2025.pdf and mime type application/pdf 
2026-01-31 09:37:33 [32minfo[39m: Parsing university_of_north_carolina_at_chapel_hill with file /Users/ryanchiang/Sites/college-datasets/packages/parser/data/cds-files/university_of_north_carolina_at_chapel_hill_CDS_UNCCH_2024-25_20250829.pdf and mime type application/pdf 
2026-01-31 09:37:33 [32minfo[39m: Parsing university_of_illinois_urbana_champaign with file /Users/ryanchiang/Sites/college-datasets/packages/parser/data/cds-files/university_of_illinois_urbana_champaign_statsfa25.pdf and mime type application/pdf 
2026-01-31 09:37:33 [32minfo[39m: Parsing washington_university_in_st_louis with file /Users/ryanchiang/Sites/college-datasets/packages/parser/data/cds-files/washington_university_in_st_louis_2024-2025-WashU-CDS.pdf and mime type application/pdf 
2026-01-31 09:37:33 [32minfo[39m: Parsing rice_university with file /Users/ryanchiang/Sites/college-datasets/packages/parser/data/cds-files/rice_university_CDS_2024-25_WEBSITE.pdf and mime type application/pdf 
2026-01-31 09:37:33 [33mwarn[39m: Skipping rutgers_university because it failed 
2026-01-31 09:37:33 [32minfo[39m: Parsing tufts_university with file /Users/ryanchiang/Sites/college-datasets/packages/parser/data/cds-files/tufts_university_CDS_2024-2025-1.pdf and mime type application/pdf 
2026-01-31 09:37:33 [32minfo[39m: Parsing penn_state_university with file /Users/ryanchiang/Sites/college-datasets/packages/parser/data/cds-files/penn_state_university_CDS_2024_2025_UniversityPark_v2.pdf and mime type application/pdf 
2026-01-31 09:37:33 [32minfo[39m: Parsing emory_university with file /Users/ryanchiang/Sites/college-datasets/packages/parser/data/cds-files/emory_university_emory-common-data-set-2024-2025.pdf and mime type application/pdf 
2026-01-31 09:37:33 [32minfo[39m: Parsing clemson_university with file /Users/ryanchiang/Sites/college-datasets/packages/parser/data/cds-files/clemson_university.html and mime type text/html 
2026-01-31 09:37:33 [32minfo[39m: Parsing carnegie_mellon_university with file /Users/ryanchiang/Sites/college-datasets/packages/parser/data/cds-files/carnegie_mellon_university.html and mime type text/html 
2026-01-31 09:37:33 [32minfo[39m: Parsing william_and_mary_college with file /Users/ryanchiang/Sites/college-datasets/packages/parser/data/cds-files/william_and_mary_college_cds9899.pdf and mime type application/pdf 
2026-01-31 09:37:33 [33mwarn[39m: Skipping north_carolina_state_university because it failed 
2026-01-31 09:37:33 [32minfo[39m: Parsing university_of_washington with file /Users/ryanchiang/Sites/college-datasets/packages/parser/data/cds-files/university_of_washington_CDS_2024-2025_Seattle.pdf and mime type application/pdf 
2026-01-31 09:37:33 [32minfo[39m: Parsing california_institute_of_technology with file /Users/ryanchiang/Sites/college-datasets/packages/parser/data/cds-files/california_institute_of_technology_TREASURY_ORG_CHART_Rev_121224.pdf and mime type application/pdf 
2026-01-31 09:37:33 [33mwarn[39m: Skipping florida_state_university because it failed 
2026-01-31 09:37:33 [32minfo[39m: Parsing virginia_tech with file /Users/ryanchiang/Sites/college-datasets/packages/parser/data/cds-files/virginia_tech_2024-2025-CDS.xlsx and mime type application/vnd.openxmlformats-officedocument.spreadsheetml.sheet 
2026-01-31 09:37:33 [32minfo[39m: Parsing tulane_university with file /Users/ryanchiang/Sites/college-datasets/packages/parser/data/cds-files/tulane_university.html and mime type text/html 
2026-01-31 09:37:33 [32minfo[39m: Parsing university_of_california_santa_barbara with file /Users/ryanchiang/Sites/college-datasets/packages/parser/data/cds-files/common.data.set.2024.25.pdf and mime type application/pdf 
2026-01-31 09:37:33 [32minfo[39m: Parsing boston_university with file /Users/ryanchiang/Sites/college-datasets/packages/parser/data/cds-files/boston_university_cds-2025-a.pdf and mime type application/pdf 
2026-01-31 18:28:19 [32minfo[39m: Parsing stanford_university with file /Users/ryanchiang/Sites/college-datasets/packages/parser/data/cds-files/stanford_cds_2024_2025.pdf and mime type application/pdf 
2026-01-31 18:28:19 [32minfo[39m: Uploading file /Users/ryanchiang/Sites/college-datasets/packages/parser/data/cds-files/stanford_cds_2024_2025.pdf with mime type application/pdf 
2026-01-31 18:28:19 [32minfo[39m: File uploaded successfully: files/19e1f8qs09rj | https://generativelanguage.googleapis.com/v1beta/files/19e1f8qs09rj 
2026-01-31 18:28:19 [32minfo[39m: Creating file cache for stanford_cds_2024_2025.pdf... 
2026-01-31 18:28:21 [32minfo[39m: File cache for stanford_cds_2024_2025.pdf created successfully! 
2026-01-31 18:28:21 [32minfo[39m: Splitting schema into 23 chunks of length 50 or less 
2026-01-31 18:28:21 [32minfo[39m: Sending 23 requests in parallel... 
2026-01-31 18:28:21 [32minfo[39m: Sending request for chunk 1 of 23 (undefined fields) 
2026-01-31 18:28:21 [32minfo[39m: Sending request for chunk 2 of 23 (undefined fields) 
2026-01-31 18:28:21 [32minfo[39m: Sending request for chunk 3 of 23 (undefined fields) 
2026-01-31 18:28:21 [32minfo[39m: Sending request for chunk 4 of 23 (undefined fields) 
2026-01-31 18:28:21 [32minfo[39m: Sending request for chunk 5 of 23 (undefined fields) 
2026-01-31 18:28:21 [32minfo[39m: Sending request for chunk 6 of 23 (undefined fields) 
2026-01-31 18:28:21 [32minfo[39m: Sending request for chunk 7 of 23 (undefined fields) 
2026-01-31 18:28:21 [32minfo[39m: Sending request for chunk 8 of 23 (undefined fields) 
2026-01-31 18:28:21 [32minfo[39m: Sending request for chunk 9 of 23 (undefined fields) 
2026-01-31 18:28:21 [32minfo[39m: Sending request for chunk 10 of 23 (undefined fields) 
2026-01-31 18:28:21 [32minfo[39m: Sending request for chunk 11 of 23 (undefined fields) 
2026-01-31 18:28:21 [32minfo[39m: Sending request for chunk 12 of 23 (undefined fields) 
2026-01-31 18:28:21 [32minfo[39m: Sending request for chunk 13 of 23 (undefined fields) 
2026-01-31 18:28:21 [32minfo[39m: Sending request for chunk 14 of 23 (undefined fields) 
2026-01-31 18:28:21 [32minfo[39m: Sending request for chunk 15 of 23 (undefined fields) 
2026-01-31 18:28:21 [32minfo[39m: Sending request for chunk 16 of 23 (undefined fields) 
2026-01-31 18:28:21 [32minfo[39m: Sending request for chunk 17 of 23 (undefined fields) 
2026-01-31 18:28:21 [32minfo[39m: Sending request for chunk 18 of 23 (undefined fields) 
2026-01-31 18:28:21 [32minfo[39m: Sending request for chunk 19 of 23 (undefined fields) 
2026-01-31 18:28:21 [32minfo[39m: Sending request for chunk 20 of 23 (undefined fields) 
2026-01-31 18:28:21 [32minfo[39m: Sending request for chunk 21 of 23 (undefined fields) 
2026-01-31 18:28:21 [32minfo[39m: Sending request for chunk 22 of 23 (undefined fields) 
2026-01-31 18:28:21 [32minfo[39m: Sending request for chunk 23 of 23 (undefined fields) 
2026-01-31 18:29:55 [32minfo[39m: Processing chunk 1 of 23 
2026-01-31 18:29:55 [32minfo[39m: Chunk 1 Tokens - Prompt: $21693, Candidates: $909, Thoughts: $3360, Cached: $22484, Total: $48446 
2026-01-31 18:29:55 [32minfo[39m: Chunk 1 Cost - Prompt: $0.010847, Candidates: $0.002727, Thoughts: $0.010080, Cached: $0.001124, Total: $0.024778 
2026-01-31 18:29:55 [32minfo[39m: Processing chunk 2 of 23 
2026-01-31 18:29:55 [32minfo[39m: Chunk 2 Tokens - Prompt: $21693, Candidates: $905, Thoughts: $5680, Cached: $22484, Total: $50762 
2026-01-31 18:29:55 [32minfo[39m: Chunk 2 Cost - Prompt: $0.010847, Candidates: $0.002715, Thoughts: $0.017040, Cached: $0.001124, Total: $0.031726 
2026-01-31 18:29:55 [32minfo[39m: Processing chunk 3 of 23 
2026-01-31 18:29:55 [32minfo[39m: Chunk 3 Tokens - Prompt: $21693, Candidates: $537, Thoughts: $7795, Cached: $22484, Total: $52509 
2026-01-31 18:29:55 [32minfo[39m: Chunk 3 Cost - Prompt: $0.010847, Candidates: $0.001611, Thoughts: $0.023385, Cached: $0.001124, Total: $0.036967 
2026-01-31 18:29:55 [32minfo[39m: Processing chunk 4 of 23 
2026-01-31 18:29:55 [32minfo[39m: Chunk 4 Tokens - Prompt: $21693, Candidates: $1074, Thoughts: $6683, Cached: $22484, Total: $51934 
2026-01-31 18:29:55 [32minfo[39m: Chunk 4 Cost - Prompt: $0.010847, Candidates: $0.003222, Thoughts: $0.020049, Cached: $0.001124, Total: $0.035242 
2026-01-31 18:29:55 [32minfo[39m: Processing chunk 5 of 23 
2026-01-31 18:29:55 [32minfo[39m: Chunk 5 Tokens - Prompt: $21693, Candidates: $975, Thoughts: $10094, Cached: $22484, Total: $55246 
2026-01-31 18:29:55 [32minfo[39m: Chunk 5 Cost - Prompt: $0.010847, Candidates: $0.002925, Thoughts: $0.030282, Cached: $0.001124, Total: $0.045178 
2026-01-31 18:29:55 [32minfo[39m: Processing chunk 6 of 23 
2026-01-31 18:29:55 [32minfo[39m: Chunk 6 Tokens - Prompt: $21693, Candidates: $941, Thoughts: $5619, Cached: $22484, Total: $50737 
2026-01-31 18:29:55 [32minfo[39m: Chunk 6 Cost - Prompt: $0.010847, Candidates: $0.002823, Thoughts: $0.016857, Cached: $0.001124, Total: $0.031651 
2026-01-31 18:29:55 [32minfo[39m: Processing chunk 7 of 23 
2026-01-31 18:29:55 [32minfo[39m: Chunk 7 Tokens - Prompt: $21693, Candidates: $429, Thoughts: $12851, Cached: $22484, Total: $57457 
2026-01-31 18:29:55 [32minfo[39m: Chunk 7 Cost - Prompt: $0.010847, Candidates: $0.001287, Thoughts: $0.038553, Cached: $0.001124, Total: $0.051811 
2026-01-31 18:29:55 [32minfo[39m: Processing chunk 8 of 23 
2026-01-31 18:29:55 [32minfo[39m: Chunk 8 Tokens - Prompt: $21693, Candidates: $664, Thoughts: $14578, Cached: $22484, Total: $59419 
2026-01-31 18:29:55 [32minfo[39m: Chunk 8 Cost - Prompt: $0.010847, Candidates: $0.001992, Thoughts: $0.043734, Cached: $0.001124, Total: $0.057697 
2026-01-31 18:29:55 [32minfo[39m: Processing chunk 9 of 23 
2026-01-31 18:29:55 [32minfo[39m: Chunk 9 Tokens - Prompt: $21693, Candidates: $1216, Thoughts: $4347, Cached: $22484, Total: $49740 
2026-01-31 18:29:55 [32minfo[39m: Chunk 9 Cost - Prompt: $0.010847, Candidates: $0.003648, Thoughts: $0.013041, Cached: $0.001124, Total: $0.028660 
2026-01-31 18:29:55 [32minfo[39m: Processing chunk 10 of 23 
2026-01-31 18:29:55 [32minfo[39m: Chunk 10 Tokens - Prompt: $21693, Candidates: $1148, Thoughts: $7390, Cached: $22484, Total: $52715 
2026-01-31 18:29:55 [32minfo[39m: Chunk 10 Cost - Prompt: $0.010847, Candidates: $0.003444, Thoughts: $0.022170, Cached: $0.001124, Total: $0.037585 
2026-01-31 18:29:55 [32minfo[39m: Processing chunk 11 of 23 
2026-01-31 18:29:55 [32minfo[39m: Chunk 11 Tokens - Prompt: $21693, Candidates: $711, Thoughts: $5858, Cached: $22484, Total: $50746 
2026-01-31 18:29:55 [32minfo[39m: Chunk 11 Cost - Prompt: $0.010847, Candidates: $0.002133, Thoughts: $0.017574, Cached: $0.001124, Total: $0.031678 
2026-01-31 18:29:55 [32minfo[39m: Processing chunk 12 of 23 
2026-01-31 18:29:55 [32minfo[39m: Chunk 12 Tokens - Prompt: $21693, Candidates: $845, Thoughts: $7241, Cached: $22484, Total: $52263 
2026-01-31 18:29:55 [32minfo[39m: Chunk 12 Cost - Prompt: $0.010847, Candidates: $0.002535, Thoughts: $0.021723, Cached: $0.001124, Total: $0.036229 
2026-01-31 18:29:55 [32minfo[39m: Processing chunk 13 of 23 
2026-01-31 18:29:55 [32minfo[39m: Chunk 13 Tokens - Prompt: $21693, Candidates: $448, Thoughts: $7290, Cached: $22484, Total: $51915 
2026-01-31 18:29:55 [32minfo[39m: Chunk 13 Cost - Prompt: $0.010847, Candidates: $0.001344, Thoughts: $0.021870, Cached: $0.001124, Total: $0.035185 
2026-01-31 18:29:55 [32minfo[39m: Processing chunk 14 of 23 
2026-01-31 18:29:55 [32minfo[39m: Chunk 14 Tokens - Prompt: $21693, Candidates: $461, Thoughts: $10489, Cached: $22484, Total: $55127 
2026-01-31 18:29:55 [32minfo[39m: Chunk 14 Cost - Prompt: $0.010847, Candidates: $0.001383, Thoughts: $0.031467, Cached: $0.001124, Total: $0.044821 
2026-01-31 18:29:55 [32minfo[39m: Processing chunk 15 of 23 
2026-01-31 18:29:55 [32minfo[39m: Chunk 15 Tokens - Prompt: $21693, Candidates: $728, Thoughts: $11565, Cached: $22484, Total: $56470 
2026-01-31 18:29:55 [32minfo[39m: Chunk 15 Cost - Prompt: $0.010847, Candidates: $0.002184, Thoughts: $0.034695, Cached: $0.001124, Total: $0.048850 
2026-01-31 18:29:55 [32minfo[39m: Processing chunk 16 of 23 
2026-01-31 18:29:55 [32minfo[39m: Chunk 16 Tokens - Prompt: $21693, Candidates: $474, Thoughts: $10408, Cached: $22484, Total: $55059 
2026-01-31 18:29:55 [32minfo[39m: Chunk 16 Cost - Prompt: $0.010847, Candidates: $0.001422, Thoughts: $0.031224, Cached: $0.001124, Total: $0.044617 
2026-01-31 18:29:55 [32minfo[39m: Processing chunk 17 of 23 
2026-01-31 18:29:55 [32minfo[39m: Chunk 17 Tokens - Prompt: $21693, Candidates: $1150, Thoughts: $12021, Cached: $22484, Total: $57348 
2026-01-31 18:29:55 [32minfo[39m: Chunk 17 Cost - Prompt: $0.010847, Candidates: $0.003450, Thoughts: $0.036063, Cached: $0.001124, Total: $0.051484 
2026-01-31 18:29:55 [32minfo[39m: Processing chunk 18 of 23 
2026-01-31 18:29:55 [32minfo[39m: Chunk 18 Tokens - Prompt: $21693, Candidates: $958, Thoughts: $3665, Cached: $22484, Total: $48800 
2026-01-31 18:29:55 [32minfo[39m: Chunk 18 Cost - Prompt: $0.010847, Candidates: $0.002874, Thoughts: $0.010995, Cached: $0.001124, Total: $0.025840 
2026-01-31 18:29:55 [32minfo[39m: Processing chunk 19 of 23 
2026-01-31 18:29:55 [32minfo[39m: Chunk 19 Tokens - Prompt: $21693, Candidates: $588, Thoughts: $12737, Cached: $22484, Total: $57502 
2026-01-31 18:29:55 [32minfo[39m: Chunk 19 Cost - Prompt: $0.010847, Candidates: $0.001764, Thoughts: $0.038211, Cached: $0.001124, Total: $0.051946 
2026-01-31 18:29:55 [32minfo[39m: Processing chunk 20 of 23 
2026-01-31 18:29:55 [32minfo[39m: Chunk 20 Tokens - Prompt: $21693, Candidates: $352, Thoughts: $11727, Cached: $22484, Total: $56256 
2026-01-31 18:29:55 [32minfo[39m: Chunk 20 Cost - Prompt: $0.010847, Candidates: $0.001056, Thoughts: $0.035181, Cached: $0.001124, Total: $0.048208 
2026-01-31 18:29:55 [32minfo[39m: Processing chunk 21 of 23 
2026-01-31 18:29:55 [32minfo[39m: Chunk 21 Tokens - Prompt: $21693, Candidates: $995, Thoughts: $10060, Cached: $22484, Total: $55232 
2026-01-31 18:29:55 [32minfo[39m: Chunk 21 Cost - Prompt: $0.010847, Candidates: $0.002985, Thoughts: $0.030180, Cached: $0.001124, Total: $0.045136 
2026-01-31 18:29:55 [32minfo[39m: Processing chunk 22 of 23 
2026-01-31 18:29:55 [32minfo[39m: Chunk 22 Tokens - Prompt: $21693, Candidates: $565, Thoughts: $4386, Cached: $22484, Total: $49128 
2026-01-31 18:29:55 [32minfo[39m: Chunk 22 Cost - Prompt: $0.010847, Candidates: $0.001695, Thoughts: $0.013158, Cached: $0.001124, Total: $0.026824 
2026-01-31 18:29:55 [32minfo[39m: Processing chunk 23 of 23 
2026-01-31 18:29:55 [32minfo[39m: Chunk 23 Tokens - Prompt: $21693, Candidates: $190, Thoughts: $6974, Cached: $22484, Total: $51341 
2026-01-31 18:29:55 [32minfo[39m: Chunk 23 Cost - Prompt: $0.010847, Candidates: $0.000570, Thoughts: $0.020922, Cached: $0.001124, Total: $0.033463 
2026-01-31 18:29:55 [32minfo[39m: Written combined response to /Users/ryanchiang/Sites/college-datasets/packages/parser/src/output/stanford_university/stanford_university.json with 138 keys 
2026-01-31 18:29:55 [32minfo[39m: Total cost: $0.905569 
2026-01-31 18:29:55 [32minfo[39m: Parsing harvard_university with file /Users/ryanchiang/Sites/college-datasets/packages/parser/data/cds-files/harvard_university_HarvardUniversity_CDS_2024-2025.pdf and mime type application/pdf 
2026-01-31 18:29:55 [32minfo[39m: Uploading file /Users/ryanchiang/Sites/college-datasets/packages/parser/data/cds-files/harvard_university_HarvardUniversity_CDS_2024-2025.pdf with mime type application/pdf 
2026-01-31 18:29:56 [32minfo[39m: File uploaded successfully: files/ecur7texzhbd | https://generativelanguage.googleapis.com/v1beta/files/ecur7texzhbd 
2026-01-31 18:29:56 [32minfo[39m: Creating file cache for harvard_university_HarvardUniversity_CDS_2024-2025.pdf... 
2026-01-31 18:29:56 [32minfo[39m: File cache for harvard_university_HarvardUniversity_CDS_2024-2025.pdf created successfully! 
2026-01-31 18:29:56 [32minfo[39m: Splitting schema into 23 chunks of length 50 or less 
2026-01-31 18:29:56 [32minfo[39m: Sending 23 requests in parallel... 
2026-01-31 18:29:56 [32minfo[39m: Sending request for chunk 1 of 23 (undefined fields) 
2026-01-31 18:29:56 [32minfo[39m: Sending request for chunk 2 of 23 (undefined fields) 
2026-01-31 18:29:56 [32minfo[39m: Sending request for chunk 3 of 23 (undefined fields) 
2026-01-31 18:29:56 [32minfo[39m: Sending request for chunk 4 of 23 (undefined fields) 
2026-01-31 18:29:56 [32minfo[39m: Sending request for chunk 5 of 23 (undefined fields) 
2026-01-31 18:29:56 [32minfo[39m: Sending request for chunk 6 of 23 (undefined fields) 
2026-01-31 18:29:56 [32minfo[39m: Sending request for chunk 7 of 23 (undefined fields) 
2026-01-31 18:29:56 [32minfo[39m: Sending request for chunk 8 of 23 (undefined fields) 
2026-01-31 18:29:57 [32minfo[39m: Sending request for chunk 9 of 23 (undefined fields) 
2026-01-31 18:29:57 [32minfo[39m: Sending request for chunk 10 of 23 (undefined fields) 
2026-01-31 18:29:57 [32minfo[39m: Sending request for chunk 11 of 23 (undefined fields) 
2026-01-31 18:29:57 [32minfo[39m: Sending request for chunk 12 of 23 (undefined fields) 
2026-01-31 18:29:57 [32minfo[39m: Sending request for chunk 13 of 23 (undefined fields) 
2026-01-31 18:29:57 [32minfo[39m: Sending request for chunk 14 of 23 (undefined fields) 
2026-01-31 18:29:57 [32minfo[39m: Sending request for chunk 15 of 23 (undefined fields) 
2026-01-31 18:29:57 [32minfo[39m: Sending request for chunk 16 of 23 (undefined fields) 
2026-01-31 18:29:57 [32minfo[39m: Sending request for chunk 17 of 23 (undefined fields) 
2026-01-31 18:29:57 [32minfo[39m: Sending request for chunk 18 of 23 (undefined fields) 
2026-01-31 18:29:57 [32minfo[39m: Sending request for chunk 19 of 23 (undefined fields) 
2026-01-31 18:29:57 [32minfo[39m: Sending request for chunk 20 of 23 (undefined fields) 
2026-01-31 18:29:57 [32minfo[39m: Sending request for chunk 21 of 23 (undefined fields) 
2026-01-31 18:29:57 [32minfo[39m: Sending request for chunk 22 of 23 (undefined fields) 
2026-01-31 18:29:57 [32minfo[39m: Sending request for chunk 23 of 23 (undefined fields) 
2026-01-31 18:31:34 [32minfo[39m: Processing chunk 1 of 23 
2026-01-31 18:31:34 [32minfo[39m: Chunk 1 Tokens - Prompt: $17357, Candidates: $757, Thoughts: $1910, Cached: $18004, Total: $38028 
2026-01-31 18:31:34 [32minfo[39m: Chunk 1 Cost - Prompt: $0.008679, Candidates: $0.002271, Thoughts: $0.005730, Cached: $0.000900, Total: $0.017580 
2026-01-31 18:31:34 [32minfo[39m: Processing chunk 2 of 23 
2026-01-31 18:31:34 [32minfo[39m: Chunk 2 Tokens - Prompt: $17357, Candidates: $791, Thoughts: $72, Cached: $18004, Total: $36224 
2026-01-31 18:31:34 [32minfo[39m: Chunk 2 Cost - Prompt: $0.008679, Candidates: $0.002373, Thoughts: $0.000216, Cached: $0.000900, Total: $0.012168 
2026-01-31 18:31:34 [32minfo[39m: Processing chunk 3 of 23 
2026-01-31 18:31:34 [32minfo[39m: Chunk 3 Tokens - Prompt: $17357, Candidates: $411, Thoughts: $5603, Cached: $18004, Total: $41375 
2026-01-31 18:31:34 [32minfo[39m: Chunk 3 Cost - Prompt: $0.008679, Candidates: $0.001233, Thoughts: $0.016809, Cached: $0.000900, Total: $0.027621 
2026-01-31 18:31:34 [32minfo[39m: Processing chunk 4 of 23 
2026-01-31 18:31:34 [32minfo[39m: Chunk 4 Tokens - Prompt: $17357, Candidates: $900, Thoughts: $8913, Cached: $18004, Total: $45174 
2026-01-31 18:31:34 [32minfo[39m: Chunk 4 Cost - Prompt: $0.008679, Candidates: $0.002700, Thoughts: $0.026739, Cached: $0.000900, Total: $0.039018 
2026-01-31 18:31:34 [32minfo[39m: Processing chunk 5 of 23 
2026-01-31 18:31:34 [32minfo[39m: Chunk 5 Tokens - Prompt: $17357, Candidates: $959, Thoughts: $12851, Cached: $18004, Total: $49171 
2026-01-31 18:31:34 [32minfo[39m: Chunk 5 Cost - Prompt: $0.008679, Candidates: $0.002877, Thoughts: $0.038553, Cached: $0.000900, Total: $0.051009 
2026-01-31 18:31:34 [32minfo[39m: Processing chunk 6 of 23 
2026-01-31 18:31:34 [32minfo[39m: Chunk 6 Tokens - Prompt: $17357, Candidates: $961, Thoughts: $6206, Cached: $18004, Total: $42528 
2026-01-31 18:31:34 [32minfo[39m: Chunk 6 Cost - Prompt: $0.008679, Candidates: $0.002883, Thoughts: $0.018618, Cached: $0.000900, Total: $0.031080 
2026-01-31 18:31:34 [32minfo[39m: Processing chunk 7 of 23 
2026-01-31 18:31:34 [32minfo[39m: Chunk 7 Tokens - Prompt: $17357, Candidates: $615, Thoughts: $4724, Cached: $18004, Total: $40700 
2026-01-31 18:31:34 [32minfo[39m: Chunk 7 Cost - Prompt: $0.008679, Candidates: $0.001845, Thoughts: $0.014172, Cached: $0.000900, Total: $0.025596 
2026-01-31 18:31:34 [32minfo[39m: Processing chunk 8 of 23 
2026-01-31 18:31:34 [32minfo[39m: Chunk 8 Tokens - Prompt: $17357, Candidates: $668, Thoughts: $5489, Cached: $18004, Total: $41518 
2026-01-31 18:31:34 [32minfo[39m: Chunk 8 Cost - Prompt: $0.008679, Candidates: $0.002004, Thoughts: $0.016467, Cached: $0.000900, Total: $0.028050 
2026-01-31 18:31:34 [32minfo[39m: Processing chunk 9 of 23 
2026-01-31 18:31:34 [32minfo[39m: Chunk 9 Tokens - Prompt: $17357, Candidates: $1119, Thoughts: $10905, Cached: $18004, Total: $47385 
2026-01-31 18:31:34 [32minfo[39m: Chunk 9 Cost - Prompt: $0.008679, Candidates: $0.003357, Thoughts: $0.032715, Cached: $0.000900, Total: $0.045651 
2026-01-31 18:31:34 [32minfo[39m: Processing chunk 10 of 23 
2026-01-31 18:31:34 [32minfo[39m: Chunk 10 Tokens - Prompt: $17357, Candidates: $560, Thoughts: $3798, Cached: $18004, Total: $39719 
2026-01-31 18:31:34 [32minfo[39m: Chunk 10 Cost - Prompt: $0.008679, Candidates: $0.001680, Thoughts: $0.011394, Cached: $0.000900, Total: $0.022653 
2026-01-31 18:31:34 [32minfo[39m: Processing chunk 11 of 23 
2026-01-31 18:31:34 [32minfo[39m: Chunk 11 Tokens - Prompt: $17357, Candidates: $490, Thoughts: $11256, Cached: $18004, Total: $47107 
2026-01-31 18:31:34 [32minfo[39m: Chunk 11 Cost - Prompt: $0.008679, Candidates: $0.001470, Thoughts: $0.033768, Cached: $0.000900, Total: $0.044817 
2026-01-31 18:31:34 [32minfo[39m: Processing chunk 12 of 23 
2026-01-31 18:31:34 [32minfo[39m: Chunk 12 Tokens - Prompt: $17357, Candidates: $736, Thoughts: $6844, Cached: $18004, Total: $42941 
2026-01-31 18:31:34 [32minfo[39m: Chunk 12 Cost - Prompt: $0.008679, Candidates: $0.002208, Thoughts: $0.020532, Cached: $0.000900, Total: $0.032319 
2026-01-31 18:31:34 [32minfo[39m: Processing chunk 13 of 23 
2026-01-31 18:31:34 [32minfo[39m: Chunk 13 Tokens - Prompt: $17357, Candidates: $513, Thoughts: $8581, Cached: $18004, Total: $44455 
2026-01-31 18:31:34 [32minfo[39m: Chunk 13 Cost - Prompt: $0.008679, Candidates: $0.001539, Thoughts: $0.025743, Cached: $0.000900, Total: $0.036861 
2026-01-31 18:31:34 [32minfo[39m: Processing chunk 14 of 23 
2026-01-31 18:31:34 [32minfo[39m: Chunk 14 Tokens - Prompt: $17357, Candidates: $491, Thoughts: $3342, Cached: $18004, Total: $39194 
2026-01-31 18:31:34 [32minfo[39m: Chunk 14 Cost - Prompt: $0.008679, Candidates: $0.001473, Thoughts: $0.010026, Cached: $0.000900, Total: $0.021078 
2026-01-31 18:31:34 [32minfo[39m: Processing chunk 15 of 23 
2026-01-31 18:31:34 [32minfo[39m: Chunk 15 Tokens - Prompt: $17357, Candidates: $714, Thoughts: $11677, Cached: $18004, Total: $47752 
2026-01-31 18:31:34 [32minfo[39m: Chunk 15 Cost - Prompt: $0.008679, Candidates: $0.002142, Thoughts: $0.035031, Cached: $0.000900, Total: $0.046752 
2026-01-31 18:31:34 [32minfo[39m: Processing chunk 16 of 23 
2026-01-31 18:31:34 [32minfo[39m: Chunk 16 Tokens - Prompt: $17357, Candidates: $433, Thoughts: $9736, Cached: $18004, Total: $45530 
2026-01-31 18:31:34 [32minfo[39m: Chunk 16 Cost - Prompt: $0.008679, Candidates: $0.001299, Thoughts: $0.029208, Cached: $0.000900, Total: $0.040086 
2026-01-31 18:31:34 [32minfo[39m: Processing chunk 17 of 23 
2026-01-31 18:31:34 [32minfo[39m: Chunk 17 Tokens - Prompt: $17357, Candidates: $777, Thoughts: $4459, Cached: $18004, Total: $40597 
2026-01-31 18:31:34 [32minfo[39m: Chunk 17 Cost - Prompt: $0.008679, Candidates: $0.002331, Thoughts: $0.013377, Cached: $0.000900, Total: $0.025287 
2026-01-31 18:31:34 [32minfo[39m: Processing chunk 18 of 23 
2026-01-31 18:31:34 [32minfo[39m: Chunk 18 Tokens - Prompt: $17357, Candidates: $968, Thoughts: $7297, Cached: $18004, Total: $43626 
2026-01-31 18:31:34 [32minfo[39m: Chunk 18 Cost - Prompt: $0.008679, Candidates: $0.002904, Thoughts: $0.021891, Cached: $0.000900, Total: $0.034374 
2026-01-31 18:31:34 [32minfo[39m: Processing chunk 19 of 23 
2026-01-31 18:31:34 [32minfo[39m: Chunk 19 Tokens - Prompt: $17357, Candidates: $584, Thoughts: $7650, Cached: $18004, Total: $43595 
2026-01-31 18:31:34 [32minfo[39m: Chunk 19 Cost - Prompt: $0.008679, Candidates: $0.001752, Thoughts: $0.022950, Cached: $0.000900, Total: $0.034281 
2026-01-31 18:31:34 [32minfo[39m: Processing chunk 20 of 23 
2026-01-31 18:31:34 [32minfo[39m: Chunk 20 Tokens - Prompt: $17357, Candidates: $693, Thoughts: $9309, Cached: $18004, Total: $45363 
2026-01-31 18:31:34 [32minfo[39m: Chunk 20 Cost - Prompt: $0.008679, Candidates: $0.002079, Thoughts: $0.027927, Cached: $0.000900, Total: $0.039585 
2026-01-31 18:31:34 [32minfo[39m: Processing chunk 21 of 23 
2026-01-31 18:31:34 [32minfo[39m: Chunk 21 Tokens - Prompt: $17357, Candidates: $701, Thoughts: $15095, Cached: $18004, Total: $51157 
2026-01-31 18:31:34 [32minfo[39m: Chunk 21 Cost - Prompt: $0.008679, Candidates: $0.002103, Thoughts: $0.045285, Cached: $0.000900, Total: $0.056967 
2026-01-31 18:31:34 [32minfo[39m: Processing chunk 22 of 23 
2026-01-31 18:31:34 [32minfo[39m: Chunk 22 Tokens - Prompt: $17357, Candidates: $722, Thoughts: $16344, Cached: $18004, Total: $52427 
2026-01-31 18:31:34 [32minfo[39m: Chunk 22 Cost - Prompt: $0.008679, Candidates: $0.002166, Thoughts: $0.049032, Cached: $0.000900, Total: $0.060777 
2026-01-31 18:31:34 [32minfo[39m: Processing chunk 23 of 23 
2026-01-31 18:31:34 [32minfo[39m: Chunk 23 Tokens - Prompt: $17357, Candidates: $188, Thoughts: $10599, Cached: $18004, Total: $46148 
2026-01-31 18:31:34 [32minfo[39m: Chunk 23 Cost - Prompt: $0.008679, Candidates: $0.000564, Thoughts: $0.031797, Cached: $0.000900, Total: $0.041940 
2026-01-31 18:31:34 [32minfo[39m: Written combined response to /Users/ryanchiang/Sites/college-datasets/packages/parser/src/output/harvard_university/harvard_university.json with 136 keys 
2026-01-31 18:31:34 [32minfo[39m: Total cost: $0.815543 
2026-01-31 18:31:34 [32minfo[39m: Parsing new_york_university with file /Users/ryanchiang/Sites/college-datasets/packages/parser/data/cds-files/new_york_university_CDS_2024-2025-1.pdf and mime type application/pdf 
2026-01-31 18:31:34 [32minfo[39m: Uploading file /Users/ryanchiang/Sites/college-datasets/packages/parser/data/cds-files/new_york_university_CDS_2024-2025-1.pdf with mime type application/pdf 
2026-01-31 18:31:35 [32minfo[39m: File uploaded successfully: files/wddgifubu90z | https://generativelanguage.googleapis.com/v1beta/files/wddgifubu90z 
2026-01-31 18:31:35 [32minfo[39m: Creating file cache for new_york_university_CDS_2024-2025-1.pdf... 
2026-01-31 18:31:35 [32minfo[39m: File cache for new_york_university_CDS_2024-2025-1.pdf created successfully! 
2026-01-31 18:31:35 [32minfo[39m: Splitting schema into 23 chunks of length 50 or less 
2026-01-31 18:31:35 [32minfo[39m: Sending 23 requests in parallel... 
2026-01-31 18:31:35 [32minfo[39m: Sending request for chunk 1 of 23 (undefined fields) 
2026-01-31 18:31:35 [32minfo[39m: Sending request for chunk 2 of 23 (undefined fields) 
2026-01-31 18:31:35 [32minfo[39m: Sending request for chunk 3 of 23 (undefined fields) 
2026-01-31 18:31:35 [32minfo[39m: Sending request for chunk 4 of 23 (undefined fields) 
2026-01-31 18:31:35 [32minfo[39m: Sending request for chunk 5 of 23 (undefined fields) 
2026-01-31 18:31:35 [32minfo[39m: Sending request for chunk 6 of 23 (undefined fields) 
2026-01-31 18:31:35 [32minfo[39m: Sending request for chunk 7 of 23 (undefined fields) 
2026-01-31 18:31:35 [32minfo[39m: Sending request for chunk 8 of 23 (undefined fields) 
2026-01-31 18:31:35 [32minfo[39m: Sending request for chunk 9 of 23 (undefined fields) 
2026-01-31 18:31:35 [32minfo[39m: Sending request for chunk 10 of 23 (undefined fields) 
2026-01-31 18:31:35 [32minfo[39m: Sending request for chunk 11 of 23 (undefined fields) 
2026-01-31 18:31:35 [32minfo[39m: Sending request for chunk 12 of 23 (undefined fields) 
2026-01-31 18:31:35 [32minfo[39m: Sending request for chunk 13 of 23 (undefined fields) 
2026-01-31 18:31:35 [32minfo[39m: Sending request for chunk 14 of 23 (undefined fields) 
2026-01-31 18:31:35 [32minfo[39m: Sending request for chunk 15 of 23 (undefined fields) 
2026-01-31 18:31:35 [32minfo[39m: Sending request for chunk 16 of 23 (undefined fields) 
2026-01-31 18:31:35 [32minfo[39m: Sending request for chunk 17 of 23 (undefined fields) 
2026-01-31 18:31:35 [32minfo[39m: Sending request for chunk 18 of 23 (undefined fields) 
2026-01-31 18:31:35 [32minfo[39m: Sending request for chunk 19 of 23 (undefined fields) 
2026-01-31 18:31:35 [32minfo[39m: Sending request for chunk 20 of 23 (undefined fields) 
2026-01-31 18:31:35 [32minfo[39m: Sending request for chunk 21 of 23 (undefined fields) 
2026-01-31 18:31:35 [32minfo[39m: Sending request for chunk 22 of 23 (undefined fields) 
2026-01-31 18:31:35 [32minfo[39m: Sending request for chunk 23 of 23 (undefined fields) 
2026-01-31 18:32:44 [32minfo[39m: Processing chunk 1 of 23 
2026-01-31 18:32:44 [32minfo[39m: Chunk 1 Tokens - Prompt: $18983, Candidates: $758, Thoughts: $5510, Cached: $19684, Total: $44935 
2026-01-31 18:32:44 [32minfo[39m: Chunk 1 Cost - Prompt: $0.009491, Candidates: $0.002274, Thoughts: $0.016530, Cached: $0.000984, Total: $0.029280 
2026-01-31 18:32:44 [32minfo[39m: Processing chunk 2 of 23 
2026-01-31 18:32:44 [32minfo[39m: Chunk 2 Tokens - Prompt: $18983, Candidates: $915, Thoughts: $8046, Cached: $19684, Total: $47628 
2026-01-31 18:32:44 [32minfo[39m: Chunk 2 Cost - Prompt: $0.009491, Candidates: $0.002745, Thoughts: $0.024138, Cached: $0.000984, Total: $0.037359 
2026-01-31 18:32:44 [32minfo[39m: Processing chunk 3 of 23 
2026-01-31 18:32:44 [32minfo[39m: Chunk 3 Tokens - Prompt: $18983, Candidates: $546, Thoughts: $4414, Cached: $19684, Total: $43627 
2026-01-31 18:32:44 [32minfo[39m: Chunk 3 Cost - Prompt: $0.009491, Candidates: $0.001638, Thoughts: $0.013242, Cached: $0.000984, Total: $0.025356 
2026-01-31 18:32:44 [32minfo[39m: Processing chunk 4 of 23 
2026-01-31 18:32:44 [32minfo[39m: Chunk 4 Tokens - Prompt: $18983, Candidates: $1098, Thoughts: $5634, Cached: $19684, Total: $45399 
2026-01-31 18:32:44 [32minfo[39m: Chunk 4 Cost - Prompt: $0.009491, Candidates: $0.003294, Thoughts: $0.016902, Cached: $0.000984, Total: $0.030672 
2026-01-31 18:32:44 [32minfo[39m: Processing chunk 5 of 23 
2026-01-31 18:32:44 [32minfo[39m: Chunk 5 Tokens - Prompt: $18983, Candidates: $981, Thoughts: $5437, Cached: $19684, Total: $45085 
2026-01-31 18:32:44 [32minfo[39m: Chunk 5 Cost - Prompt: $0.009491, Candidates: $0.002943, Thoughts: $0.016311, Cached: $0.000984, Total: $0.029730 
2026-01-31 18:32:44 [32minfo[39m: Processing chunk 6 of 23 
2026-01-31 18:32:44 [32minfo[39m: Chunk 6 Tokens - Prompt: $18983, Candidates: $941, Thoughts: $9361, Cached: $19684, Total: $48969 
2026-01-31 18:32:44 [32minfo[39m: Chunk 6 Cost - Prompt: $0.009491, Candidates: $0.002823, Thoughts: $0.028083, Cached: $0.000984, Total: $0.041382 
2026-01-31 18:32:44 [32minfo[39m: Processing chunk 7 of 23 
2026-01-31 18:32:44 [32minfo[39m: Chunk 7 Tokens - Prompt: $18983, Candidates: $629, Thoughts: $10824, Cached: $19684, Total: $50120 
2026-01-31 18:32:44 [32minfo[39m: Chunk 7 Cost - Prompt: $0.009491, Candidates: $0.001887, Thoughts: $0.032472, Cached: $0.000984, Total: $0.044835 
2026-01-31 18:32:44 [32minfo[39m: Processing chunk 8 of 23 
2026-01-31 18:32:44 [32minfo[39m: Chunk 8 Tokens - Prompt: $18983, Candidates: $515, Thoughts: $7056, Cached: $19684, Total: $46238 
2026-01-31 18:32:44 [32minfo[39m: Chunk 8 Cost - Prompt: $0.009491, Candidates: $0.001545, Thoughts: $0.021168, Cached: $0.000984, Total: $0.033189 
2026-01-31 18:32:44 [32minfo[39m: Processing chunk 9 of 23 
2026-01-31 18:32:44 [32minfo[39m: Chunk 9 Tokens - Prompt: $18983, Candidates: $240, Thoughts: $5529, Cached: $19684, Total: $44436 
2026-01-31 18:32:44 [32minfo[39m: Chunk 9 Cost - Prompt: $0.009491, Candidates: $0.000720, Thoughts: $0.016587, Cached: $0.000984, Total: $0.027783 
2026-01-31 18:32:44 [32minfo[39m: Processing chunk 10 of 23 
2026-01-31 18:32:44 [32minfo[39m: Chunk 10 Tokens - Prompt: $18983, Candidates: $516, Thoughts: $1244, Cached: $19684, Total: $40427 
2026-01-31 18:32:44 [32minfo[39m: Chunk 10 Cost - Prompt: $0.009491, Candidates: $0.001548, Thoughts: $0.003732, Cached: $0.000984, Total: $0.015756 
2026-01-31 18:32:44 [32minfo[39m: Processing chunk 11 of 23 
2026-01-31 18:32:44 [32minfo[39m: Chunk 11 Tokens - Prompt: $18983, Candidates: $618, Thoughts: $2187, Cached: $19684, Total: $41472 
2026-01-31 18:32:44 [32minfo[39m: Chunk 11 Cost - Prompt: $0.009491, Candidates: $0.001854, Thoughts: $0.006561, Cached: $0.000984, Total: $0.018891 
2026-01-31 18:32:44 [32minfo[39m: Processing chunk 12 of 23 
2026-01-31 18:32:44 [32minfo[39m: Chunk 12 Tokens - Prompt: $18983, Candidates: $858, Thoughts: $5264, Cached: $19684, Total: $44789 
2026-01-31 18:32:44 [32minfo[39m: Chunk 12 Cost - Prompt: $0.009491, Candidates: $0.002574, Thoughts: $0.015792, Cached: $0.000984, Total: $0.028842 
2026-01-31 18:32:44 [32minfo[39m: Processing chunk 13 of 23 
2026-01-31 18:32:44 [32minfo[39m: Chunk 13 Tokens - Prompt: $18983, Candidates: $464, Thoughts: $11049, Cached: $19684, Total: $50180 
2026-01-31 18:32:44 [32minfo[39m: Chunk 13 Cost - Prompt: $0.009491, Candidates: $0.001392, Thoughts: $0.033147, Cached: $0.000984, Total: $0.045015 
2026-01-31 18:32:44 [32minfo[39m: Processing chunk 14 of 23 
2026-01-31 18:32:44 [32minfo[39m: Chunk 14 Tokens - Prompt: $18983, Candidates: $577, Thoughts: $7066, Cached: $19684, Total: $46310 
2026-01-31 18:32:44 [32minfo[39m: Chunk 14 Cost - Prompt: $0.009491, Candidates: $0.001731, Thoughts: $0.021198, Cached: $0.000984, Total: $0.033405 
2026-01-31 18:32:44 [32minfo[39m: Processing chunk 15 of 23 
2026-01-31 18:32:44 [32minfo[39m: Chunk 15 Tokens - Prompt: $18983, Candidates: $644, Thoughts: $9930, Cached: $19684, Total: $49241 
2026-01-31 18:32:44 [32minfo[39m: Chunk 15 Cost - Prompt: $0.009491, Candidates: $0.001932, Thoughts: $0.029790, Cached: $0.000984, Total: $0.042198 
2026-01-31 18:32:44 [32minfo[39m: Processing chunk 16 of 23 
2026-01-31 18:32:44 [32minfo[39m: Chunk 16 Tokens - Prompt: $18983, Candidates: $494, Thoughts: $9143, Cached: $19684, Total: $48304 
2026-01-31 18:32:44 [32minfo[39m: Chunk 16 Cost - Prompt: $0.009491, Candidates: $0.001482, Thoughts: $0.027429, Cached: $0.000984, Total: $0.039387 
2026-01-31 18:32:44 [32minfo[39m: Processing chunk 17 of 23 
2026-01-31 18:32:44 [32minfo[39m: Chunk 17 Tokens - Prompt: $18983, Candidates: $1186, Thoughts: $8606, Cached: $19684, Total: $48459 
2026-01-31 18:32:44 [32minfo[39m: Chunk 17 Cost - Prompt: $0.009491, Candidates: $0.003558, Thoughts: $0.025818, Cached: $0.000984, Total: $0.039852 
2026-01-31 18:32:44 [32minfo[39m: Processing chunk 18 of 23 
2026-01-31 18:32:44 [32minfo[39m: Chunk 18 Tokens - Prompt: $18983, Candidates: $982, Thoughts: $7205, Cached: $19684, Total: $46854 
2026-01-31 18:32:44 [32minfo[39m: Chunk 18 Cost - Prompt: $0.009491, Candidates: $0.002946, Thoughts: $0.021615, Cached: $0.000984, Total: $0.035037 
2026-01-31 18:32:44 [32minfo[39m: Processing chunk 19 of 23 
2026-01-31 18:32:44 [32minfo[39m: Chunk 19 Tokens - Prompt: $18983, Candidates: $601, Thoughts: $8772, Cached: $19684, Total: $48040 
2026-01-31 18:32:44 [32minfo[39m: Chunk 19 Cost - Prompt: $0.009491, Candidates: $0.001803, Thoughts: $0.026316, Cached: $0.000984, Total: $0.038595 
2026-01-31 18:32:44 [32minfo[39m: Processing chunk 20 of 23 
2026-01-31 18:32:44 [32minfo[39m: Chunk 20 Tokens - Prompt: $18983, Candidates: $680, Thoughts: $12082, Cached: $19684, Total: $51429 
2026-01-31 18:32:44 [32minfo[39m: Chunk 20 Cost - Prompt: $0.009491, Candidates: $0.002040, Thoughts: $0.036246, Cached: $0.000984, Total: $0.048762 
2026-01-31 18:32:44 [32minfo[39m: Processing chunk 21 of 23 
2026-01-31 18:32:44 [32minfo[39m: Chunk 21 Tokens - Prompt: $18983, Candidates: $1004, Thoughts: $9331, Cached: $19684, Total: $49002 
2026-01-31 18:32:44 [32minfo[39m: Chunk 21 Cost - Prompt: $0.009491, Candidates: $0.003012, Thoughts: $0.027993, Cached: $0.000984, Total: $0.041481 
2026-01-31 18:32:44 [32minfo[39m: Processing chunk 22 of 23 
2026-01-31 18:32:44 [32minfo[39m: Chunk 22 Tokens - Prompt: $18983, Candidates: $1018, Thoughts: $4991, Cached: $19684, Total: $44676 
2026-01-31 18:32:44 [32minfo[39m: Chunk 22 Cost - Prompt: $0.009491, Candidates: $0.003054, Thoughts: $0.014973, Cached: $0.000984, Total: $0.028503 
2026-01-31 18:32:44 [32minfo[39m: Processing chunk 23 of 23 
2026-01-31 18:32:44 [32minfo[39m: Chunk 23 Tokens - Prompt: $18983, Candidates: $205, Thoughts: $5763, Cached: $19684, Total: $44635 
2026-01-31 18:32:44 [32minfo[39m: Chunk 23 Cost - Prompt: $0.009491, Candidates: $0.000615, Thoughts: $0.017289, Cached: $0.000984, Total: $0.028380 
2026-01-31 18:32:44 [32minfo[39m: Written combined response to /Users/ryanchiang/Sites/college-datasets/packages/parser/src/output/new_york_university/new_york_university.json with 137 keys 
2026-01-31 18:32:44 [32minfo[39m: Total cost: $0.783683 
2026-01-31 18:32:44 [33mwarn[39m: Skipping massachusetts_institute_of_technology because it is an HTML file 
2026-01-31 18:32:44 [32minfo[39m: Parsing duke_university with file /Users/ryanchiang/Sites/college-datasets/packages/parser/data/cds-files/duke_university_CDS-2024-25-Final-2.pdf and mime type application/pdf 
2026-01-31 18:32:44 [32minfo[39m: Uploading file /Users/ryanchiang/Sites/college-datasets/packages/parser/data/cds-files/duke_university_CDS-2024-25-Final-2.pdf with mime type application/pdf 
2026-01-31 18:32:45 [32minfo[39m: File uploaded successfully: files/70420uzwxrvb | https://generativelanguage.googleapis.com/v1beta/files/70420uzwxrvb 
2026-01-31 18:32:45 [32minfo[39m: Creating file cache for duke_university_CDS-2024-25-Final-2.pdf... 
2026-01-31 18:32:46 [32minfo[39m: File cache for duke_university_CDS-2024-25-Final-2.pdf created successfully! 
2026-01-31 18:32:46 [32minfo[39m: Splitting schema into 23 chunks of length 50 or less 
2026-01-31 18:32:46 [32minfo[39m: Sending 23 requests in parallel... 
2026-01-31 18:32:46 [32minfo[39m: Sending request for chunk 1 of 23 (undefined fields) 
2026-01-31 18:32:46 [32minfo[39m: Sending request for chunk 2 of 23 (undefined fields) 
2026-01-31 18:32:46 [32minfo[39m: Sending request for chunk 3 of 23 (undefined fields) 
2026-01-31 18:32:46 [32minfo[39m: Sending request for chunk 4 of 23 (undefined fields) 
2026-01-31 18:32:46 [32minfo[39m: Sending request for chunk 5 of 23 (undefined fields) 
2026-01-31 18:32:46 [32minfo[39m: Sending request for chunk 6 of 23 (undefined fields) 
2026-01-31 18:32:46 [32minfo[39m: Sending request for chunk 7 of 23 (undefined fields) 
2026-01-31 18:32:46 [32minfo[39m: Sending request for chunk 8 of 23 (undefined fields) 
2026-01-31 18:32:46 [32minfo[39m: Sending request for chunk 9 of 23 (undefined fields) 
2026-01-31 18:32:46 [32minfo[39m: Sending request for chunk 10 of 23 (undefined fields) 
2026-01-31 18:32:46 [32minfo[39m: Sending request for chunk 11 of 23 (undefined fields) 
2026-01-31 18:32:46 [32minfo[39m: Sending request for chunk 12 of 23 (undefined fields) 
2026-01-31 18:32:46 [32minfo[39m: Sending request for chunk 13 of 23 (undefined fields) 
2026-01-31 18:32:46 [32minfo[39m: Sending request for chunk 14 of 23 (undefined fields) 
2026-01-31 18:32:46 [32minfo[39m: Sending request for chunk 15 of 23 (undefined fields) 
2026-01-31 18:32:46 [32minfo[39m: Sending request for chunk 16 of 23 (undefined fields) 
2026-01-31 18:32:46 [32minfo[39m: Sending request for chunk 17 of 23 (undefined fields) 
2026-01-31 18:32:46 [32minfo[39m: Sending request for chunk 18 of 23 (undefined fields) 
2026-01-31 18:32:46 [32minfo[39m: Sending request for chunk 19 of 23 (undefined fields) 
2026-01-31 18:32:46 [32minfo[39m: Sending request for chunk 20 of 23 (undefined fields) 
2026-01-31 18:32:46 [32minfo[39m: Sending request for chunk 21 of 23 (undefined fields) 
2026-01-31 18:32:46 [32minfo[39m: Sending request for chunk 22 of 23 (undefined fields) 
2026-01-31 18:32:46 [32minfo[39m: Sending request for chunk 23 of 23 (undefined fields) 
2026-01-31 18:34:21 [32minfo[39m: Processing chunk 1 of 23 
2026-01-31 18:34:21 [32minfo[39m: Chunk 1 Tokens - Prompt: $18633, Candidates: $633, Thoughts: $461, Cached: $19684, Total: $39411 
2026-01-31 18:34:21 [32minfo[39m: Chunk 1 Cost - Prompt: $0.009317, Candidates: $0.001899, Thoughts: $0.001383, Cached: $0.000984, Total: $0.013583 
2026-01-31 18:34:21 [32minfo[39m: Processing chunk 2 of 23 
2026-01-31 18:34:21 [32minfo[39m: Chunk 2 Tokens - Prompt: $18633, Candidates: $906, Thoughts: $8027, Cached: $19684, Total: $47250 
2026-01-31 18:34:21 [32minfo[39m: Chunk 2 Cost - Prompt: $0.009317, Candidates: $0.002718, Thoughts: $0.024081, Cached: $0.000984, Total: $0.037100 
2026-01-31 18:34:21 [32minfo[39m: Processing chunk 3 of 23 
2026-01-31 18:34:21 [32minfo[39m: Chunk 3 Tokens - Prompt: $18633, Candidates: $534, Thoughts: $1317, Cached: $19684, Total: $40168 
2026-01-31 18:34:21 [32minfo[39m: Chunk 3 Cost - Prompt: $0.009317, Candidates: $0.001602, Thoughts: $0.003951, Cached: $0.000984, Total: $0.015854 
2026-01-31 18:34:21 [32minfo[39m: Processing chunk 4 of 23 
2026-01-31 18:34:21 [32minfo[39m: Chunk 4 Tokens - Prompt: $18633, Candidates: $981, Thoughts: $88, Cached: $19684, Total: $39386 
2026-01-31 18:34:21 [32minfo[39m: Chunk 4 Cost - Prompt: $0.009317, Candidates: $0.002943, Thoughts: $0.000264, Cached: $0.000984, Total: $0.013508 
2026-01-31 18:34:21 [32minfo[39m: Processing chunk 5 of 23 
2026-01-31 18:34:21 [32minfo[39m: Chunk 5 Tokens - Prompt: $18633, Candidates: $978, Thoughts: $8507, Cached: $19684, Total: $47802 
2026-01-31 18:34:21 [32minfo[39m: Chunk 5 Cost - Prompt: $0.009317, Candidates: $0.002934, Thoughts: $0.025521, Cached: $0.000984, Total: $0.038756 
2026-01-31 18:34:21 [32minfo[39m: Processing chunk 6 of 23 
2026-01-31 18:34:21 [32minfo[39m: Chunk 6 Tokens - Prompt: $18633, Candidates: $961, Thoughts: $5396, Cached: $19684, Total: $44674 
2026-01-31 18:34:21 [32minfo[39m: Chunk 6 Cost - Prompt: $0.009317, Candidates: $0.002883, Thoughts: $0.016188, Cached: $0.000984, Total: $0.029372 
2026-01-31 18:34:21 [32minfo[39m: Processing chunk 7 of 23 
2026-01-31 18:34:21 [32minfo[39m: Chunk 7 Tokens - Prompt: $18633, Candidates: $622, Thoughts: $3707, Cached: $19684, Total: $42646 
2026-01-31 18:34:21 [32minfo[39m: Chunk 7 Cost - Prompt: $0.009317, Candidates: $0.001866, Thoughts: $0.011121, Cached: $0.000984, Total: $0.023288 
2026-01-31 18:34:21 [32minfo[39m: Processing chunk 8 of 23 
2026-01-31 18:34:21 [32minfo[39m: Chunk 8 Tokens - Prompt: $18633, Candidates: $478, Thoughts: $2862, Cached: $19684, Total: $41657 
2026-01-31 18:34:21 [32minfo[39m: Chunk 8 Cost - Prompt: $0.009317, Candidates: $0.001434, Thoughts: $0.008586, Cached: $0.000984, Total: $0.020321 
2026-01-31 18:34:21 [32minfo[39m: Processing chunk 9 of 23 
2026-01-31 18:34:21 [32minfo[39m: Chunk 9 Tokens - Prompt: $18633, Candidates: $1233, Thoughts: $7576, Cached: $19684, Total: $47126 
2026-01-31 18:34:21 [32minfo[39m: Chunk 9 Cost - Prompt: $0.009317, Candidates: $0.003699, Thoughts: $0.022728, Cached: $0.000984, Total: $0.036728 
2026-01-31 18:34:21 [32minfo[39m: Processing chunk 10 of 23 
2026-01-31 18:34:21 [32minfo[39m: Chunk 10 Tokens - Prompt: $18633, Candidates: $882, Thoughts: $10037, Cached: $19684, Total: $49236 
2026-01-31 18:34:21 [32minfo[39m: Chunk 10 Cost - Prompt: $0.009317, Candidates: $0.002646, Thoughts: $0.030111, Cached: $0.000984, Total: $0.043058 
2026-01-31 18:34:21 [32minfo[39m: Processing chunk 11 of 23 
2026-01-31 18:34:21 [32minfo[39m: Chunk 11 Tokens - Prompt: $18633, Candidates: $736, Thoughts: $1200, Cached: $19684, Total: $40253 
2026-01-31 18:34:21 [32minfo[39m: Chunk 11 Cost - Prompt: $0.009317, Candidates: $0.002208, Thoughts: $0.003600, Cached: $0.000984, Total: $0.016109 
2026-01-31 18:34:21 [32minfo[39m: Processing chunk 12 of 23 
2026-01-31 18:34:21 [32minfo[39m: Chunk 12 Tokens - Prompt: $18633, Candidates: $836, Thoughts: $6242, Cached: $19684, Total: $45395 
2026-01-31 18:34:21 [32minfo[39m: Chunk 12 Cost - Prompt: $0.009317, Candidates: $0.002508, Thoughts: $0.018726, Cached: $0.000984, Total: $0.031535 
2026-01-31 18:34:21 [32minfo[39m: Processing chunk 13 of 23 
2026-01-31 18:34:21 [32minfo[39m: Chunk 13 Tokens - Prompt: $18633, Candidates: $370, Thoughts: $8515, Cached: $19684, Total: $47202 
2026-01-31 18:34:21 [32minfo[39m: Chunk 13 Cost - Prompt: $0.009317, Candidates: $0.001110, Thoughts: $0.025545, Cached: $0.000984, Total: $0.036956 
2026-01-31 18:34:21 [32minfo[39m: Processing chunk 14 of 23 
2026-01-31 18:34:21 [32minfo[39m: Chunk 14 Tokens - Prompt: $18633, Candidates: $579, Thoughts: $12768, Cached: $19684, Total: $51664 
2026-01-31 18:34:21 [32minfo[39m: Chunk 14 Cost - Prompt: $0.009317, Candidates: $0.001737, Thoughts: $0.038304, Cached: $0.000984, Total: $0.050342 
2026-01-31 18:34:21 [32minfo[39m: Processing chunk 15 of 23 
2026-01-31 18:34:21 [32minfo[39m: Chunk 15 Tokens - Prompt: $18633, Candidates: $539, Thoughts: $13039, Cached: $19684, Total: $51895 
2026-01-31 18:34:21 [32minfo[39m: Chunk 15 Cost - Prompt: $0.009317, Candidates: $0.001617, Thoughts: $0.039117, Cached: $0.000984, Total: $0.051035 
2026-01-31 18:34:21 [32minfo[39m: Processing chunk 16 of 23 
2026-01-31 18:34:21 [32minfo[39m: Chunk 16 Tokens - Prompt: $18633, Candidates: $437, Thoughts: $15280, Cached: $19684, Total: $54034 
2026-01-31 18:34:21 [32minfo[39m: Chunk 16 Cost - Prompt: $0.009317, Candidates: $0.001311, Thoughts: $0.045840, Cached: $0.000984, Total: $0.057452 
2026-01-31 18:34:21 [32minfo[39m: Processing chunk 17 of 23 
2026-01-31 18:34:21 [32minfo[39m: Chunk 17 Tokens - Prompt: $18633, Candidates: $1152, Thoughts: $15333, Cached: $19684, Total: $54802 
2026-01-31 18:34:21 [32minfo[39m: Chunk 17 Cost - Prompt: $0.009317, Candidates: $0.003456, Thoughts: $0.045999, Cached: $0.000984, Total: $0.059756 
2026-01-31 18:34:21 [32minfo[39m: Processing chunk 18 of 23 
2026-01-31 18:34:21 [32minfo[39m: Chunk 18 Tokens - Prompt: $18633, Candidates: $972, Thoughts: $3871, Cached: $19684, Total: $43160 
2026-01-31 18:34:21 [32minfo[39m: Chunk 18 Cost - Prompt: $0.009317, Candidates: $0.002916, Thoughts: $0.011613, Cached: $0.000984, Total: $0.024830 
2026-01-31 18:34:21 [32minfo[39m: Processing chunk 19 of 23 
2026-01-31 18:34:21 [32minfo[39m: Chunk 19 Tokens - Prompt: $18633, Candidates: $816, Thoughts: $7291, Cached: $19684, Total: $46424 
2026-01-31 18:34:21 [32minfo[39m: Chunk 19 Cost - Prompt: $0.009317, Candidates: $0.002448, Thoughts: $0.021873, Cached: $0.000984, Total: $0.034622 
2026-01-31 18:34:21 [32minfo[39m: Processing chunk 20 of 23 
2026-01-31 18:34:21 [32minfo[39m: Chunk 20 Tokens - Prompt: $18633, Candidates: $613, Thoughts: $9480, Cached: $19684, Total: $48410 
2026-01-31 18:34:21 [32minfo[39m: Chunk 20 Cost - Prompt: $0.009317, Candidates: $0.001839, Thoughts: $0.028440, Cached: $0.000984, Total: $0.040580 
2026-01-31 18:34:21 [32minfo[39m: Processing chunk 21 of 23 
2026-01-31 18:34:21 [32minfo[39m: Chunk 21 Tokens - Prompt: $18633, Candidates: $569, Thoughts: $8503, Cached: $19684, Total: $47389 
2026-01-31 18:34:21 [32minfo[39m: Chunk 21 Cost - Prompt: $0.009317, Candidates: $0.001707, Thoughts: $0.025509, Cached: $0.000984, Total: $0.037517 
2026-01-31 18:34:21 [32minfo[39m: Processing chunk 22 of 23 
2026-01-31 18:34:21 [32minfo[39m: Chunk 22 Tokens - Prompt: $18633, Candidates: $1005, Thoughts: $11561, Cached: $19684, Total: $50883 
2026-01-31 18:34:21 [32minfo[39m: Chunk 22 Cost - Prompt: $0.009317, Candidates: $0.003015, Thoughts: $0.034683, Cached: $0.000984, Total: $0.047999 
2026-01-31 18:34:21 [32minfo[39m: Processing chunk 23 of 23 
2026-01-31 18:34:21 [32minfo[39m: Chunk 23 Tokens - Prompt: $18633, Candidates: $213, Thoughts: $8366, Cached: $19684, Total: $46896 
2026-01-31 18:34:21 [32minfo[39m: Chunk 23 Cost - Prompt: $0.009317, Candidates: $0.000639, Thoughts: $0.025098, Cached: $0.000984, Total: $0.036038 
2026-01-31 18:34:21 [32minfo[39m: Written combined response to /Users/ryanchiang/Sites/college-datasets/packages/parser/src/output/duke_university/duke_university.json with 136 keys 
2026-01-31 18:34:21 [32minfo[39m: Total cost: $0.796332 
2026-01-31 18:34:21 [33mwarn[39m: Skipping university_of_pennsylvania because it is an HTML file 
2026-01-31 18:34:21 [32minfo[39m: Parsing cornell_university with file /Users/ryanchiang/Sites/college-datasets/packages/parser/data/cds-files/cornell_university_CDS-2024-2025-v6-print.pdf and mime type application/pdf 
2026-01-31 18:34:21 [32minfo[39m: Uploading file /Users/ryanchiang/Sites/college-datasets/packages/parser/data/cds-files/cornell_university_CDS-2024-2025-v6-print.pdf with mime type application/pdf 
2026-01-31 18:34:22 [32minfo[39m: File uploaded successfully: files/aj7ek9csivkh | https://generativelanguage.googleapis.com/v1beta/files/aj7ek9csivkh 
2026-01-31 18:34:22 [32minfo[39m: Creating file cache for cornell_university_CDS-2024-2025-v6-print.pdf... 
2026-01-31 18:34:23 [32minfo[39m: File cache for cornell_university_CDS-2024-2025-v6-print.pdf created successfully! 
2026-01-31 18:34:23 [32minfo[39m: Splitting schema into 23 chunks of length 50 or less 
2026-01-31 18:34:23 [32minfo[39m: Sending 23 requests in parallel... 
2026-01-31 18:34:23 [32minfo[39m: Sending request for chunk 1 of 23 (undefined fields) 
2026-01-31 18:34:23 [32minfo[39m: Sending request for chunk 2 of 23 (undefined fields) 
2026-01-31 18:34:23 [32minfo[39m: Sending request for chunk 3 of 23 (undefined fields) 
2026-01-31 18:34:23 [32minfo[39m: Sending request for chunk 4 of 23 (undefined fields) 
2026-01-31 18:34:23 [32minfo[39m: Sending request for chunk 5 of 23 (undefined fields) 
2026-01-31 18:34:23 [32minfo[39m: Sending request for chunk 6 of 23 (undefined fields) 
2026-01-31 18:34:23 [32minfo[39m: Sending request for chunk 7 of 23 (undefined fields) 
2026-01-31 18:34:23 [32minfo[39m: Sending request for chunk 8 of 23 (undefined fields) 
2026-01-31 18:34:23 [32minfo[39m: Sending request for chunk 9 of 23 (undefined fields) 
2026-01-31 18:34:23 [32minfo[39m: Sending request for chunk 10 of 23 (undefined fields) 
2026-01-31 18:34:23 [32minfo[39m: Sending request for chunk 11 of 23 (undefined fields) 
2026-01-31 18:34:23 [32minfo[39m: Sending request for chunk 12 of 23 (undefined fields) 
2026-01-31 18:34:23 [32minfo[39m: Sending request for chunk 13 of 23 (undefined fields) 
2026-01-31 18:34:23 [32minfo[39m: Sending request for chunk 14 of 23 (undefined fields) 
2026-01-31 18:34:23 [32minfo[39m: Sending request for chunk 15 of 23 (undefined fields) 
2026-01-31 18:34:23 [32minfo[39m: Sending request for chunk 16 of 23 (undefined fields) 
2026-01-31 18:34:23 [32minfo[39m: Sending request for chunk 17 of 23 (undefined fields) 
2026-01-31 18:34:23 [32minfo[39m: Sending request for chunk 18 of 23 (undefined fields) 
2026-01-31 18:34:23 [32minfo[39m: Sending request for chunk 19 of 23 (undefined fields) 
2026-01-31 18:34:23 [32minfo[39m: Sending request for chunk 20 of 23 (undefined fields) 
2026-01-31 18:34:23 [32minfo[39m: Sending request for chunk 21 of 23 (undefined fields) 
2026-01-31 18:34:23 [32minfo[39m: Sending request for chunk 22 of 23 (undefined fields) 
2026-01-31 18:34:23 [32minfo[39m: Sending request for chunk 23 of 23 (undefined fields) 
2026-01-31 18:35:49 [32minfo[39m: Processing chunk 1 of 23 
2026-01-31 18:35:49 [32minfo[39m: Chunk 1 Tokens - Prompt: $27113, Candidates: $699, Thoughts: $10768, Cached: $28084, Total: $66664 
2026-01-31 18:35:49 [32minfo[39m: Chunk 1 Cost - Prompt: $0.013557, Candidates: $0.002097, Thoughts: $0.032304, Cached: $0.001404, Total: $0.049362 
2026-01-31 18:35:49 [32minfo[39m: Processing chunk 2 of 23 
2026-01-31 18:35:49 [32minfo[39m: Chunk 2 Tokens - Prompt: $27113, Candidates: $903, Thoughts: $6653, Cached: $28084, Total: $62753 
2026-01-31 18:35:49 [32minfo[39m: Chunk 2 Cost - Prompt: $0.013557, Candidates: $0.002709, Thoughts: $0.019959, Cached: $0.001404, Total: $0.037629 
2026-01-31 18:35:49 [32minfo[39m: Processing chunk 3 of 23 
2026-01-31 18:35:49 [32minfo[39m: Chunk 3 Tokens - Prompt: $27113, Candidates: $505, Thoughts: $2242, Cached: $28084, Total: $57944 
2026-01-31 18:35:49 [32minfo[39m: Chunk 3 Cost - Prompt: $0.013557, Candidates: $0.001515, Thoughts: $0.006726, Cached: $0.001404, Total: $0.023202 
2026-01-31 18:35:49 [32minfo[39m: Processing chunk 4 of 23 
2026-01-31 18:35:49 [32minfo[39m: Chunk 4 Tokens - Prompt: $27113, Candidates: $1088, Thoughts: $8005, Cached: $28084, Total: $64290 
2026-01-31 18:35:49 [32minfo[39m: Chunk 4 Cost - Prompt: $0.013557, Candidates: $0.003264, Thoughts: $0.024015, Cached: $0.001404, Total: $0.042240 
2026-01-31 18:35:49 [32minfo[39m: Processing chunk 5 of 23 
2026-01-31 18:35:49 [32minfo[39m: Chunk 5 Tokens - Prompt: $27113, Candidates: $979, Thoughts: $13607, Cached: $28084, Total: $69783 
2026-01-31 18:35:49 [32minfo[39m: Chunk 5 Cost - Prompt: $0.013557, Candidates: $0.002937, Thoughts: $0.040821, Cached: $0.001404, Total: $0.058719 
2026-01-31 18:35:49 [32minfo[39m: Processing chunk 6 of 23 
2026-01-31 18:35:49 [32minfo[39m: Chunk 6 Tokens - Prompt: $27113, Candidates: $874, Thoughts: $2706, Cached: $28084, Total: $58777 
2026-01-31 18:35:49 [32minfo[39m: Chunk 6 Cost - Prompt: $0.013557, Candidates: $0.002622, Thoughts: $0.008118, Cached: $0.001404, Total: $0.025701 
2026-01-31 18:35:49 [32minfo[39m: Processing chunk 7 of 23 
2026-01-31 18:35:49 [32minfo[39m: Chunk 7 Tokens - Prompt: $27113, Candidates: $623, Thoughts: $4273, Cached: $28084, Total: $60093 
2026-01-31 18:35:49 [32minfo[39m: Chunk 7 Cost - Prompt: $0.013557, Candidates: $0.001869, Thoughts: $0.012819, Cached: $0.001404, Total: $0.029649 
2026-01-31 18:35:49 [32minfo[39m: Processing chunk 8 of 23 
2026-01-31 18:35:49 [32minfo[39m: Chunk 8 Tokens - Prompt: $27113, Candidates: $743, Thoughts: $9631, Cached: $28084, Total: $65571 
2026-01-31 18:35:49 [32minfo[39m: Chunk 8 Cost - Prompt: $0.013557, Candidates: $0.002229, Thoughts: $0.028893, Cached: $0.001404, Total: $0.046083 
2026-01-31 18:35:49 [32minfo[39m: Processing chunk 9 of 23 
2026-01-31 18:35:49 [32minfo[39m: Chunk 9 Tokens - Prompt: $27113, Candidates: $1012, Thoughts: $4260, Cached: $28084, Total: $60469 
2026-01-31 18:35:49 [32minfo[39m: Chunk 9 Cost - Prompt: $0.013557, Candidates: $0.003036, Thoughts: $0.012780, Cached: $0.001404, Total: $0.030777 
2026-01-31 18:35:49 [32minfo[39m: Processing chunk 10 of 23 
2026-01-31 18:35:49 [32minfo[39m: Chunk 10 Tokens - Prompt: $27113, Candidates: $1145, Thoughts: $9576, Cached: $28084, Total: $65918 
2026-01-31 18:35:49 [32minfo[39m: Chunk 10 Cost - Prompt: $0.013557, Candidates: $0.003435, Thoughts: $0.028728, Cached: $0.001404, Total: $0.047124 
2026-01-31 18:35:49 [32minfo[39m: Processing chunk 11 of 23 
2026-01-31 18:35:49 [32minfo[39m: Chunk 11 Tokens - Prompt: $27113, Candidates: $724, Thoughts: $6407, Cached: $28084, Total: $62328 
2026-01-31 18:35:49 [32minfo[39m: Chunk 11 Cost - Prompt: $0.013557, Candidates: $0.002172, Thoughts: $0.019221, Cached: $0.001404, Total: $0.036354 
2026-01-31 18:35:49 [32minfo[39m: Processing chunk 12 of 23 
2026-01-31 18:35:49 [32minfo[39m: Chunk 12 Tokens - Prompt: $27113, Candidates: $840, Thoughts: $10139, Cached: $28084, Total: $66176 
2026-01-31 18:35:49 [32minfo[39m: Chunk 12 Cost - Prompt: $0.013557, Candidates: $0.002520, Thoughts: $0.030417, Cached: $0.001404, Total: $0.047898 
2026-01-31 18:35:49 [32minfo[39m: Processing chunk 13 of 23 
2026-01-31 18:35:49 [32minfo[39m: Chunk 13 Tokens - Prompt: $27113, Candidates: $511, Thoughts: $8107, Cached: $28084, Total: $63815 
2026-01-31 18:35:49 [32minfo[39m: Chunk 13 Cost - Prompt: $0.013557, Candidates: $0.001533, Thoughts: $0.024321, Cached: $0.001404, Total: $0.040815 
2026-01-31 18:35:49 [32minfo[39m: Processing chunk 14 of 23 
2026-01-31 18:35:49 [32minfo[39m: Chunk 14 Tokens - Prompt: $27113, Candidates: $468, Thoughts: $13164, Cached: $28084, Total: $68829 
2026-01-31 18:35:49 [32minfo[39m: Chunk 14 Cost - Prompt: $0.013557, Candidates: $0.001404, Thoughts: $0.039492, Cached: $0.001404, Total: $0.055857 
2026-01-31 18:35:49 [32minfo[39m: Processing chunk 15 of 23 
2026-01-31 18:35:49 [32minfo[39m: Chunk 15 Tokens - Prompt: $27113, Candidates: $897, Thoughts: $6809, Cached: $28084, Total: $62903 
2026-01-31 18:35:49 [32minfo[39m: Chunk 15 Cost - Prompt: $0.013557, Candidates: $0.002691, Thoughts: $0.020427, Cached: $0.001404, Total: $0.038079 
2026-01-31 18:35:49 [32minfo[39m: Processing chunk 16 of 23 
2026-01-31 18:35:49 [32minfo[39m: Chunk 16 Tokens - Prompt: $27113, Candidates: $435, Thoughts: $9767, Cached: $28084, Total: $65399 
2026-01-31 18:35:49 [32minfo[39m: Chunk 16 Cost - Prompt: $0.013557, Candidates: $0.001305, Thoughts: $0.029301, Cached: $0.001404, Total: $0.045567 
2026-01-31 18:35:49 [32minfo[39m: Processing chunk 17 of 23 
2026-01-31 18:35:49 [32minfo[39m: Chunk 17 Tokens - Prompt: $27113, Candidates: $1182, Thoughts: $4045, Cached: $28084, Total: $60424 
2026-01-31 18:35:49 [32minfo[39m: Chunk 17 Cost - Prompt: $0.013557, Candidates: $0.003546, Thoughts: $0.012135, Cached: $0.001404, Total: $0.030642 
2026-01-31 18:35:49 [32minfo[39m: Processing chunk 18 of 23 
2026-01-31 18:35:49 [32minfo[39m: Chunk 18 Tokens - Prompt: $27113, Candidates: $959, Thoughts: $4456, Cached: $28084, Total: $60612 
2026-01-31 18:35:49 [32minfo[39m: Chunk 18 Cost - Prompt: $0.013557, Candidates: $0.002877, Thoughts: $0.013368, Cached: $0.001404, Total: $0.031206 
2026-01-31 18:35:49 [32minfo[39m: Processing chunk 19 of 23 
2026-01-31 18:35:49 [32minfo[39m: Chunk 19 Tokens - Prompt: $27113, Candidates: $841, Thoughts: $5331, Cached: $28084, Total: $61369 
2026-01-31 18:35:49 [32minfo[39m: Chunk 19 Cost - Prompt: $0.013557, Candidates: $0.002523, Thoughts: $0.015993, Cached: $0.001404, Total: $0.033477 
2026-01-31 18:35:49 [32minfo[39m: Processing chunk 20 of 23 
2026-01-31 18:35:49 [32minfo[39m: Chunk 20 Tokens - Prompt: $27113, Candidates: $910, Thoughts: $5092, Cached: $28084, Total: $61199 
2026-01-31 18:35:49 [32minfo[39m: Chunk 20 Cost - Prompt: $0.013557, Candidates: $0.002730, Thoughts: $0.015276, Cached: $0.001404, Total: $0.032967 
2026-01-31 18:35:49 [32minfo[39m: Processing chunk 21 of 23 
2026-01-31 18:35:49 [32minfo[39m: Chunk 21 Tokens - Prompt: $27113, Candidates: $716, Thoughts: $10549, Cached: $28084, Total: $66462 
2026-01-31 18:35:49 [32minfo[39m: Chunk 21 Cost - Prompt: $0.013557, Candidates: $0.002148, Thoughts: $0.031647, Cached: $0.001404, Total: $0.048756 
2026-01-31 18:35:49 [32minfo[39m: Processing chunk 22 of 23 
2026-01-31 18:35:49 [32minfo[39m: Chunk 22 Tokens - Prompt: $27113, Candidates: $568, Thoughts: $1406, Cached: $28084, Total: $57171 
2026-01-31 18:35:49 [32minfo[39m: Chunk 22 Cost - Prompt: $0.013557, Candidates: $0.001704, Thoughts: $0.004218, Cached: $0.001404, Total: $0.020883 
2026-01-31 18:35:49 [32minfo[39m: Processing chunk 23 of 23 
2026-01-31 18:35:49 [32minfo[39m: Chunk 23 Tokens - Prompt: $27113, Candidates: $222, Thoughts: $2829, Cached: $28084, Total: $58248 
2026-01-31 18:35:49 [32minfo[39m: Chunk 23 Cost - Prompt: $0.013557, Candidates: $0.000666, Thoughts: $0.008487, Cached: $0.001404, Total: $0.024114 
2026-01-31 18:35:49 [32minfo[39m: Written combined response to /Users/ryanchiang/Sites/college-datasets/packages/parser/src/output/cornell_university/cornell_university.json with 135 keys 
2026-01-31 18:35:49 [32minfo[39m: Total cost: $0.877094 
2026-01-31 18:35:49 [32minfo[39m: Parsing university_of_california_los_angeles with file /Users/ryanchiang/Sites/college-datasets/packages/parser/data/cds-files/university_of_california_los_angeles.pdf and mime type application/pdf 
2026-01-31 18:35:49 [32minfo[39m: Uploading file /Users/ryanchiang/Sites/college-datasets/packages/parser/data/cds-files/university_of_california_los_angeles.pdf with mime type application/pdf 
2026-01-31 18:35:50 [32minfo[39m: File uploaded successfully: files/g0hhq6yfzqwf | https://generativelanguage.googleapis.com/v1beta/files/g0hhq6yfzqwf 
2026-01-31 18:35:50 [32minfo[39m: Creating file cache for university_of_california_los_angeles.pdf... 
2026-01-31 18:35:52 [32minfo[39m: File cache for university_of_california_los_angeles.pdf created successfully! 
2026-01-31 18:35:52 [32minfo[39m: Splitting schema into 23 chunks of length 50 or less 
2026-01-31 18:35:52 [32minfo[39m: Sending 23 requests in parallel... 
2026-01-31 18:35:52 [32minfo[39m: Sending request for chunk 1 of 23 (undefined fields) 
2026-01-31 18:35:52 [32minfo[39m: Sending request for chunk 2 of 23 (undefined fields) 
2026-01-31 18:35:52 [32minfo[39m: Sending request for chunk 3 of 23 (undefined fields) 
2026-01-31 18:35:52 [32minfo[39m: Sending request for chunk 4 of 23 (undefined fields) 
2026-01-31 18:35:52 [32minfo[39m: Sending request for chunk 5 of 23 (undefined fields) 
2026-01-31 18:35:52 [32minfo[39m: Sending request for chunk 6 of 23 (undefined fields) 
2026-01-31 18:35:52 [32minfo[39m: Sending request for chunk 7 of 23 (undefined fields) 
2026-01-31 18:35:52 [32minfo[39m: Sending request for chunk 8 of 23 (undefined fields) 
2026-01-31 18:35:52 [32minfo[39m: Sending request for chunk 9 of 23 (undefined fields) 
2026-01-31 18:35:52 [32minfo[39m: Sending request for chunk 10 of 23 (undefined fields) 
2026-01-31 18:35:52 [32minfo[39m: Sending request for chunk 11 of 23 (undefined fields) 
2026-01-31 18:35:52 [32minfo[39m: Sending request for chunk 12 of 23 (undefined fields) 
2026-01-31 18:35:52 [32minfo[39m: Sending request for chunk 13 of 23 (undefined fields) 
2026-01-31 18:35:52 [32minfo[39m: Sending request for chunk 14 of 23 (undefined fields) 
2026-01-31 18:35:52 [32minfo[39m: Sending request for chunk 15 of 23 (undefined fields) 
2026-01-31 18:35:52 [32minfo[39m: Sending request for chunk 16 of 23 (undefined fields) 
2026-01-31 18:35:52 [32minfo[39m: Sending request for chunk 17 of 23 (undefined fields) 
2026-01-31 18:35:52 [32minfo[39m: Sending request for chunk 18 of 23 (undefined fields) 
2026-01-31 18:35:52 [32minfo[39m: Sending request for chunk 19 of 23 (undefined fields) 
2026-01-31 18:35:52 [32minfo[39m: Sending request for chunk 20 of 23 (undefined fields) 
2026-01-31 18:35:52 [32minfo[39m: Sending request for chunk 21 of 23 (undefined fields) 
2026-01-31 18:35:52 [32minfo[39m: Sending request for chunk 22 of 23 (undefined fields) 
2026-01-31 18:35:52 [32minfo[39m: Sending request for chunk 23 of 23 (undefined fields) 
2026-01-31 18:37:27 [32minfo[39m: Processing chunk 1 of 23 
2026-01-31 18:37:27 [32minfo[39m: Chunk 1 Tokens - Prompt: $27113, Candidates: $712, Thoughts: $6519, Cached: $28084, Total: $62428 
2026-01-31 18:37:27 [32minfo[39m: Chunk 1 Cost - Prompt: $0.013557, Candidates: $0.002136, Thoughts: $0.019557, Cached: $0.001404, Total: $0.036654 
2026-01-31 18:37:27 [32minfo[39m: Processing chunk 2 of 23 
2026-01-31 18:37:27 [32minfo[39m: Chunk 2 Tokens - Prompt: $27113, Candidates: $916, Thoughts: $9287, Cached: $28084, Total: $65400 
2026-01-31 18:37:27 [32minfo[39m: Chunk 2 Cost - Prompt: $0.013557, Candidates: $0.002748, Thoughts: $0.027861, Cached: $0.001404, Total: $0.045570 
2026-01-31 18:37:27 [32minfo[39m: Processing chunk 3 of 23 
2026-01-31 18:37:27 [32minfo[39m: Chunk 3 Tokens - Prompt: $27113, Candidates: $508, Thoughts: $5765, Cached: $28084, Total: $61470 
2026-01-31 18:37:27 [32minfo[39m: Chunk 3 Cost - Prompt: $0.013557, Candidates: $0.001524, Thoughts: $0.017295, Cached: $0.001404, Total: $0.033780 
2026-01-31 18:37:27 [32minfo[39m: Processing chunk 4 of 23 
2026-01-31 18:37:27 [32minfo[39m: Chunk 4 Tokens - Prompt: $27113, Candidates: $1091, Thoughts: $14729, Cached: $28084, Total: $71017 
2026-01-31 18:37:27 [32minfo[39m: Chunk 4 Cost - Prompt: $0.013557, Candidates: $0.003273, Thoughts: $0.044187, Cached: $0.001404, Total: $0.062421 
2026-01-31 18:37:27 [32minfo[39m: Processing chunk 5 of 23 
2026-01-31 18:37:27 [32minfo[39m: Chunk 5 Tokens - Prompt: $27113, Candidates: $991, Thoughts: $6886, Cached: $28084, Total: $63074 
2026-01-31 18:37:27 [32minfo[39m: Chunk 5 Cost - Prompt: $0.013557, Candidates: $0.002973, Thoughts: $0.020658, Cached: $0.001404, Total: $0.038592 
2026-01-31 18:37:27 [32minfo[39m: Processing chunk 6 of 23 
2026-01-31 18:37:27 [32minfo[39m: Chunk 6 Tokens - Prompt: $27113, Candidates: $952, Thoughts: $10400, Cached: $28084, Total: $66549 
2026-01-31 18:37:27 [32minfo[39m: Chunk 6 Cost - Prompt: $0.013557, Candidates: $0.002856, Thoughts: $0.031200, Cached: $0.001404, Total: $0.049017 
2026-01-31 18:37:27 [32minfo[39m: Processing chunk 7 of 23 
2026-01-31 18:37:27 [32minfo[39m: Chunk 7 Tokens - Prompt: $27113, Candidates: $677, Thoughts: $4236, Cached: $28084, Total: $60110 
2026-01-31 18:37:27 [32minfo[39m: Chunk 7 Cost - Prompt: $0.013557, Candidates: $0.002031, Thoughts: $0.012708, Cached: $0.001404, Total: $0.029700 
2026-01-31 18:37:27 [32minfo[39m: Processing chunk 8 of 23 
2026-01-31 18:37:27 [32minfo[39m: Chunk 8 Tokens - Prompt: $27113, Candidates: $723, Thoughts: $4366, Cached: $28084, Total: $60286 
2026-01-31 18:37:27 [32minfo[39m: Chunk 8 Cost - Prompt: $0.013557, Candidates: $0.002169, Thoughts: $0.013098, Cached: $0.001404, Total: $0.030228 
2026-01-31 18:37:27 [32minfo[39m: Processing chunk 9 of 23 
2026-01-31 18:37:27 [32minfo[39m: Chunk 9 Tokens - Prompt: $27113, Candidates: $1208, Thoughts: $4104, Cached: $28084, Total: $60509 
2026-01-31 18:37:27 [32minfo[39m: Chunk 9 Cost - Prompt: $0.013557, Candidates: $0.003624, Thoughts: $0.012312, Cached: $0.001404, Total: $0.030897 
2026-01-31 18:37:27 [32minfo[39m: Processing chunk 10 of 23 
2026-01-31 18:37:27 [32minfo[39m: Chunk 10 Tokens - Prompt: $27113, Candidates: $1145, Thoughts: $4370, Cached: $28084, Total: $60712 
2026-01-31 18:37:27 [32minfo[39m: Chunk 10 Cost - Prompt: $0.013557, Candidates: $0.003435, Thoughts: $0.013110, Cached: $0.001404, Total: $0.031506 
2026-01-31 18:37:27 [32minfo[39m: Processing chunk 11 of 23 
2026-01-31 18:37:27 [32minfo[39m: Chunk 11 Tokens - Prompt: $27113, Candidates: $748, Thoughts: $63, Cached: $28084, Total: $56008 
2026-01-31 18:37:27 [32minfo[39m: Chunk 11 Cost - Prompt: $0.013557, Candidates: $0.002244, Thoughts: $0.000189, Cached: $0.001404, Total: $0.017394 
2026-01-31 18:37:27 [32minfo[39m: Processing chunk 12 of 23 
2026-01-31 18:37:27 [32minfo[39m: Chunk 12 Tokens - Prompt: $27113, Candidates: $738, Thoughts: $15388, Cached: $28084, Total: $71323 
2026-01-31 18:37:27 [32minfo[39m: Chunk 12 Cost - Prompt: $0.013557, Candidates: $0.002214, Thoughts: $0.046164, Cached: $0.001404, Total: $0.063339 
2026-01-31 18:37:27 [32minfo[39m: Processing chunk 13 of 23 
2026-01-31 18:37:27 [32minfo[39m: Chunk 13 Tokens - Prompt: $27113, Candidates: $534, Thoughts: $2757, Cached: $28084, Total: $58488 
2026-01-31 18:37:27 [32minfo[39m: Chunk 13 Cost - Prompt: $0.013557, Candidates: $0.001602, Thoughts: $0.008271, Cached: $0.001404, Total: $0.024834 
2026-01-31 18:37:27 [32minfo[39m: Processing chunk 14 of 23 
2026-01-31 18:37:27 [32minfo[39m: Chunk 14 Tokens - Prompt: $27113, Candidates: $468, Thoughts: $7566, Cached: $28084, Total: $63231 
2026-01-31 18:37:27 [32minfo[39m: Chunk 14 Cost - Prompt: $0.013557, Candidates: $0.001404, Thoughts: $0.022698, Cached: $0.001404, Total: $0.039063 
2026-01-31 18:37:27 [32minfo[39m: Processing chunk 15 of 23 
2026-01-31 18:37:27 [32minfo[39m: Chunk 15 Tokens - Prompt: $27113, Candidates: $478, Thoughts: $55, Cached: $28084, Total: $55730 
2026-01-31 18:37:27 [32minfo[39m: Chunk 15 Cost - Prompt: $0.013557, Candidates: $0.001434, Thoughts: $0.000165, Cached: $0.001404, Total: $0.016560 
2026-01-31 18:37:27 [32minfo[39m: Processing chunk 16 of 23 
2026-01-31 18:37:27 [32minfo[39m: Chunk 16 Tokens - Prompt: $27113, Candidates: $549, Thoughts: $5970, Cached: $28084, Total: $61716 
2026-01-31 18:37:27 [32minfo[39m: Chunk 16 Cost - Prompt: $0.013557, Candidates: $0.001647, Thoughts: $0.017910, Cached: $0.001404, Total: $0.034518 
2026-01-31 18:37:27 [32minfo[39m: Processing chunk 17 of 23 
2026-01-31 18:37:27 [32minfo[39m: Chunk 17 Tokens - Prompt: $27113, Candidates: $1101, Thoughts: $3114, Cached: $28084, Total: $59412 
2026-01-31 18:37:27 [32minfo[39m: Chunk 17 Cost - Prompt: $0.013557, Candidates: $0.003303, Thoughts: $0.009342, Cached: $0.001404, Total: $0.027606 
2026-01-31 18:37:27 [32minfo[39m: Processing chunk 18 of 23 
2026-01-31 18:37:27 [32minfo[39m: Chunk 18 Tokens - Prompt: $27113, Candidates: $936, Thoughts: $10413, Cached: $28084, Total: $66546 
2026-01-31 18:37:27 [32minfo[39m: Chunk 18 Cost - Prompt: $0.013557, Candidates: $0.002808, Thoughts: $0.031239, Cached: $0.001404, Total: $0.049008 
2026-01-31 18:37:27 [32minfo[39m: Processing chunk 19 of 23 
2026-01-31 18:37:27 [32minfo[39m: Chunk 19 Tokens - Prompt: $27113, Candidates: $606, Thoughts: $11776, Cached: $28084, Total: $67579 
2026-01-31 18:37:27 [32minfo[39m: Chunk 19 Cost - Prompt: $0.013557, Candidates: $0.001818, Thoughts: $0.035328, Cached: $0.001404, Total: $0.052107 
2026-01-31 18:37:27 [32minfo[39m: Processing chunk 20 of 23 
2026-01-31 18:37:27 [32minfo[39m: Chunk 20 Tokens - Prompt: $27113, Candidates: $348, Thoughts: $6886, Cached: $28084, Total: $62431 
2026-01-31 18:37:27 [32minfo[39m: Chunk 20 Cost - Prompt: $0.013557, Candidates: $0.001044, Thoughts: $0.020658, Cached: $0.001404, Total: $0.036663 
2026-01-31 18:37:27 [32minfo[39m: Processing chunk 21 of 23 
2026-01-31 18:37:27 [32minfo[39m: Chunk 21 Tokens - Prompt: $27113, Candidates: $718, Thoughts: $5253, Cached: $28084, Total: $61168 
2026-01-31 18:37:27 [32minfo[39m: Chunk 21 Cost - Prompt: $0.013557, Candidates: $0.002154, Thoughts: $0.015759, Cached: $0.001404, Total: $0.032874 
2026-01-31 18:37:27 [32minfo[39m: Processing chunk 22 of 23 
2026-01-31 18:37:27 [32minfo[39m: Chunk 22 Tokens - Prompt: $27113, Candidates: $1014, Thoughts: $8842, Cached: $28084, Total: $65053 
2026-01-31 18:37:27 [32minfo[39m: Chunk 22 Cost - Prompt: $0.013557, Candidates: $0.003042, Thoughts: $0.026526, Cached: $0.001404, Total: $0.044529 
2026-01-31 18:37:27 [32minfo[39m: Processing chunk 23 of 23 
2026-01-31 18:37:27 [32minfo[39m: Chunk 23 Tokens - Prompt: $27113, Candidates: $195, Thoughts: $6718, Cached: $28084, Total: $62110 
2026-01-31 18:37:27 [32minfo[39m: Chunk 23 Cost - Prompt: $0.013557, Candidates: $0.000585, Thoughts: $0.020154, Cached: $0.001404, Total: $0.035700 
2026-01-31 18:37:27 [32minfo[39m: Written combined response to /Users/ryanchiang/Sites/college-datasets/packages/parser/src/output/university_of_california_los_angeles/university_of_california_los_angeles.json with 135 keys 
2026-01-31 18:37:27 [32minfo[39m: Total cost: $0.862553 
2026-01-31 18:37:27 [32minfo[39m: Parsing vanderbilt_university with file /Users/ryanchiang/Sites/college-datasets/packages/parser/data/cds-files/vanderbilt_university_CDS_2024-2025.xlsx and mime type application/vnd.openxmlformats-officedocument.spreadsheetml.sheet 
2026-01-31 18:37:27 [32minfo[39m: Uploading file /Users/ryanchiang/Sites/college-datasets/packages/parser/data/cds-files/vanderbilt_university_CDS_2024-2025.xlsx with mime type application/vnd.openxmlformats-officedocument.spreadsheetml.sheet 
2026-01-31 18:37:28 [32minfo[39m: File uploaded successfully: files/nax6tpdbp1eo | https://generativelanguage.googleapis.com/v1beta/files/nax6tpdbp1eo 
2026-01-31 18:37:28 [32minfo[39m: Creating file cache for vanderbilt_university_CDS_2024-2025.xlsx... 
2026-01-31 20:52:59 [32minfo[39m: Parsing stanford_university with file /Users/ryanchiang/Sites/college-datasets/packages/parser/data/cds-files/stanford_cds_2024_2025.pdf and mime type application/pdf 
2026-01-31 20:52:59 [32minfo[39m: Uploading file /Users/ryanchiang/Sites/college-datasets/packages/parser/data/cds-files/stanford_cds_2024_2025.pdf with mime type application/pdf 
2026-01-31 20:53:01 [32minfo[39m: File uploaded successfully: files/2amqj7b6rki8 | https://generativelanguage.googleapis.com/v1beta/files/2amqj7b6rki8 
2026-01-31 20:53:01 [32minfo[39m: Creating file cache for stanford_cds_2024_2025.pdf... 
2026-01-31 20:53:02 [32minfo[39m: File cache for stanford_cds_2024_2025.pdf created successfully! 
2026-01-31 20:53:02 [32minfo[39m: Splitting schema into 23 chunks of length 50 or less 
2026-01-31 20:53:02 [32minfo[39m: Sending 23 requests in parallel... 
2026-01-31 20:53:02 [32minfo[39m: Sending request for chunk 1 of 23 (undefined fields) 
2026-01-31 20:53:02 [32minfo[39m: Sending request for chunk 2 of 23 (undefined fields) 
2026-01-31 20:53:02 [32minfo[39m: Sending request for chunk 3 of 23 (undefined fields) 
2026-01-31 20:53:02 [32minfo[39m: Sending request for chunk 4 of 23 (undefined fields) 
2026-01-31 20:53:02 [32minfo[39m: Sending request for chunk 5 of 23 (undefined fields) 
2026-01-31 20:53:02 [32minfo[39m: Sending request for chunk 6 of 23 (undefined fields) 
2026-01-31 20:53:02 [32minfo[39m: Sending request for chunk 7 of 23 (undefined fields) 
2026-01-31 20:53:02 [32minfo[39m: Sending request for chunk 8 of 23 (undefined fields) 
2026-01-31 20:53:02 [32minfo[39m: Sending request for chunk 9 of 23 (undefined fields) 
2026-01-31 20:53:02 [32minfo[39m: Sending request for chunk 10 of 23 (undefined fields) 
2026-01-31 20:53:02 [32minfo[39m: Sending request for chunk 11 of 23 (undefined fields) 
2026-01-31 20:53:02 [32minfo[39m: Sending request for chunk 12 of 23 (undefined fields) 
2026-01-31 20:53:02 [32minfo[39m: Sending request for chunk 13 of 23 (undefined fields) 
2026-01-31 20:53:02 [32minfo[39m: Sending request for chunk 14 of 23 (undefined fields) 
2026-01-31 20:53:02 [32minfo[39m: Sending request for chunk 15 of 23 (undefined fields) 
2026-01-31 20:53:02 [32minfo[39m: Sending request for chunk 16 of 23 (undefined fields) 
2026-01-31 20:53:02 [32minfo[39m: Sending request for chunk 17 of 23 (undefined fields) 
2026-01-31 20:53:02 [32minfo[39m: Sending request for chunk 18 of 23 (undefined fields) 
2026-01-31 20:53:02 [32minfo[39m: Sending request for chunk 19 of 23 (undefined fields) 
2026-01-31 20:53:02 [32minfo[39m: Sending request for chunk 20 of 23 (undefined fields) 
2026-01-31 20:53:02 [32minfo[39m: Sending request for chunk 21 of 23 (undefined fields) 
2026-01-31 20:53:02 [32minfo[39m: Sending request for chunk 22 of 23 (undefined fields) 
2026-01-31 20:53:02 [32minfo[39m: Sending request for chunk 23 of 23 (undefined fields) 
2026-01-31 20:54:29 [32minfo[39m: Processing chunk 1 of 23 
2026-01-31 20:54:29 [32minfo[39m: Chunk 1 Tokens - Prompt: $21693, Candidates: $717, Thoughts: $5057, Cached: $22484, Total: $49951 
2026-01-31 20:54:29 [32minfo[39m: Chunk 1 Cost - Prompt: $0.010847, Candidates: $0.002151, Thoughts: $0.015171, Cached: $0.001124, Total: $0.029293 
2026-01-31 20:54:29 [32minfo[39m: Processing chunk 2 of 23 
2026-01-31 20:54:29 [32minfo[39m: Chunk 2 Tokens - Prompt: $21693, Candidates: $905, Thoughts: $6102, Cached: $22484, Total: $51184 
2026-01-31 20:54:29 [32minfo[39m: Chunk 2 Cost - Prompt: $0.010847, Candidates: $0.002715, Thoughts: $0.018306, Cached: $0.001124, Total: $0.032992 
2026-01-31 20:54:29 [32minfo[39m: Processing chunk 3 of 23 
2026-01-31 20:54:29 [32minfo[39m: Chunk 3 Tokens - Prompt: $21693, Candidates: $537, Thoughts: $88, Cached: $22484, Total: $44802 
2026-01-31 20:54:29 [32minfo[39m: Chunk 3 Cost - Prompt: $0.010847, Candidates: $0.001611, Thoughts: $0.000264, Cached: $0.001124, Total: $0.013846 
2026-01-31 20:54:29 [32minfo[39m: Processing chunk 4 of 23 
2026-01-31 20:54:29 [32minfo[39m: Chunk 4 Tokens - Prompt: $21693, Candidates: $1074, Thoughts: $7550, Cached: $22484, Total: $52801 
2026-01-31 20:54:29 [32minfo[39m: Chunk 4 Cost - Prompt: $0.010847, Candidates: $0.003222, Thoughts: $0.022650, Cached: $0.001124, Total: $0.037843 
2026-01-31 20:54:29 [32minfo[39m: Processing chunk 5 of 23 
2026-01-31 20:54:29 [32minfo[39m: Chunk 5 Tokens - Prompt: $21693, Candidates: $975, Thoughts: $6256, Cached: $22484, Total: $51408 
2026-01-31 20:54:29 [32minfo[39m: Chunk 5 Cost - Prompt: $0.010847, Candidates: $0.002925, Thoughts: $0.018768, Cached: $0.001124, Total: $0.033664 
2026-01-31 20:54:29 [32minfo[39m: Processing chunk 6 of 23 
2026-01-31 20:54:29 [32minfo[39m: Chunk 6 Tokens - Prompt: $21693, Candidates: $775, Thoughts: $14001, Cached: $22484, Total: $58953 
2026-01-31 20:54:29 [32minfo[39m: Chunk 6 Cost - Prompt: $0.010847, Candidates: $0.002325, Thoughts: $0.042003, Cached: $0.001124, Total: $0.056299 
2026-01-31 20:54:29 [32minfo[39m: Processing chunk 7 of 23 
2026-01-31 20:54:29 [32minfo[39m: Chunk 7 Tokens - Prompt: $21693, Candidates: $429, Thoughts: $9320, Cached: $22484, Total: $53926 
2026-01-31 20:54:29 [32minfo[39m: Chunk 7 Cost - Prompt: $0.010847, Candidates: $0.001287, Thoughts: $0.027960, Cached: $0.001124, Total: $0.041218 
2026-01-31 20:54:29 [32minfo[39m: Processing chunk 8 of 23 
2026-01-31 20:54:29 [32minfo[39m: Chunk 8 Tokens - Prompt: $21693, Candidates: $840, Thoughts: $5383, Cached: $22484, Total: $50400 
2026-01-31 20:54:29 [32minfo[39m: Chunk 8 Cost - Prompt: $0.010847, Candidates: $0.002520, Thoughts: $0.016149, Cached: $0.001124, Total: $0.030640 
2026-01-31 20:54:29 [32minfo[39m: Processing chunk 9 of 23 
2026-01-31 20:54:29 [32minfo[39m: Chunk 9 Tokens - Prompt: $21693, Candidates: $1096, Thoughts: $3702, Cached: $22484, Total: $48975 
2026-01-31 20:54:29 [32minfo[39m: Chunk 9 Cost - Prompt: $0.010847, Candidates: $0.003288, Thoughts: $0.011106, Cached: $0.001124, Total: $0.026365 
2026-01-31 20:54:29 [32minfo[39m: Processing chunk 10 of 23 
2026-01-31 20:54:29 [32minfo[39m: Chunk 10 Tokens - Prompt: $21693, Candidates: $1150, Thoughts: $4478, Cached: $22484, Total: $49805 
2026-01-31 20:54:29 [32minfo[39m: Chunk 10 Cost - Prompt: $0.010847, Candidates: $0.003450, Thoughts: $0.013434, Cached: $0.001124, Total: $0.028855 
2026-01-31 20:54:29 [32minfo[39m: Processing chunk 11 of 23 
2026-01-31 20:54:29 [32minfo[39m: Chunk 11 Tokens - Prompt: $21693, Candidates: $731, Thoughts: $69, Cached: $22484, Total: $44977 
2026-01-31 20:54:29 [32minfo[39m: Chunk 11 Cost - Prompt: $0.010847, Candidates: $0.002193, Thoughts: $0.000207, Cached: $0.001124, Total: $0.014371 
2026-01-31 20:54:29 [32minfo[39m: Processing chunk 12 of 23 
2026-01-31 20:54:29 [32minfo[39m: Chunk 12 Tokens - Prompt: $21693, Candidates: $856, Thoughts: $3867, Cached: $22484, Total: $48900 
2026-01-31 20:54:29 [32minfo[39m: Chunk 12 Cost - Prompt: $0.010847, Candidates: $0.002568, Thoughts: $0.011601, Cached: $0.001124, Total: $0.026140 
2026-01-31 20:54:29 [32minfo[39m: Processing chunk 13 of 23 
2026-01-31 20:54:29 [32minfo[39m: Chunk 13 Tokens - Prompt: $21693, Candidates: $578, Thoughts: $8047, Cached: $22484, Total: $52802 
2026-01-31 20:54:29 [32minfo[39m: Chunk 13 Cost - Prompt: $0.010847, Candidates: $0.001734, Thoughts: $0.024141, Cached: $0.001124, Total: $0.037846 
2026-01-31 20:54:29 [32minfo[39m: Processing chunk 14 of 23 
2026-01-31 20:54:29 [32minfo[39m: Chunk 14 Tokens - Prompt: $21693, Candidates: $602, Thoughts: $6868, Cached: $22484, Total: $51647 
2026-01-31 20:54:29 [32minfo[39m: Chunk 14 Cost - Prompt: $0.010847, Candidates: $0.001806, Thoughts: $0.020604, Cached: $0.001124, Total: $0.034381 
2026-01-31 20:54:29 [32minfo[39m: Processing chunk 15 of 23 
2026-01-31 20:54:29 [32minfo[39m: Chunk 15 Tokens - Prompt: $21693, Candidates: $690, Thoughts: $9193, Cached: $22484, Total: $54060 
2026-01-31 20:54:29 [32minfo[39m: Chunk 15 Cost - Prompt: $0.010847, Candidates: $0.002070, Thoughts: $0.027579, Cached: $0.001124, Total: $0.041620 
2026-01-31 20:54:29 [32minfo[39m: Processing chunk 16 of 23 
2026-01-31 20:54:29 [32minfo[39m: Chunk 16 Tokens - Prompt: $21693, Candidates: $552, Thoughts: $7456, Cached: $22484, Total: $52185 
2026-01-31 20:54:29 [32minfo[39m: Chunk 16 Cost - Prompt: $0.010847, Candidates: $0.001656, Thoughts: $0.022368, Cached: $0.001124, Total: $0.035995 
2026-01-31 20:54:29 [32minfo[39m: Processing chunk 17 of 23 
2026-01-31 20:54:29 [32minfo[39m: Chunk 17 Tokens - Prompt: $21693, Candidates: $1178, Thoughts: $7010, Cached: $22484, Total: $52365 
2026-01-31 20:54:29 [32minfo[39m: Chunk 17 Cost - Prompt: $0.010847, Candidates: $0.003534, Thoughts: $0.021030, Cached: $0.001124, Total: $0.036535 
2026-01-31 20:54:29 [32minfo[39m: Processing chunk 18 of 23 
2026-01-31 20:54:29 [32minfo[39m: Chunk 18 Tokens - Prompt: $21693, Candidates: $958, Thoughts: $6574, Cached: $22484, Total: $51709 
2026-01-31 20:54:29 [32minfo[39m: Chunk 18 Cost - Prompt: $0.010847, Candidates: $0.002874, Thoughts: $0.019722, Cached: $0.001124, Total: $0.034567 
2026-01-31 20:54:29 [32minfo[39m: Processing chunk 19 of 23 
2026-01-31 20:54:29 [32minfo[39m: Chunk 19 Tokens - Prompt: $21693, Candidates: $588, Thoughts: $5040, Cached: $22484, Total: $49805 
2026-01-31 20:54:29 [32minfo[39m: Chunk 19 Cost - Prompt: $0.010847, Candidates: $0.001764, Thoughts: $0.015120, Cached: $0.001124, Total: $0.028855 
2026-01-31 20:54:29 [32minfo[39m: Processing chunk 20 of 23 
2026-01-31 20:54:29 [32minfo[39m: Chunk 20 Tokens - Prompt: $21693, Candidates: $534, Thoughts: $6538, Cached: $22484, Total: $51249 
2026-01-31 20:54:29 [32minfo[39m: Chunk 20 Cost - Prompt: $0.010847, Candidates: $0.001602, Thoughts: $0.019614, Cached: $0.001124, Total: $0.033187 
2026-01-31 20:54:29 [32minfo[39m: Processing chunk 21 of 23 
2026-01-31 20:54:29 [32minfo[39m: Chunk 21 Tokens - Prompt: $21693, Candidates: $393, Thoughts: $5687, Cached: $22484, Total: $50257 
2026-01-31 20:54:29 [32minfo[39m: Chunk 21 Cost - Prompt: $0.010847, Candidates: $0.001179, Thoughts: $0.017061, Cached: $0.001124, Total: $0.030211 
2026-01-31 20:54:29 [32minfo[39m: Processing chunk 22 of 23 
2026-01-31 20:54:29 [32minfo[39m: Chunk 22 Tokens - Prompt: $21693, Candidates: $730, Thoughts: $14098, Cached: $22484, Total: $59005 
2026-01-31 20:54:29 [32minfo[39m: Chunk 22 Cost - Prompt: $0.010847, Candidates: $0.002190, Thoughts: $0.042294, Cached: $0.001124, Total: $0.056455 
2026-01-31 20:54:29 [32minfo[39m: Processing chunk 23 of 23 
2026-01-31 20:54:29 [32minfo[39m: Chunk 23 Tokens - Prompt: $21693, Candidates: $152, Thoughts: $120, Cached: $22484, Total: $44449 
2026-01-31 20:54:29 [32minfo[39m: Chunk 23 Cost - Prompt: $0.010847, Candidates: $0.000456, Thoughts: $0.000360, Cached: $0.001124, Total: $0.012787 
2026-01-31 20:54:29 [32minfo[39m: Written combined response to /Users/ryanchiang/Sites/college-datasets/packages/parser/src/output/stanford_university/stanford_university.json with 138 keys 
2026-01-31 20:54:29 [32minfo[39m: Total cost: $0.753958 
2026-01-31 20:54:29 [32minfo[39m: Parsing harvard_university with file /Users/ryanchiang/Sites/college-datasets/packages/parser/data/cds-files/harvard_university_HarvardUniversity_CDS_2024-2025.pdf and mime type application/pdf 
2026-01-31 20:54:29 [32minfo[39m: Uploading file /Users/ryanchiang/Sites/college-datasets/packages/parser/data/cds-files/harvard_university_HarvardUniversity_CDS_2024-2025.pdf with mime type application/pdf 
2026-01-31 20:54:31 [32minfo[39m: File uploaded successfully: files/8i9rmpb72hzp | https://generativelanguage.googleapis.com/v1beta/files/8i9rmpb72hzp 
2026-01-31 20:54:31 [32minfo[39m: Creating file cache for harvard_university_HarvardUniversity_CDS_2024-2025.pdf... 
2026-01-31 20:54:32 [32minfo[39m: File cache for harvard_university_HarvardUniversity_CDS_2024-2025.pdf created successfully! 
2026-01-31 20:54:32 [32minfo[39m: Splitting schema into 23 chunks of length 50 or less 
2026-01-31 20:54:32 [32minfo[39m: Sending 23 requests in parallel... 
2026-01-31 20:54:32 [32minfo[39m: Sending request for chunk 1 of 23 (undefined fields) 
2026-01-31 20:54:32 [32minfo[39m: Sending request for chunk 2 of 23 (undefined fields) 
2026-01-31 20:54:32 [32minfo[39m: Sending request for chunk 3 of 23 (undefined fields) 
2026-01-31 20:54:32 [32minfo[39m: Sending request for chunk 4 of 23 (undefined fields) 
2026-01-31 20:54:32 [32minfo[39m: Sending request for chunk 5 of 23 (undefined fields) 
2026-01-31 20:54:32 [32minfo[39m: Sending request for chunk 6 of 23 (undefined fields) 
2026-01-31 20:54:32 [32minfo[39m: Sending request for chunk 7 of 23 (undefined fields) 
2026-01-31 20:54:32 [32minfo[39m: Sending request for chunk 8 of 23 (undefined fields) 
2026-01-31 20:54:32 [32minfo[39m: Sending request for chunk 9 of 23 (undefined fields) 
2026-01-31 20:54:32 [32minfo[39m: Sending request for chunk 10 of 23 (undefined fields) 
2026-01-31 20:54:32 [32minfo[39m: Sending request for chunk 11 of 23 (undefined fields) 
2026-01-31 20:54:32 [32minfo[39m: Sending request for chunk 12 of 23 (undefined fields) 
2026-01-31 20:54:32 [32minfo[39m: Sending request for chunk 13 of 23 (undefined fields) 
2026-01-31 20:54:32 [32minfo[39m: Sending request for chunk 14 of 23 (undefined fields) 
2026-01-31 20:54:32 [32minfo[39m: Sending request for chunk 15 of 23 (undefined fields) 
2026-01-31 20:54:32 [32minfo[39m: Sending request for chunk 16 of 23 (undefined fields) 
2026-01-31 20:54:32 [32minfo[39m: Sending request for chunk 17 of 23 (undefined fields) 
2026-01-31 20:54:32 [32minfo[39m: Sending request for chunk 18 of 23 (undefined fields) 
2026-01-31 20:54:32 [32minfo[39m: Sending request for chunk 19 of 23 (undefined fields) 
2026-01-31 20:54:32 [32minfo[39m: Sending request for chunk 20 of 23 (undefined fields) 
2026-01-31 20:54:32 [32minfo[39m: Sending request for chunk 21 of 23 (undefined fields) 
2026-01-31 20:54:32 [32minfo[39m: Sending request for chunk 22 of 23 (undefined fields) 
2026-01-31 20:54:32 [32minfo[39m: Sending request for chunk 23 of 23 (undefined fields) 
2026-01-31 20:59:33 [32minfo[39m: Processing chunk 1 of 23 
2026-01-31 20:59:33 [32minfo[39m: Chunk 1 Tokens - Prompt: $17357, Candidates: $757, Thoughts: $3434, Cached: $18004, Total: $39552 
2026-01-31 20:59:33 [32minfo[39m: Chunk 1 Cost - Prompt: $0.008679, Candidates: $0.002271, Thoughts: $0.010302, Cached: $0.000900, Total: $0.022152 
2026-01-31 20:59:33 [32minfo[39m: Processing chunk 2 of 23 
2026-01-31 20:59:33 [32minfo[39m: Chunk 2 Tokens - Prompt: $17357, Candidates: $897, Thoughts: $5043, Cached: $18004, Total: $41301 
2026-01-31 20:59:33 [32minfo[39m: Chunk 2 Cost - Prompt: $0.008679, Candidates: $0.002691, Thoughts: $0.015129, Cached: $0.000900, Total: $0.027399 
2026-01-31 20:59:33 [32minfo[39m: Processing chunk 3 of 23 
2026-01-31 20:59:33 [32minfo[39m: Chunk 3 Tokens - Prompt: $17357, Candidates: $411, Thoughts: $8812, Cached: $18004, Total: $44584 
2026-01-31 20:59:33 [32minfo[39m: Chunk 3 Cost - Prompt: $0.008679, Candidates: $0.001233, Thoughts: $0.026436, Cached: $0.000900, Total: $0.037248 
2026-01-31 20:59:33 [32minfo[39m: Processing chunk 4 of 23 
2026-01-31 20:59:33 [32minfo[39m: Chunk 4 Tokens - Prompt: $17357, Candidates: $1079, Thoughts: $9809, Cached: $18004, Total: $46249 
2026-01-31 20:59:33 [32minfo[39m: Chunk 4 Cost - Prompt: $0.008679, Candidates: $0.003237, Thoughts: $0.029427, Cached: $0.000900, Total: $0.042243 
2026-01-31 20:59:33 [32minfo[39m: Processing chunk 5 of 23 
2026-01-31 20:59:33 [32minfo[39m: Chunk 5 Tokens - Prompt: $17357, Candidates: $959, Thoughts: $4113, Cached: $18004, Total: $40433 
2026-01-31 20:59:33 [32minfo[39m: Chunk 5 Cost - Prompt: $0.008679, Candidates: $0.002877, Thoughts: $0.012339, Cached: $0.000900, Total: $0.024795 
2026-01-31 20:59:33 [32minfo[39m: Processing chunk 6 of 23 
2026-01-31 20:59:33 [32minfo[39m: Chunk 6 Tokens - Prompt: $17357, Candidates: $796, Thoughts: $14513, Cached: $18004, Total: $50670 
2026-01-31 20:59:33 [32minfo[39m: Chunk 6 Cost - Prompt: $0.008679, Candidates: $0.002388, Thoughts: $0.043539, Cached: $0.000900, Total: $0.055506 
2026-01-31 20:59:33 [32minfo[39m: Processing chunk 7 of 23 
2026-01-31 20:59:33 [32minfo[39m: Chunk 7 Tokens - Prompt: $17357, Candidates: $615, Thoughts: $6258, Cached: $18004, Total: $42234 
2026-01-31 20:59:33 [32minfo[39m: Chunk 7 Cost - Prompt: $0.008679, Candidates: $0.001845, Thoughts: $0.018774, Cached: $0.000900, Total: $0.030198 
2026-01-31 20:59:33 [32minfo[39m: Processing chunk 8 of 23 
2026-01-31 20:59:33 [32minfo[39m: Chunk 8 Tokens - Prompt: $17357, Candidates: $829, Thoughts: $8001, Cached: $18004, Total: $44191 
2026-01-31 20:59:33 [32minfo[39m: Chunk 8 Cost - Prompt: $0.008679, Candidates: $0.002487, Thoughts: $0.024003, Cached: $0.000900, Total: $0.036069 
2026-01-31 20:59:33 [32minfo[39m: Processing chunk 9 of 23 
2026-01-31 20:59:33 [32minfo[39m: Chunk 9 Tokens - Prompt: $17357, Candidates: $1119, Thoughts: $9084, Cached: $18004, Total: $45564 
2026-01-31 20:59:33 [32minfo[39m: Chunk 9 Cost - Prompt: $0.008679, Candidates: $0.003357, Thoughts: $0.027252, Cached: $0.000900, Total: $0.040188 
2026-01-31 20:59:33 [31merror[39m: Request failed: Error: exception TypeError: fetch failed sending request 
2026-01-31 20:59:33 [32minfo[39m: Processing chunk 11 of 23 
2026-01-31 20:59:33 [32minfo[39m: Chunk 11 Tokens - Prompt: $17357, Candidates: $597, Thoughts: $8226, Cached: $18004, Total: $44184 
2026-01-31 20:59:33 [32minfo[39m: Chunk 11 Cost - Prompt: $0.008679, Candidates: $0.001791, Thoughts: $0.024678, Cached: $0.000900, Total: $0.036048 
2026-01-31 20:59:33 [32minfo[39m: Processing chunk 12 of 23 
2026-01-31 20:59:33 [32minfo[39m: Chunk 12 Tokens - Prompt: $17357, Candidates: $829, Thoughts: $9489, Cached: $18004, Total: $45679 
2026-01-31 20:59:33 [32minfo[39m: Chunk 12 Cost - Prompt: $0.008679, Candidates: $0.002487, Thoughts: $0.028467, Cached: $0.000900, Total: $0.040533 
2026-01-31 20:59:33 [32minfo[39m: Processing chunk 13 of 23 
2026-01-31 20:59:33 [32minfo[39m: Chunk 13 Tokens - Prompt: $17357, Candidates: $362, Thoughts: $10396, Cached: $18004, Total: $46119 
2026-01-31 20:59:33 [32minfo[39m: Chunk 13 Cost - Prompt: $0.008679, Candidates: $0.001086, Thoughts: $0.031188, Cached: $0.000900, Total: $0.041853 
2026-01-31 20:59:33 [32minfo[39m: Processing chunk 14 of 23 
2026-01-31 20:59:33 [32minfo[39m: Chunk 14 Tokens - Prompt: $17357, Candidates: $521, Thoughts: $10225, Cached: $18004, Total: $46107 
2026-01-31 20:59:33 [32minfo[39m: Chunk 14 Cost - Prompt: $0.008679, Candidates: $0.001563, Thoughts: $0.030675, Cached: $0.000900, Total: $0.041817 
2026-01-31 20:59:33 [32minfo[39m: Processing chunk 15 of 23 
2026-01-31 20:59:33 [32minfo[39m: Chunk 15 Tokens - Prompt: $17357, Candidates: $865, Thoughts: $10940, Cached: $18004, Total: $47166 
2026-01-31 20:59:33 [32minfo[39m: Chunk 15 Cost - Prompt: $0.008679, Candidates: $0.002595, Thoughts: $0.032820, Cached: $0.000900, Total: $0.044994 
2026-01-31 20:59:33 [32minfo[39m: Processing chunk 16 of 23 
2026-01-31 20:59:33 [32minfo[39m: Chunk 16 Tokens - Prompt: $17357, Candidates: $435, Thoughts: $12064, Cached: $18004, Total: $47860 
2026-01-31 20:59:33 [32minfo[39m: Chunk 16 Cost - Prompt: $0.008679, Candidates: $0.001305, Thoughts: $0.036192, Cached: $0.000900, Total: $0.047076 
2026-01-31 20:59:33 [32minfo[39m: Processing chunk 17 of 23 
2026-01-31 20:59:33 [32minfo[39m: Chunk 17 Tokens - Prompt: $17357, Candidates: $1148, Thoughts: $7375, Cached: $18004, Total: $43884 
2026-01-31 20:59:33 [32minfo[39m: Chunk 17 Cost - Prompt: $0.008679, Candidates: $0.003444, Thoughts: $0.022125, Cached: $0.000900, Total: $0.035148 
2026-01-31 20:59:33 [32minfo[39m: Processing chunk 18 of 23 
2026-01-31 20:59:33 [32minfo[39m: Chunk 18 Tokens - Prompt: $17357, Candidates: $968, Thoughts: $9565, Cached: $18004, Total: $45894 
2026-01-31 20:59:33 [32minfo[39m: Chunk 18 Cost - Prompt: $0.008679, Candidates: $0.002904, Thoughts: $0.028695, Cached: $0.000900, Total: $0.041178 
2026-01-31 20:59:33 [32minfo[39m: Processing chunk 19 of 23 
2026-01-31 20:59:33 [32minfo[39m: Chunk 19 Tokens - Prompt: $17357, Candidates: $584, Thoughts: $11942, Cached: $18004, Total: $47887 
2026-01-31 20:59:33 [32minfo[39m: Chunk 19 Cost - Prompt: $0.008679, Candidates: $0.001752, Thoughts: $0.035826, Cached: $0.000900, Total: $0.047157 
2026-01-31 20:59:33 [32minfo[39m: Processing chunk 20 of 23 
2026-01-31 20:59:33 [32minfo[39m: Chunk 20 Tokens - Prompt: $17357, Candidates: $510, Thoughts: $4807, Cached: $18004, Total: $40678 
2026-01-31 20:59:33 [32minfo[39m: Chunk 20 Cost - Prompt: $0.008679, Candidates: $0.001530, Thoughts: $0.014421, Cached: $0.000900, Total: $0.025530 
2026-01-31 20:59:33 [32minfo[39m: Processing chunk 21 of 23 
2026-01-31 20:59:33 [32minfo[39m: Chunk 21 Tokens - Prompt: $17357, Candidates: $701, Thoughts: $14476, Cached: $18004, Total: $50538 
2026-01-31 20:59:33 [32minfo[39m: Chunk 21 Cost - Prompt: $0.008679, Candidates: $0.002103, Thoughts: $0.043428, Cached: $0.000900, Total: $0.055110 
2026-01-31 20:59:33 [32minfo[39m: Processing chunk 22 of 23 
2026-01-31 20:59:33 [32minfo[39m: Chunk 22 Tokens - Prompt: $17357, Candidates: $722, Thoughts: $11056, Cached: $18004, Total: $47139 
2026-01-31 20:59:33 [32minfo[39m: Chunk 22 Cost - Prompt: $0.008679, Candidates: $0.002166, Thoughts: $0.033168, Cached: $0.000900, Total: $0.044913 
2026-01-31 20:59:33 [32minfo[39m: Processing chunk 23 of 23 
2026-01-31 20:59:33 [32minfo[39m: Chunk 23 Tokens - Prompt: $17357, Candidates: $214, Thoughts: $9110, Cached: $18004, Total: $44685 
2026-01-31 20:59:33 [32minfo[39m: Chunk 23 Cost - Prompt: $0.008679, Candidates: $0.000642, Thoughts: $0.027330, Cached: $0.000900, Total: $0.037551 
2026-01-31 20:59:33 [32minfo[39m: Written combined response to /Users/ryanchiang/Sites/college-datasets/packages/parser/src/output/harvard_university/harvard_university.json with 129 keys 
2026-01-31 20:59:33 [32minfo[39m: Total cost: $0.854699 
2026-01-31 20:59:33 [32minfo[39m: Parsing new_york_university with file /Users/ryanchiang/Sites/college-datasets/packages/parser/data/cds-files/new_york_university_CDS_2024-2025-1.pdf and mime type application/pdf 
2026-01-31 20:59:33 [32minfo[39m: Uploading file /Users/ryanchiang/Sites/college-datasets/packages/parser/data/cds-files/new_york_university_CDS_2024-2025-1.pdf with mime type application/pdf 
2026-01-31 20:59:35 [32minfo[39m: File uploaded successfully: files/x9t7f2pzv9cc | https://generativelanguage.googleapis.com/v1beta/files/x9t7f2pzv9cc 
2026-01-31 20:59:35 [32minfo[39m: Creating file cache for new_york_university_CDS_2024-2025-1.pdf... 
2026-01-31 20:59:36 [32minfo[39m: File cache for new_york_university_CDS_2024-2025-1.pdf created successfully! 
2026-01-31 20:59:36 [32minfo[39m: Splitting schema into 23 chunks of length 50 or less 
2026-01-31 20:59:36 [32minfo[39m: Sending 23 requests in parallel... 
2026-01-31 20:59:36 [32minfo[39m: Sending request for chunk 1 of 23 (undefined fields) 
2026-01-31 20:59:36 [32minfo[39m: Sending request for chunk 2 of 23 (undefined fields) 
2026-01-31 20:59:36 [32minfo[39m: Sending request for chunk 3 of 23 (undefined fields) 
2026-01-31 20:59:36 [32minfo[39m: Sending request for chunk 4 of 23 (undefined fields) 
2026-01-31 20:59:36 [32minfo[39m: Sending request for chunk 5 of 23 (undefined fields) 
2026-01-31 20:59:36 [32minfo[39m: Sending request for chunk 6 of 23 (undefined fields) 
2026-01-31 20:59:36 [32minfo[39m: Sending request for chunk 7 of 23 (undefined fields) 
2026-01-31 20:59:36 [32minfo[39m: Sending request for chunk 8 of 23 (undefined fields) 
2026-01-31 20:59:36 [32minfo[39m: Sending request for chunk 9 of 23 (undefined fields) 
2026-01-31 20:59:36 [32minfo[39m: Sending request for chunk 10 of 23 (undefined fields) 
2026-01-31 20:59:36 [32minfo[39m: Sending request for chunk 11 of 23 (undefined fields) 
2026-01-31 20:59:36 [32minfo[39m: Sending request for chunk 12 of 23 (undefined fields) 
2026-01-31 20:59:36 [32minfo[39m: Sending request for chunk 13 of 23 (undefined fields) 
2026-01-31 20:59:36 [32minfo[39m: Sending request for chunk 14 of 23 (undefined fields) 
2026-01-31 20:59:36 [32minfo[39m: Sending request for chunk 15 of 23 (undefined fields) 
2026-01-31 20:59:36 [32minfo[39m: Sending request for chunk 16 of 23 (undefined fields) 
2026-01-31 20:59:36 [32minfo[39m: Sending request for chunk 17 of 23 (undefined fields) 
2026-01-31 20:59:36 [32minfo[39m: Sending request for chunk 18 of 23 (undefined fields) 
2026-01-31 20:59:36 [32minfo[39m: Sending request for chunk 19 of 23 (undefined fields) 
2026-01-31 20:59:36 [32minfo[39m: Sending request for chunk 20 of 23 (undefined fields) 
2026-01-31 20:59:36 [32minfo[39m: Sending request for chunk 21 of 23 (undefined fields) 
2026-01-31 20:59:36 [32minfo[39m: Sending request for chunk 22 of 23 (undefined fields) 
2026-01-31 20:59:36 [32minfo[39m: Sending request for chunk 23 of 23 (undefined fields) 
2026-01-31 21:01:02 [32minfo[39m: Processing chunk 1 of 23 
2026-01-31 21:01:02 [32minfo[39m: Chunk 1 Tokens - Prompt: $18983, Candidates: $895, Thoughts: $1971, Cached: $19684, Total: $41533 
2026-01-31 21:01:02 [32minfo[39m: Chunk 1 Cost - Prompt: $0.009491, Candidates: $0.002685, Thoughts: $0.005913, Cached: $0.000984, Total: $0.019074 
2026-01-31 21:01:02 [32minfo[39m: Processing chunk 2 of 23 
2026-01-31 21:01:02 [32minfo[39m: Chunk 2 Tokens - Prompt: $18983, Candidates: $915, Thoughts: $5687, Cached: $19684, Total: $45269 
2026-01-31 21:01:02 [32minfo[39m: Chunk 2 Cost - Prompt: $0.009491, Candidates: $0.002745, Thoughts: $0.017061, Cached: $0.000984, Total: $0.030282 
2026-01-31 21:01:02 [32minfo[39m: Processing chunk 3 of 23 
2026-01-31 21:01:02 [32minfo[39m: Chunk 3 Tokens - Prompt: $18983, Candidates: $546, Thoughts: $7790, Cached: $19684, Total: $47003 
2026-01-31 21:01:02 [32minfo[39m: Chunk 3 Cost - Prompt: $0.009491, Candidates: $0.001638, Thoughts: $0.023370, Cached: $0.000984, Total: $0.035484 
2026-01-31 21:01:02 [32minfo[39m: Processing chunk 4 of 23 
2026-01-31 21:01:02 [32minfo[39m: Chunk 4 Tokens - Prompt: $18983, Candidates: $1098, Thoughts: $69, Cached: $19684, Total: $39834 
2026-01-31 21:01:02 [32minfo[39m: Chunk 4 Cost - Prompt: $0.009491, Candidates: $0.003294, Thoughts: $0.000207, Cached: $0.000984, Total: $0.013977 
2026-01-31 21:01:02 [32minfo[39m: Processing chunk 5 of 23 
2026-01-31 21:01:02 [32minfo[39m: Chunk 5 Tokens - Prompt: $18983, Candidates: $981, Thoughts: $5951, Cached: $19684, Total: $45599 
2026-01-31 21:01:02 [32minfo[39m: Chunk 5 Cost - Prompt: $0.009491, Candidates: $0.002943, Thoughts: $0.017853, Cached: $0.000984, Total: $0.031272 
2026-01-31 21:01:02 [32minfo[39m: Processing chunk 6 of 23 
2026-01-31 21:01:02 [32minfo[39m: Chunk 6 Tokens - Prompt: $18983, Candidates: $941, Thoughts: $6422, Cached: $19684, Total: $46030 
2026-01-31 21:01:02 [32minfo[39m: Chunk 6 Cost - Prompt: $0.009491, Candidates: $0.002823, Thoughts: $0.019266, Cached: $0.000984, Total: $0.032565 
2026-01-31 21:01:02 [32minfo[39m: Processing chunk 7 of 23 
2026-01-31 21:01:02 [32minfo[39m: Chunk 7 Tokens - Prompt: $18983, Candidates: $629, Thoughts: $8774, Cached: $19684, Total: $48070 
2026-01-31 21:01:02 [32minfo[39m: Chunk 7 Cost - Prompt: $0.009491, Candidates: $0.001887, Thoughts: $0.026322, Cached: $0.000984, Total: $0.038685 
2026-01-31 21:01:02 [32minfo[39m: Processing chunk 8 of 23 
2026-01-31 21:01:02 [32minfo[39m: Chunk 8 Tokens - Prompt: $18983, Candidates: $783, Thoughts: $6298, Cached: $19684, Total: $45748 
2026-01-31 21:01:02 [32minfo[39m: Chunk 8 Cost - Prompt: $0.009491, Candidates: $0.002349, Thoughts: $0.018894, Cached: $0.000984, Total: $0.031719 
2026-01-31 21:01:02 [32minfo[39m: Processing chunk 9 of 23 
2026-01-31 21:01:02 [32minfo[39m: Chunk 9 Tokens - Prompt: $18983, Candidates: $1160, Thoughts: $8633, Cached: $19684, Total: $48460 
2026-01-31 21:01:02 [32minfo[39m: Chunk 9 Cost - Prompt: $0.009491, Candidates: $0.003480, Thoughts: $0.025899, Cached: $0.000984, Total: $0.039855 
2026-01-31 21:01:02 [32minfo[39m: Processing chunk 10 of 23 
2026-01-31 21:01:02 [32minfo[39m: Chunk 10 Tokens - Prompt: $18983, Candidates: $1076, Thoughts: $8533, Cached: $19684, Total: $48276 
2026-01-31 21:01:02 [32minfo[39m: Chunk 10 Cost - Prompt: $0.009491, Candidates: $0.003228, Thoughts: $0.025599, Cached: $0.000984, Total: $0.039303 
2026-01-31 21:01:02 [32minfo[39m: Processing chunk 11 of 23 
2026-01-31 21:01:02 [32minfo[39m: Chunk 11 Tokens - Prompt: $18983, Candidates: $718, Thoughts: $8897, Cached: $19684, Total: $48282 
2026-01-31 21:01:02 [32minfo[39m: Chunk 11 Cost - Prompt: $0.009491, Candidates: $0.002154, Thoughts: $0.026691, Cached: $0.000984, Total: $0.039321 
2026-01-31 21:01:02 [32minfo[39m: Processing chunk 12 of 23 
2026-01-31 21:01:02 [32minfo[39m: Chunk 12 Tokens - Prompt: $18983, Candidates: $852, Thoughts: $5063, Cached: $19684, Total: $44582 
2026-01-31 21:01:02 [32minfo[39m: Chunk 12 Cost - Prompt: $0.009491, Candidates: $0.002556, Thoughts: $0.015189, Cached: $0.000984, Total: $0.028221 
2026-01-31 21:01:02 [32minfo[39m: Processing chunk 13 of 23 
2026-01-31 21:01:02 [32minfo[39m: Chunk 13 Tokens - Prompt: $18983, Candidates: $535, Thoughts: $8848, Cached: $19684, Total: $48050 
2026-01-31 21:01:02 [32minfo[39m: Chunk 13 Cost - Prompt: $0.009491, Candidates: $0.001605, Thoughts: $0.026544, Cached: $0.000984, Total: $0.038625 
2026-01-31 21:01:02 [32minfo[39m: Processing chunk 14 of 23 
2026-01-31 21:01:02 [32minfo[39m: Chunk 14 Tokens - Prompt: $18983, Candidates: $577, Thoughts: $5300, Cached: $19684, Total: $44544 
2026-01-31 21:01:02 [32minfo[39m: Chunk 14 Cost - Prompt: $0.009491, Candidates: $0.001731, Thoughts: $0.015900, Cached: $0.000984, Total: $0.028107 
2026-01-31 21:01:02 [32minfo[39m: Processing chunk 15 of 23 
2026-01-31 21:01:02 [32minfo[39m: Chunk 15 Tokens - Prompt: $18983, Candidates: $792, Thoughts: $12220, Cached: $19684, Total: $51679 
2026-01-31 21:01:02 [32minfo[39m: Chunk 15 Cost - Prompt: $0.009491, Candidates: $0.002376, Thoughts: $0.036660, Cached: $0.000984, Total: $0.049512 
2026-01-31 21:01:02 [32minfo[39m: Processing chunk 16 of 23 
2026-01-31 21:01:02 [32minfo[39m: Chunk 16 Tokens - Prompt: $18983, Candidates: $562, Thoughts: $10704, Cached: $19684, Total: $49933 
2026-01-31 21:01:02 [32minfo[39m: Chunk 16 Cost - Prompt: $0.009491, Candidates: $0.001686, Thoughts: $0.032112, Cached: $0.000984, Total: $0.044274 
2026-01-31 21:01:02 [32minfo[39m: Processing chunk 17 of 23 
2026-01-31 21:01:02 [32minfo[39m: Chunk 17 Tokens - Prompt: $18983, Candidates: $1186, Thoughts: $3625, Cached: $19684, Total: $43478 
2026-01-31 21:01:02 [32minfo[39m: Chunk 17 Cost - Prompt: $0.009491, Candidates: $0.003558, Thoughts: $0.010875, Cached: $0.000984, Total: $0.024909 
2026-01-31 21:01:02 [32minfo[39m: Processing chunk 18 of 23 
2026-01-31 21:01:02 [32minfo[39m: Chunk 18 Tokens - Prompt: $18983, Candidates: $982, Thoughts: $1395, Cached: $19684, Total: $41044 
2026-01-31 21:01:02 [32minfo[39m: Chunk 18 Cost - Prompt: $0.009491, Candidates: $0.002946, Thoughts: $0.004185, Cached: $0.000984, Total: $0.017607 
2026-01-31 21:01:02 [32minfo[39m: Processing chunk 19 of 23 
2026-01-31 21:01:02 [32minfo[39m: Chunk 19 Tokens - Prompt: $18983, Candidates: $601, Thoughts: $13984, Cached: $19684, Total: $53252 
2026-01-31 21:01:02 [32minfo[39m: Chunk 19 Cost - Prompt: $0.009491, Candidates: $0.001803, Thoughts: $0.041952, Cached: $0.000984, Total: $0.054231 
2026-01-31 21:01:02 [32minfo[39m: Processing chunk 20 of 23 
2026-01-31 21:01:02 [32minfo[39m: Chunk 20 Tokens - Prompt: $18983, Candidates: $861, Thoughts: $5089, Cached: $19684, Total: $44617 
2026-01-31 21:01:02 [32minfo[39m: Chunk 20 Cost - Prompt: $0.009491, Candidates: $0.002583, Thoughts: $0.015267, Cached: $0.000984, Total: $0.028326 
2026-01-31 21:01:02 [32minfo[39m: Processing chunk 21 of 23 
2026-01-31 21:01:02 [32minfo[39m: Chunk 21 Tokens - Prompt: $18983, Candidates: $621, Thoughts: $7816, Cached: $19684, Total: $47104 
2026-01-31 21:01:02 [32minfo[39m: Chunk 21 Cost - Prompt: $0.009491, Candidates: $0.001863, Thoughts: $0.023448, Cached: $0.000984, Total: $0.035787 
2026-01-31 21:01:02 [32minfo[39m: Processing chunk 22 of 23 
2026-01-31 21:01:02 [32minfo[39m: Chunk 22 Tokens - Prompt: $18983, Candidates: $957, Thoughts: $4169, Cached: $19684, Total: $43793 
2026-01-31 21:01:02 [32minfo[39m: Chunk 22 Cost - Prompt: $0.009491, Candidates: $0.002871, Thoughts: $0.012507, Cached: $0.000984, Total: $0.025854 
2026-01-31 21:01:02 [32minfo[39m: Processing chunk 23 of 23 
2026-01-31 21:01:02 [32minfo[39m: Chunk 23 Tokens - Prompt: $18983, Candidates: $231, Thoughts: $6663, Cached: $19684, Total: $45561 
2026-01-31 21:01:02 [32minfo[39m: Chunk 23 Cost - Prompt: $0.009491, Candidates: $0.000693, Thoughts: $0.019989, Cached: $0.000984, Total: $0.031158 
2026-01-31 21:01:02 [32minfo[39m: Written combined response to /Users/ryanchiang/Sites/college-datasets/packages/parser/src/output/new_york_university/new_york_university.json with 132 keys 
2026-01-31 21:01:02 [32minfo[39m: Total cost: $0.758141 
2026-01-31 21:01:02 [32minfo[39m: Parsing duke_university with file /Users/ryanchiang/Sites/college-datasets/packages/parser/data/cds-files/duke_university_CDS-2024-25-Final-2.pdf and mime type application/pdf 
2026-01-31 21:01:02 [32minfo[39m: Uploading file /Users/ryanchiang/Sites/college-datasets/packages/parser/data/cds-files/duke_university_CDS-2024-25-Final-2.pdf with mime type application/pdf 
2026-01-31 21:01:04 [32minfo[39m: File uploaded successfully: files/l52n4zu1fsh1 | https://generativelanguage.googleapis.com/v1beta/files/l52n4zu1fsh1 
2026-01-31 21:01:04 [32minfo[39m: Creating file cache for duke_university_CDS-2024-25-Final-2.pdf... 
2026-01-31 21:01:06 [32minfo[39m: File cache for duke_university_CDS-2024-25-Final-2.pdf created successfully! 
2026-01-31 21:01:06 [32minfo[39m: Splitting schema into 23 chunks of length 50 or less 
2026-01-31 21:01:06 [32minfo[39m: Sending 23 requests in parallel... 
2026-01-31 21:01:06 [32minfo[39m: Sending request for chunk 1 of 23 (undefined fields) 
2026-01-31 21:01:06 [32minfo[39m: Sending request for chunk 2 of 23 (undefined fields) 
2026-01-31 21:01:06 [32minfo[39m: Sending request for chunk 3 of 23 (undefined fields) 
2026-01-31 21:01:06 [32minfo[39m: Sending request for chunk 4 of 23 (undefined fields) 
2026-01-31 21:01:06 [32minfo[39m: Sending request for chunk 5 of 23 (undefined fields) 
2026-01-31 21:01:06 [32minfo[39m: Sending request for chunk 6 of 23 (undefined fields) 
2026-01-31 21:01:06 [32minfo[39m: Sending request for chunk 7 of 23 (undefined fields) 
2026-01-31 21:01:06 [32minfo[39m: Sending request for chunk 8 of 23 (undefined fields) 
2026-01-31 21:01:06 [32minfo[39m: Sending request for chunk 9 of 23 (undefined fields) 
2026-01-31 21:01:06 [32minfo[39m: Sending request for chunk 10 of 23 (undefined fields) 
2026-01-31 21:01:06 [32minfo[39m: Sending request for chunk 11 of 23 (undefined fields) 
2026-01-31 21:01:06 [32minfo[39m: Sending request for chunk 12 of 23 (undefined fields) 
2026-01-31 21:01:06 [32minfo[39m: Sending request for chunk 13 of 23 (undefined fields) 
2026-01-31 21:01:06 [32minfo[39m: Sending request for chunk 14 of 23 (undefined fields) 
2026-01-31 21:01:06 [32minfo[39m: Sending request for chunk 15 of 23 (undefined fields) 
2026-01-31 21:01:06 [32minfo[39m: Sending request for chunk 16 of 23 (undefined fields) 
2026-01-31 21:01:06 [32minfo[39m: Sending request for chunk 17 of 23 (undefined fields) 
2026-01-31 21:01:06 [32minfo[39m: Sending request for chunk 18 of 23 (undefined fields) 
2026-01-31 21:01:06 [32minfo[39m: Sending request for chunk 19 of 23 (undefined fields) 
2026-01-31 21:01:06 [32minfo[39m: Sending request for chunk 20 of 23 (undefined fields) 
2026-01-31 21:01:06 [32minfo[39m: Sending request for chunk 21 of 23 (undefined fields) 
2026-01-31 21:01:06 [32minfo[39m: Sending request for chunk 22 of 23 (undefined fields) 
2026-01-31 21:01:06 [32minfo[39m: Sending request for chunk 23 of 23 (undefined fields) 
2026-01-31 21:02:21 [32minfo[39m: Processing chunk 1 of 23 
2026-01-31 21:02:21 [32minfo[39m: Chunk 1 Tokens - Prompt: $18633, Candidates: $816, Thoughts: $959, Cached: $19684, Total: $40092 
2026-01-31 21:02:21 [32minfo[39m: Chunk 1 Cost - Prompt: $0.009317, Candidates: $0.002448, Thoughts: $0.002877, Cached: $0.000984, Total: $0.015626 
2026-01-31 21:02:21 [32minfo[39m: Processing chunk 2 of 23 
2026-01-31 21:02:21 [32minfo[39m: Chunk 2 Tokens - Prompt: $18633, Candidates: $906, Thoughts: $3628, Cached: $19684, Total: $42851 
2026-01-31 21:02:21 [32minfo[39m: Chunk 2 Cost - Prompt: $0.009317, Candidates: $0.002718, Thoughts: $0.010884, Cached: $0.000984, Total: $0.023903 
2026-01-31 21:02:21 [32minfo[39m: Processing chunk 3 of 23 
2026-01-31 21:02:21 [32minfo[39m: Chunk 3 Tokens - Prompt: $18633, Candidates: $534, Thoughts: $7787, Cached: $19684, Total: $46638 
2026-01-31 21:02:21 [32minfo[39m: Chunk 3 Cost - Prompt: $0.009317, Candidates: $0.001602, Thoughts: $0.023361, Cached: $0.000984, Total: $0.035264 
2026-01-31 21:02:21 [32minfo[39m: Processing chunk 4 of 23 
2026-01-31 21:02:21 [32minfo[39m: Chunk 4 Tokens - Prompt: $18633, Candidates: $1077, Thoughts: $2573, Cached: $19684, Total: $41967 
2026-01-31 21:02:21 [32minfo[39m: Chunk 4 Cost - Prompt: $0.009317, Candidates: $0.003231, Thoughts: $0.007719, Cached: $0.000984, Total: $0.021251 
2026-01-31 21:02:21 [32minfo[39m: Processing chunk 5 of 23 
2026-01-31 21:02:21 [32minfo[39m: Chunk 5 Tokens - Prompt: $18633, Candidates: $978, Thoughts: $5376, Cached: $19684, Total: $44671 
2026-01-31 21:02:21 [32minfo[39m: Chunk 5 Cost - Prompt: $0.009317, Candidates: $0.002934, Thoughts: $0.016128, Cached: $0.000984, Total: $0.029363 
2026-01-31 21:02:21 [32minfo[39m: Processing chunk 6 of 23 
2026-01-31 21:02:21 [32minfo[39m: Chunk 6 Tokens - Prompt: $18633, Candidates: $961, Thoughts: $5264, Cached: $19684, Total: $44542 
2026-01-31 21:02:21 [32minfo[39m: Chunk 6 Cost - Prompt: $0.009317, Candidates: $0.002883, Thoughts: $0.015792, Cached: $0.000984, Total: $0.028976 
2026-01-31 21:02:21 [32minfo[39m: Processing chunk 7 of 23 
2026-01-31 21:02:21 [32minfo[39m: Chunk 7 Tokens - Prompt: $18633, Candidates: $623, Thoughts: $5057, Cached: $19684, Total: $43997 
2026-01-31 21:02:21 [32minfo[39m: Chunk 7 Cost - Prompt: $0.009317, Candidates: $0.001869, Thoughts: $0.015171, Cached: $0.000984, Total: $0.027341 
2026-01-31 21:02:21 [32minfo[39m: Processing chunk 8 of 23 
2026-01-31 21:02:21 [32minfo[39m: Chunk 8 Tokens - Prompt: $18633, Candidates: $505, Thoughts: $4917, Cached: $19684, Total: $43739 
2026-01-31 21:02:21 [32minfo[39m: Chunk 8 Cost - Prompt: $0.009317, Candidates: $0.001515, Thoughts: $0.014751, Cached: $0.000984, Total: $0.026567 
2026-01-31 21:02:21 [32minfo[39m: Processing chunk 9 of 23 
2026-01-31 21:02:21 [32minfo[39m: Chunk 9 Tokens - Prompt: $18633, Candidates: $1231, Thoughts: $7255, Cached: $19684, Total: $46803 
2026-01-31 21:02:21 [32minfo[39m: Chunk 9 Cost - Prompt: $0.009317, Candidates: $0.003693, Thoughts: $0.021765, Cached: $0.000984, Total: $0.035759 
2026-01-31 21:02:21 [32minfo[39m: Processing chunk 10 of 23 
2026-01-31 21:02:21 [32minfo[39m: Chunk 10 Tokens - Prompt: $18633, Candidates: $1134, Thoughts: $4168, Cached: $19684, Total: $43619 
2026-01-31 21:02:21 [32minfo[39m: Chunk 10 Cost - Prompt: $0.009317, Candidates: $0.003402, Thoughts: $0.012504, Cached: $0.000984, Total: $0.026207 
2026-01-31 21:02:21 [32minfo[39m: Processing chunk 11 of 23 
2026-01-31 21:02:21 [32minfo[39m: Chunk 11 Tokens - Prompt: $18633, Candidates: $715, Thoughts: $3682, Cached: $19684, Total: $42714 
2026-01-31 21:02:21 [32minfo[39m: Chunk 11 Cost - Prompt: $0.009317, Candidates: $0.002145, Thoughts: $0.011046, Cached: $0.000984, Total: $0.023492 
2026-01-31 21:02:21 [32minfo[39m: Processing chunk 12 of 23 
2026-01-31 21:02:21 [32minfo[39m: Chunk 12 Tokens - Prompt: $18633, Candidates: $836, Thoughts: $7440, Cached: $19684, Total: $46593 
2026-01-31 21:02:21 [32minfo[39m: Chunk 12 Cost - Prompt: $0.009317, Candidates: $0.002508, Thoughts: $0.022320, Cached: $0.000984, Total: $0.035129 
2026-01-31 21:02:21 [32minfo[39m: Processing chunk 13 of 23 
2026-01-31 21:02:21 [32minfo[39m: Chunk 13 Tokens - Prompt: $18633, Candidates: $500, Thoughts: $11455, Cached: $19684, Total: $50272 
2026-01-31 21:02:21 [32minfo[39m: Chunk 13 Cost - Prompt: $0.009317, Candidates: $0.001500, Thoughts: $0.034365, Cached: $0.000984, Total: $0.046166 
2026-01-31 21:02:21 [32minfo[39m: Processing chunk 14 of 23 
2026-01-31 21:02:21 [32minfo[39m: Chunk 14 Tokens - Prompt: $18633, Candidates: $492, Thoughts: $4076, Cached: $19684, Total: $42885 
2026-01-31 21:02:21 [32minfo[39m: Chunk 14 Cost - Prompt: $0.009317, Candidates: $0.001476, Thoughts: $0.012228, Cached: $0.000984, Total: $0.024005 
2026-01-31 21:02:21 [32minfo[39m: Processing chunk 15 of 23 
2026-01-31 21:02:21 [32minfo[39m: Chunk 15 Tokens - Prompt: $18633, Candidates: $863, Thoughts: $5140, Cached: $19684, Total: $44320 
2026-01-31 21:02:21 [32minfo[39m: Chunk 15 Cost - Prompt: $0.009317, Candidates: $0.002589, Thoughts: $0.015420, Cached: $0.000984, Total: $0.028310 
2026-01-31 21:02:21 [32minfo[39m: Processing chunk 16 of 23 
2026-01-31 21:02:21 [32minfo[39m: Chunk 16 Tokens - Prompt: $18633, Candidates: $548, Thoughts: $11543, Cached: $19684, Total: $50408 
2026-01-31 21:02:21 [32minfo[39m: Chunk 16 Cost - Prompt: $0.009317, Candidates: $0.001644, Thoughts: $0.034629, Cached: $0.000984, Total: $0.046574 
2026-01-31 21:02:21 [32minfo[39m: Processing chunk 17 of 23 
2026-01-31 21:02:21 [32minfo[39m: Chunk 17 Tokens - Prompt: $18633, Candidates: $988, Thoughts: $4411, Cached: $19684, Total: $43716 
2026-01-31 21:02:21 [32minfo[39m: Chunk 17 Cost - Prompt: $0.009317, Candidates: $0.002964, Thoughts: $0.013233, Cached: $0.000984, Total: $0.026498 
2026-01-31 21:02:21 [32minfo[39m: Processing chunk 18 of 23 
2026-01-31 21:02:21 [32minfo[39m: Chunk 18 Tokens - Prompt: $18633, Candidates: $972, Thoughts: $5792, Cached: $19684, Total: $45081 
2026-01-31 21:02:21 [32minfo[39m: Chunk 18 Cost - Prompt: $0.009317, Candidates: $0.002916, Thoughts: $0.017376, Cached: $0.000984, Total: $0.030593 
2026-01-31 21:02:21 [32minfo[39m: Processing chunk 19 of 23 
2026-01-31 21:02:21 [32minfo[39m: Chunk 19 Tokens - Prompt: $18633, Candidates: $586, Thoughts: $6246, Cached: $19684, Total: $45149 
2026-01-31 21:02:21 [32minfo[39m: Chunk 19 Cost - Prompt: $0.009317, Candidates: $0.001758, Thoughts: $0.018738, Cached: $0.000984, Total: $0.030797 
2026-01-31 21:02:21 [32minfo[39m: Processing chunk 20 of 23 
2026-01-31 21:02:21 [32minfo[39m: Chunk 20 Tokens - Prompt: $18633, Candidates: $340, Thoughts: $10764, Cached: $19684, Total: $49421 
2026-01-31 21:02:21 [32minfo[39m: Chunk 20 Cost - Prompt: $0.009317, Candidates: $0.001020, Thoughts: $0.032292, Cached: $0.000984, Total: $0.043613 
2026-01-31 21:02:21 [32minfo[39m: Processing chunk 21 of 23 
2026-01-31 21:02:21 [32minfo[39m: Chunk 21 Tokens - Prompt: $18633, Candidates: $986, Thoughts: $11388, Cached: $19684, Total: $50691 
2026-01-31 21:02:21 [32minfo[39m: Chunk 21 Cost - Prompt: $0.009317, Candidates: $0.002958, Thoughts: $0.034164, Cached: $0.000984, Total: $0.047423 
2026-01-31 21:02:21 [32minfo[39m: Processing chunk 22 of 23 
2026-01-31 21:02:21 [32minfo[39m: Chunk 22 Tokens - Prompt: $18633, Candidates: $722, Thoughts: $8069, Cached: $19684, Total: $47108 
2026-01-31 21:02:21 [32minfo[39m: Chunk 22 Cost - Prompt: $0.009317, Candidates: $0.002166, Thoughts: $0.024207, Cached: $0.000984, Total: $0.036674 
2026-01-31 21:02:21 [32minfo[39m: Processing chunk 23 of 23 
2026-01-31 21:02:21 [32minfo[39m: Chunk 23 Tokens - Prompt: $18633, Candidates: $188, Thoughts: $9449, Cached: $19684, Total: $47954 
2026-01-31 21:02:21 [32minfo[39m: Chunk 23 Cost - Prompt: $0.009317, Candidates: $0.000564, Thoughts: $0.028347, Cached: $0.000984, Total: $0.039212 
2026-01-31 21:02:21 [32minfo[39m: Written combined response to /Users/ryanchiang/Sites/college-datasets/packages/parser/src/output/duke_university/duke_university.json with 136 keys 
2026-01-31 21:02:21 [32minfo[39m: Total cost: $0.728736 
2026-01-31 21:02:21 [32minfo[39m: Parsing cornell_university with file /Users/ryanchiang/Sites/college-datasets/packages/parser/data/cds-files/cornell_university_CDS-2024-2025-v6-print.pdf and mime type application/pdf 
2026-01-31 21:02:21 [32minfo[39m: Uploading file /Users/ryanchiang/Sites/college-datasets/packages/parser/data/cds-files/cornell_university_CDS-2024-2025-v6-print.pdf with mime type application/pdf 
2026-01-31 21:02:24 [32minfo[39m: File uploaded successfully: files/v8og72ow9dlr | https://generativelanguage.googleapis.com/v1beta/files/v8og72ow9dlr 
2026-01-31 21:02:24 [32minfo[39m: Creating file cache for cornell_university_CDS-2024-2025-v6-print.pdf... 
2026-01-31 21:02:25 [32minfo[39m: File cache for cornell_university_CDS-2024-2025-v6-print.pdf created successfully! 
2026-01-31 21:02:25 [32minfo[39m: Splitting schema into 23 chunks of length 50 or less 
2026-01-31 21:02:25 [32minfo[39m: Sending 23 requests in parallel... 
2026-01-31 21:02:25 [32minfo[39m: Sending request for chunk 1 of 23 (undefined fields) 
2026-01-31 21:02:25 [32minfo[39m: Sending request for chunk 2 of 23 (undefined fields) 
2026-01-31 21:02:25 [32minfo[39m: Sending request for chunk 3 of 23 (undefined fields) 
2026-01-31 21:02:25 [32minfo[39m: Sending request for chunk 4 of 23 (undefined fields) 
2026-01-31 21:02:25 [32minfo[39m: Sending request for chunk 5 of 23 (undefined fields) 
2026-01-31 21:02:25 [32minfo[39m: Sending request for chunk 6 of 23 (undefined fields) 
2026-01-31 21:02:25 [32minfo[39m: Sending request for chunk 7 of 23 (undefined fields) 
2026-01-31 21:02:25 [32minfo[39m: Sending request for chunk 8 of 23 (undefined fields) 
2026-01-31 21:02:25 [32minfo[39m: Sending request for chunk 9 of 23 (undefined fields) 
2026-01-31 21:02:25 [32minfo[39m: Sending request for chunk 10 of 23 (undefined fields) 
2026-01-31 21:02:25 [32minfo[39m: Sending request for chunk 11 of 23 (undefined fields) 
2026-01-31 21:02:25 [32minfo[39m: Sending request for chunk 12 of 23 (undefined fields) 
2026-01-31 21:02:25 [32minfo[39m: Sending request for chunk 13 of 23 (undefined fields) 
2026-01-31 21:02:25 [32minfo[39m: Sending request for chunk 14 of 23 (undefined fields) 
2026-01-31 21:02:25 [32minfo[39m: Sending request for chunk 15 of 23 (undefined fields) 
2026-01-31 21:02:25 [32minfo[39m: Sending request for chunk 16 of 23 (undefined fields) 
2026-01-31 21:02:25 [32minfo[39m: Sending request for chunk 17 of 23 (undefined fields) 
2026-01-31 21:02:25 [32minfo[39m: Sending request for chunk 18 of 23 (undefined fields) 
2026-01-31 21:02:25 [32minfo[39m: Sending request for chunk 19 of 23 (undefined fields) 
2026-01-31 21:02:25 [32minfo[39m: Sending request for chunk 20 of 23 (undefined fields) 
2026-01-31 21:02:25 [32minfo[39m: Sending request for chunk 21 of 23 (undefined fields) 
2026-01-31 21:02:25 [32minfo[39m: Sending request for chunk 22 of 23 (undefined fields) 
2026-01-31 21:02:25 [32minfo[39m: Sending request for chunk 23 of 23 (undefined fields) 
2026-01-31 21:03:43 [32minfo[39m: Processing chunk 1 of 23 
2026-01-31 21:03:43 [32minfo[39m: Chunk 1 Tokens - Prompt: $27113, Candidates: $885, Thoughts: $2835, Cached: $28084, Total: $58917 
2026-01-31 21:03:43 [32minfo[39m: Chunk 1 Cost - Prompt: $0.013557, Candidates: $0.002655, Thoughts: $0.008505, Cached: $0.001404, Total: $0.026121 
2026-01-31 21:03:43 [32minfo[39m: Processing chunk 2 of 23 
2026-01-31 21:03:43 [32minfo[39m: Chunk 2 Tokens - Prompt: $27113, Candidates: $903, Thoughts: $5969, Cached: $28084, Total: $62069 
2026-01-31 21:03:43 [32minfo[39m: Chunk 2 Cost - Prompt: $0.013557, Candidates: $0.002709, Thoughts: $0.017907, Cached: $0.001404, Total: $0.035577 
2026-01-31 21:03:43 [32minfo[39m: Processing chunk 3 of 23 
2026-01-31 21:03:43 [32minfo[39m: Chunk 3 Tokens - Prompt: $27113, Candidates: $538, Thoughts: $7315, Cached: $28084, Total: $63050 
2026-01-31 21:03:43 [32minfo[39m: Chunk 3 Cost - Prompt: $0.013557, Candidates: $0.001614, Thoughts: $0.021945, Cached: $0.001404, Total: $0.038520 
2026-01-31 21:03:43 [32minfo[39m: Processing chunk 4 of 23 
2026-01-31 21:03:43 [32minfo[39m: Chunk 4 Tokens - Prompt: $27113, Candidates: $1088, Thoughts: $4838, Cached: $28084, Total: $61123 
2026-01-31 21:03:43 [32minfo[39m: Chunk 4 Cost - Prompt: $0.013557, Candidates: $0.003264, Thoughts: $0.014514, Cached: $0.001404, Total: $0.032739 
2026-01-31 21:03:43 [32minfo[39m: Processing chunk 5 of 23 
2026-01-31 21:03:43 [32minfo[39m: Chunk 5 Tokens - Prompt: $27113, Candidates: $979, Thoughts: $9321, Cached: $28084, Total: $65497 
2026-01-31 21:03:43 [32minfo[39m: Chunk 5 Cost - Prompt: $0.013557, Candidates: $0.002937, Thoughts: $0.027963, Cached: $0.001404, Total: $0.045861 
2026-01-31 21:03:43 [32minfo[39m: Processing chunk 6 of 23 
2026-01-31 21:03:43 [32minfo[39m: Chunk 6 Tokens - Prompt: $27113, Candidates: $810, Thoughts: $6540, Cached: $28084, Total: $62547 
2026-01-31 21:03:43 [32minfo[39m: Chunk 6 Cost - Prompt: $0.013557, Candidates: $0.002430, Thoughts: $0.019620, Cached: $0.001404, Total: $0.037011 
2026-01-31 21:03:43 [32minfo[39m: Processing chunk 7 of 23 
2026-01-31 21:03:43 [32minfo[39m: Chunk 7 Tokens - Prompt: $27113, Candidates: $623, Thoughts: $5367, Cached: $28084, Total: $61187 
2026-01-31 21:03:43 [32minfo[39m: Chunk 7 Cost - Prompt: $0.013557, Candidates: $0.001869, Thoughts: $0.016101, Cached: $0.001404, Total: $0.032931 
2026-01-31 21:03:43 [32minfo[39m: Processing chunk 8 of 23 
2026-01-31 21:03:43 [32minfo[39m: Chunk 8 Tokens - Prompt: $27113, Candidates: $447, Thoughts: $2438, Cached: $28084, Total: $58082 
2026-01-31 21:03:43 [32minfo[39m: Chunk 8 Cost - Prompt: $0.013557, Candidates: $0.001341, Thoughts: $0.007314, Cached: $0.001404, Total: $0.023616 
2026-01-31 21:03:43 [32minfo[39m: Processing chunk 9 of 23 
2026-01-31 21:03:43 [32minfo[39m: Chunk 9 Tokens - Prompt: $27113, Candidates: $1260, Thoughts: $5484, Cached: $28084, Total: $61941 
2026-01-31 21:03:43 [32minfo[39m: Chunk 9 Cost - Prompt: $0.013557, Candidates: $0.003780, Thoughts: $0.016452, Cached: $0.001404, Total: $0.035193 
2026-01-31 21:03:43 [32minfo[39m: Processing chunk 10 of 23 
2026-01-31 21:03:43 [32minfo[39m: Chunk 10 Tokens - Prompt: $27113, Candidates: $955, Thoughts: $6858, Cached: $28084, Total: $63010 
2026-01-31 21:03:43 [32minfo[39m: Chunk 10 Cost - Prompt: $0.013557, Candidates: $0.002865, Thoughts: $0.020574, Cached: $0.001404, Total: $0.038400 
2026-01-31 21:03:43 [32minfo[39m: Processing chunk 11 of 23 
2026-01-31 21:03:43 [32minfo[39m: Chunk 11 Tokens - Prompt: $27113, Candidates: $749, Thoughts: $1977, Cached: $28084, Total: $57923 
2026-01-31 21:03:43 [32minfo[39m: Chunk 11 Cost - Prompt: $0.013557, Candidates: $0.002247, Thoughts: $0.005931, Cached: $0.001404, Total: $0.023139 
2026-01-31 21:03:43 [32minfo[39m: Processing chunk 12 of 23 
2026-01-31 21:03:43 [32minfo[39m: Chunk 12 Tokens - Prompt: $27113, Candidates: $854, Thoughts: $4056, Cached: $28084, Total: $60107 
2026-01-31 21:03:43 [32minfo[39m: Chunk 12 Cost - Prompt: $0.013557, Candidates: $0.002562, Thoughts: $0.012168, Cached: $0.001404, Total: $0.029691 
2026-01-31 21:03:43 [32minfo[39m: Processing chunk 13 of 23 
2026-01-31 21:03:43 [32minfo[39m: Chunk 13 Tokens - Prompt: $27113, Candidates: $369, Thoughts: $9987, Cached: $28084, Total: $65553 
2026-01-31 21:03:43 [32minfo[39m: Chunk 13 Cost - Prompt: $0.013557, Candidates: $0.001107, Thoughts: $0.029961, Cached: $0.001404, Total: $0.046029 
2026-01-31 21:03:43 [32minfo[39m: Processing chunk 14 of 23 
2026-01-31 21:03:43 [32minfo[39m: Chunk 14 Tokens - Prompt: $27113, Candidates: $605, Thoughts: $3885, Cached: $28084, Total: $59687 
2026-01-31 21:03:43 [32minfo[39m: Chunk 14 Cost - Prompt: $0.013557, Candidates: $0.001815, Thoughts: $0.011655, Cached: $0.001404, Total: $0.028431 
2026-01-31 21:03:43 [32minfo[39m: Processing chunk 15 of 23 
2026-01-31 21:03:43 [32minfo[39m: Chunk 15 Tokens - Prompt: $27113, Candidates: $928, Thoughts: $6513, Cached: $28084, Total: $62638 
2026-01-31 21:03:43 [32minfo[39m: Chunk 15 Cost - Prompt: $0.013557, Candidates: $0.002784, Thoughts: $0.019539, Cached: $0.001404, Total: $0.037284 
2026-01-31 21:03:43 [32minfo[39m: Processing chunk 16 of 23 
2026-01-31 21:03:43 [32minfo[39m: Chunk 16 Tokens - Prompt: $27113, Candidates: $611, Thoughts: $6838, Cached: $28084, Total: $62646 
2026-01-31 21:03:43 [32minfo[39m: Chunk 16 Cost - Prompt: $0.013557, Candidates: $0.001833, Thoughts: $0.020514, Cached: $0.001404, Total: $0.037308 
2026-01-31 21:03:43 [32minfo[39m: Processing chunk 17 of 23 
2026-01-31 21:03:43 [32minfo[39m: Chunk 17 Tokens - Prompt: $27113, Candidates: $1170, Thoughts: $3165, Cached: $28084, Total: $59532 
2026-01-31 21:03:43 [32minfo[39m: Chunk 17 Cost - Prompt: $0.013557, Candidates: $0.003510, Thoughts: $0.009495, Cached: $0.001404, Total: $0.027966 
2026-01-31 21:03:43 [32minfo[39m: Processing chunk 18 of 23 
2026-01-31 21:03:43 [32minfo[39m: Chunk 18 Tokens - Prompt: $27113, Candidates: $854, Thoughts: $5118, Cached: $28084, Total: $61169 
2026-01-31 21:03:43 [32minfo[39m: Chunk 18 Cost - Prompt: $0.013557, Candidates: $0.002562, Thoughts: $0.015354, Cached: $0.001404, Total: $0.032877 
2026-01-31 21:03:43 [32minfo[39m: Processing chunk 19 of 23 
2026-01-31 21:03:43 [32minfo[39m: Chunk 19 Tokens - Prompt: $27113, Candidates: $841, Thoughts: $12387, Cached: $28084, Total: $68425 
2026-01-31 21:03:43 [32minfo[39m: Chunk 19 Cost - Prompt: $0.013557, Candidates: $0.002523, Thoughts: $0.037161, Cached: $0.001404, Total: $0.054645 
2026-01-31 21:03:43 [32minfo[39m: Processing chunk 20 of 23 
2026-01-31 21:03:43 [32minfo[39m: Chunk 20 Tokens - Prompt: $27113, Candidates: $910, Thoughts: $10986, Cached: $28084, Total: $67093 
2026-01-31 21:03:43 [32minfo[39m: Chunk 20 Cost - Prompt: $0.013557, Candidates: $0.002730, Thoughts: $0.032958, Cached: $0.001404, Total: $0.050649 
2026-01-31 21:03:43 [32minfo[39m: Processing chunk 21 of 23 
2026-01-31 21:03:43 [32minfo[39m: Chunk 21 Tokens - Prompt: $27113, Candidates: $412, Thoughts: $8425, Cached: $28084, Total: $64034 
2026-01-31 21:03:43 [32minfo[39m: Chunk 21 Cost - Prompt: $0.013557, Candidates: $0.001236, Thoughts: $0.025275, Cached: $0.001404, Total: $0.041472 
2026-01-31 21:03:43 [32minfo[39m: Processing chunk 22 of 23 
2026-01-31 21:03:43 [32minfo[39m: Chunk 22 Tokens - Prompt: $27113, Candidates: $955, Thoughts: $6359, Cached: $28084, Total: $62511 
2026-01-31 21:03:43 [32minfo[39m: Chunk 22 Cost - Prompt: $0.013557, Candidates: $0.002865, Thoughts: $0.019077, Cached: $0.001404, Total: $0.036903 
2026-01-31 21:03:43 [32minfo[39m: Processing chunk 23 of 23 
2026-01-31 21:03:43 [32minfo[39m: Chunk 23 Tokens - Prompt: $27113, Candidates: $266, Thoughts: $5350, Cached: $28084, Total: $60813 
2026-01-31 21:03:43 [32minfo[39m: Chunk 23 Cost - Prompt: $0.013557, Candidates: $0.000798, Thoughts: $0.016050, Cached: $0.001404, Total: $0.031809 
2026-01-31 21:03:43 [32minfo[39m: Written combined response to /Users/ryanchiang/Sites/college-datasets/packages/parser/src/output/cornell_university/cornell_university.json with 137 keys 
2026-01-31 21:03:43 [32minfo[39m: Total cost: $0.824165 
2026-01-31 21:03:43 [32minfo[39m: Parsing university_of_california_los_angeles with file /Users/ryanchiang/Sites/college-datasets/packages/parser/data/cds-files/university_of_california_los_angeles.pdf and mime type application/pdf 
2026-01-31 21:03:43 [32minfo[39m: Uploading file /Users/ryanchiang/Sites/college-datasets/packages/parser/data/cds-files/university_of_california_los_angeles.pdf with mime type application/pdf 
2026-01-31 21:03:45 [32minfo[39m: File uploaded successfully: files/xmtyuqfvmbqf | https://generativelanguage.googleapis.com/v1beta/files/xmtyuqfvmbqf 
2026-01-31 21:03:45 [32minfo[39m: Creating file cache for university_of_california_los_angeles.pdf... 
2026-01-31 21:03:47 [32minfo[39m: File cache for university_of_california_los_angeles.pdf created successfully! 
2026-01-31 21:03:47 [32minfo[39m: Splitting schema into 23 chunks of length 50 or less 
2026-01-31 21:03:47 [32minfo[39m: Sending 23 requests in parallel... 
2026-01-31 21:03:47 [32minfo[39m: Sending request for chunk 1 of 23 (undefined fields) 
2026-01-31 21:03:47 [32minfo[39m: Sending request for chunk 2 of 23 (undefined fields) 
2026-01-31 21:03:47 [32minfo[39m: Sending request for chunk 3 of 23 (undefined fields) 
2026-01-31 21:03:47 [32minfo[39m: Sending request for chunk 4 of 23 (undefined fields) 
2026-01-31 21:03:47 [32minfo[39m: Sending request for chunk 5 of 23 (undefined fields) 
2026-01-31 21:03:47 [32minfo[39m: Sending request for chunk 6 of 23 (undefined fields) 
2026-01-31 21:03:47 [32minfo[39m: Sending request for chunk 7 of 23 (undefined fields) 
2026-01-31 21:03:47 [32minfo[39m: Sending request for chunk 8 of 23 (undefined fields) 
2026-01-31 21:03:47 [32minfo[39m: Sending request for chunk 9 of 23 (undefined fields) 
2026-01-31 21:03:47 [32minfo[39m: Sending request for chunk 10 of 23 (undefined fields) 
2026-01-31 21:03:47 [32minfo[39m: Sending request for chunk 11 of 23 (undefined fields) 
2026-01-31 21:03:47 [32minfo[39m: Sending request for chunk 12 of 23 (undefined fields) 
2026-01-31 21:03:47 [32minfo[39m: Sending request for chunk 13 of 23 (undefined fields) 
2026-01-31 21:03:47 [32minfo[39m: Sending request for chunk 14 of 23 (undefined fields) 
2026-01-31 21:03:47 [32minfo[39m: Sending request for chunk 15 of 23 (undefined fields) 
2026-01-31 21:03:47 [32minfo[39m: Sending request for chunk 16 of 23 (undefined fields) 
2026-01-31 21:03:47 [32minfo[39m: Sending request for chunk 17 of 23 (undefined fields) 
2026-01-31 21:03:47 [32minfo[39m: Sending request for chunk 18 of 23 (undefined fields) 
2026-01-31 21:03:47 [32minfo[39m: Sending request for chunk 19 of 23 (undefined fields) 
2026-01-31 21:03:47 [32minfo[39m: Sending request for chunk 20 of 23 (undefined fields) 
2026-01-31 21:03:47 [32minfo[39m: Sending request for chunk 21 of 23 (undefined fields) 
2026-01-31 21:03:47 [32minfo[39m: Sending request for chunk 22 of 23 (undefined fields) 
2026-01-31 21:03:47 [32minfo[39m: Sending request for chunk 23 of 23 (undefined fields) 
2026-01-31 21:05:26 [32minfo[39m: Processing chunk 1 of 23 
2026-01-31 21:05:26 [32minfo[39m: Chunk 1 Tokens - Prompt: $27113, Candidates: $885, Thoughts: $165, Cached: $28084, Total: $56247 
2026-01-31 21:05:26 [32minfo[39m: Chunk 1 Cost - Prompt: $0.013557, Candidates: $0.002655, Thoughts: $0.000495, Cached: $0.001404, Total: $0.018111 
2026-01-31 21:05:26 [32minfo[39m: Processing chunk 2 of 23 
2026-01-31 21:05:26 [32minfo[39m: Chunk 2 Tokens - Prompt: $27113, Candidates: $916, Thoughts: $5757, Cached: $28084, Total: $61870 
2026-01-31 21:05:26 [32minfo[39m: Chunk 2 Cost - Prompt: $0.013557, Candidates: $0.002748, Thoughts: $0.017271, Cached: $0.001404, Total: $0.034980 
2026-01-31 21:05:26 [32minfo[39m: Processing chunk 3 of 23 
2026-01-31 21:05:26 [32minfo[39m: Chunk 3 Tokens - Prompt: $27113, Candidates: $541, Thoughts: $10639, Cached: $28084, Total: $66377 
2026-01-31 21:05:26 [32minfo[39m: Chunk 3 Cost - Prompt: $0.013557, Candidates: $0.001623, Thoughts: $0.031917, Cached: $0.001404, Total: $0.048501 
2026-01-31 21:05:26 [32minfo[39m: Processing chunk 4 of 23 
2026-01-31 21:05:26 [32minfo[39m: Chunk 4 Tokens - Prompt: $27113, Candidates: $912, Thoughts: $9751, Cached: $28084, Total: $65860 
2026-01-31 21:05:26 [32minfo[39m: Chunk 4 Cost - Prompt: $0.013557, Candidates: $0.002736, Thoughts: $0.029253, Cached: $0.001404, Total: $0.046950 
2026-01-31 21:05:26 [32minfo[39m: Processing chunk 5 of 23 
2026-01-31 21:05:26 [32minfo[39m: Chunk 5 Tokens - Prompt: $27113, Candidates: $987, Thoughts: $15870, Cached: $28084, Total: $72054 
2026-01-31 21:05:26 [32minfo[39m: Chunk 5 Cost - Prompt: $0.013557, Candidates: $0.002961, Thoughts: $0.047610, Cached: $0.001404, Total: $0.065532 
2026-01-31 21:05:26 [32minfo[39m: Processing chunk 6 of 23 
2026-01-31 21:05:26 [32minfo[39m: Chunk 6 Tokens - Prompt: $27113, Candidates: $643, Thoughts: $6846, Cached: $28084, Total: $62686 
2026-01-31 21:05:26 [32minfo[39m: Chunk 6 Cost - Prompt: $0.013557, Candidates: $0.001929, Thoughts: $0.020538, Cached: $0.001404, Total: $0.037428 
2026-01-31 21:05:26 [32minfo[39m: Processing chunk 7 of 23 
2026-01-31 21:05:26 [32minfo[39m: Chunk 7 Tokens - Prompt: $27113, Candidates: $677, Thoughts: $1702, Cached: $28084, Total: $57576 
2026-01-31 21:05:26 [32minfo[39m: Chunk 7 Cost - Prompt: $0.013557, Candidates: $0.002031, Thoughts: $0.005106, Cached: $0.001404, Total: $0.022098 
2026-01-31 21:05:26 [32minfo[39m: Processing chunk 8 of 23 
2026-01-31 21:05:26 [32minfo[39m: Chunk 8 Tokens - Prompt: $27113, Candidates: $626, Thoughts: $14402, Cached: $28084, Total: $70225 
2026-01-31 21:05:26 [32minfo[39m: Chunk 8 Cost - Prompt: $0.013557, Candidates: $0.001878, Thoughts: $0.043206, Cached: $0.001404, Total: $0.060045 
2026-01-31 21:05:26 [32minfo[39m: Processing chunk 9 of 23 
2026-01-31 21:05:26 [32minfo[39m: Chunk 9 Tokens - Prompt: $27113, Candidates: $1004, Thoughts: $4383, Cached: $28084, Total: $60584 
2026-01-31 21:05:26 [32minfo[39m: Chunk 9 Cost - Prompt: $0.013557, Candidates: $0.003012, Thoughts: $0.013149, Cached: $0.001404, Total: $0.031122 
2026-01-31 21:05:26 [32minfo[39m: Processing chunk 10 of 23 
2026-01-31 21:05:26 [32minfo[39m: Chunk 10 Tokens - Prompt: $27113, Candidates: $557, Thoughts: $6543, Cached: $28084, Total: $62297 
2026-01-31 21:05:26 [32minfo[39m: Chunk 10 Cost - Prompt: $0.013557, Candidates: $0.001671, Thoughts: $0.019629, Cached: $0.001404, Total: $0.036261 
2026-01-31 21:05:26 [32minfo[39m: Processing chunk 11 of 23 
2026-01-31 21:05:26 [32minfo[39m: Chunk 11 Tokens - Prompt: $27113, Candidates: $694, Thoughts: $4745, Cached: $28084, Total: $60636 
2026-01-31 21:05:26 [32minfo[39m: Chunk 11 Cost - Prompt: $0.013557, Candidates: $0.002082, Thoughts: $0.014235, Cached: $0.001404, Total: $0.031278 
2026-01-31 21:05:26 [32minfo[39m: Processing chunk 12 of 23 
2026-01-31 21:05:26 [32minfo[39m: Chunk 12 Tokens - Prompt: $27113, Candidates: $892, Thoughts: $4948, Cached: $28084, Total: $61037 
2026-01-31 21:05:26 [32minfo[39m: Chunk 12 Cost - Prompt: $0.013557, Candidates: $0.002676, Thoughts: $0.014844, Cached: $0.001404, Total: $0.032481 
2026-01-31 21:05:26 [32minfo[39m: Processing chunk 13 of 23 
2026-01-31 21:05:26 [32minfo[39m: Chunk 13 Tokens - Prompt: $27113, Candidates: $474, Thoughts: $9599, Cached: $28084, Total: $65270 
2026-01-31 21:05:26 [32minfo[39m: Chunk 13 Cost - Prompt: $0.013557, Candidates: $0.001422, Thoughts: $0.028797, Cached: $0.001404, Total: $0.045180 
2026-01-31 21:05:26 [32minfo[39m: Processing chunk 14 of 23 
2026-01-31 21:05:26 [32minfo[39m: Chunk 14 Tokens - Prompt: $27113, Candidates: $609, Thoughts: $8593, Cached: $28084, Total: $64399 
2026-01-31 21:05:26 [32minfo[39m: Chunk 14 Cost - Prompt: $0.013557, Candidates: $0.001827, Thoughts: $0.025779, Cached: $0.001404, Total: $0.042567 
2026-01-31 21:05:26 [32minfo[39m: Processing chunk 15 of 23 
2026-01-31 21:05:26 [32minfo[39m: Chunk 15 Tokens - Prompt: $27113, Candidates: $806, Thoughts: $3089, Cached: $28084, Total: $59092 
2026-01-31 21:05:26 [32minfo[39m: Chunk 15 Cost - Prompt: $0.013557, Candidates: $0.002418, Thoughts: $0.009267, Cached: $0.001404, Total: $0.026646 
2026-01-31 21:05:26 [32minfo[39m: Processing chunk 16 of 23 
2026-01-31 21:05:26 [32minfo[39m: Chunk 16 Tokens - Prompt: $27113, Candidates: $618, Thoughts: $2147, Cached: $28084, Total: $57962 
2026-01-31 21:05:26 [32minfo[39m: Chunk 16 Cost - Prompt: $0.013557, Candidates: $0.001854, Thoughts: $0.006441, Cached: $0.001404, Total: $0.023256 
2026-01-31 21:05:26 [32minfo[39m: Processing chunk 17 of 23 
2026-01-31 21:05:26 [32minfo[39m: Chunk 17 Tokens - Prompt: $27113, Candidates: $1084, Thoughts: $2753, Cached: $28084, Total: $59034 
2026-01-31 21:05:26 [32minfo[39m: Chunk 17 Cost - Prompt: $0.013557, Candidates: $0.003252, Thoughts: $0.008259, Cached: $0.001404, Total: $0.026472 
2026-01-31 21:05:26 [32minfo[39m: Processing chunk 18 of 23 
2026-01-31 21:05:26 [32minfo[39m: Chunk 18 Tokens - Prompt: $27113, Candidates: $936, Thoughts: $9857, Cached: $28084, Total: $65990 
2026-01-31 21:05:26 [32minfo[39m: Chunk 18 Cost - Prompt: $0.013557, Candidates: $0.002808, Thoughts: $0.029571, Cached: $0.001404, Total: $0.047340 
2026-01-31 21:05:26 [32minfo[39m: Processing chunk 19 of 23 
2026-01-31 21:05:26 [32minfo[39m: Chunk 19 Tokens - Prompt: $27113, Candidates: $840, Thoughts: $12191, Cached: $28084, Total: $68228 
2026-01-31 21:05:26 [32minfo[39m: Chunk 19 Cost - Prompt: $0.013557, Candidates: $0.002520, Thoughts: $0.036573, Cached: $0.001404, Total: $0.054054 
2026-01-31 21:05:26 [32minfo[39m: Processing chunk 20 of 23 
2026-01-31 21:05:26 [32minfo[39m: Chunk 20 Tokens - Prompt: $27113, Candidates: $701, Thoughts: $11434, Cached: $28084, Total: $67332 
2026-01-31 21:05:26 [32minfo[39m: Chunk 20 Cost - Prompt: $0.013557, Candidates: $0.002103, Thoughts: $0.034302, Cached: $0.001404, Total: $0.051366 
2026-01-31 21:05:26 [32minfo[39m: Processing chunk 21 of 23 
2026-01-31 21:05:26 [32minfo[39m: Chunk 21 Tokens - Prompt: $27113, Candidates: $660, Thoughts: $11173, Cached: $28084, Total: $67030 
2026-01-31 21:05:26 [32minfo[39m: Chunk 21 Cost - Prompt: $0.013557, Candidates: $0.001980, Thoughts: $0.033519, Cached: $0.001404, Total: $0.050460 
2026-01-31 21:05:26 [32minfo[39m: Processing chunk 22 of 23 
2026-01-31 21:05:26 [32minfo[39m: Chunk 22 Tokens - Prompt: $27113, Candidates: $731, Thoughts: $10997, Cached: $28084, Total: $66925 
2026-01-31 21:05:26 [32minfo[39m: Chunk 22 Cost - Prompt: $0.013557, Candidates: $0.002193, Thoughts: $0.032991, Cached: $0.001404, Total: $0.050145 
2026-01-31 21:05:26 [32minfo[39m: Processing chunk 23 of 23 
2026-01-31 21:05:26 [32minfo[39m: Chunk 23 Tokens - Prompt: $27113, Candidates: $280, Thoughts: $7534, Cached: $28084, Total: $63011 
2026-01-31 21:05:26 [32minfo[39m: Chunk 23 Cost - Prompt: $0.013557, Candidates: $0.000840, Thoughts: $0.022602, Cached: $0.001404, Total: $0.038403 
2026-01-31 21:05:26 [32minfo[39m: Written combined response to /Users/ryanchiang/Sites/college-datasets/packages/parser/src/output/university_of_california_los_angeles/university_of_california_los_angeles.json with 135 keys 
2026-01-31 21:05:26 [32minfo[39m: Total cost: $0.920669 
2026-01-31 21:05:26 [32minfo[39m: Parsing yale_university with file /Users/ryanchiang/Sites/college-datasets/packages/parser/data/cds-files/yale_university_yale_cds_2024-25_rmd_20250612.pdf and mime type application/pdf 
2026-01-31 21:05:26 [32minfo[39m: Uploading file /Users/ryanchiang/Sites/college-datasets/packages/parser/data/cds-files/yale_university_yale_cds_2024-25_rmd_20250612.pdf with mime type application/pdf 
2026-01-31 21:05:28 [32minfo[39m: File uploaded successfully: files/jw3si7zogxuf | https://generativelanguage.googleapis.com/v1beta/files/jw3si7zogxuf 
2026-01-31 21:05:28 [32minfo[39m: Creating file cache for yale_university_yale_cds_2024-25_rmd_20250612.pdf... 
2026-01-31 21:05:29 [32minfo[39m: File cache for yale_university_yale_cds_2024-25_rmd_20250612.pdf created successfully! 
2026-01-31 21:05:29 [32minfo[39m: Splitting schema into 23 chunks of length 50 or less 
2026-01-31 21:05:29 [32minfo[39m: Sending 23 requests in parallel... 
2026-01-31 21:05:29 [32minfo[39m: Sending request for chunk 1 of 23 (undefined fields) 
2026-01-31 21:05:29 [32minfo[39m: Sending request for chunk 2 of 23 (undefined fields) 
2026-01-31 21:05:29 [32minfo[39m: Sending request for chunk 3 of 23 (undefined fields) 
2026-01-31 21:05:29 [32minfo[39m: Sending request for chunk 4 of 23 (undefined fields) 
2026-01-31 21:05:29 [32minfo[39m: Sending request for chunk 5 of 23 (undefined fields) 
2026-01-31 21:05:29 [32minfo[39m: Sending request for chunk 6 of 23 (undefined fields) 
2026-01-31 21:05:29 [32minfo[39m: Sending request for chunk 7 of 23 (undefined fields) 
2026-01-31 21:05:29 [32minfo[39m: Sending request for chunk 8 of 23 (undefined fields) 
2026-01-31 21:05:29 [32minfo[39m: Sending request for chunk 9 of 23 (undefined fields) 
2026-01-31 21:05:29 [32minfo[39m: Sending request for chunk 10 of 23 (undefined fields) 
2026-01-31 21:05:29 [32minfo[39m: Sending request for chunk 11 of 23 (undefined fields) 
2026-01-31 21:05:29 [32minfo[39m: Sending request for chunk 12 of 23 (undefined fields) 
2026-01-31 21:05:29 [32minfo[39m: Sending request for chunk 13 of 23 (undefined fields) 
2026-01-31 21:05:29 [32minfo[39m: Sending request for chunk 14 of 23 (undefined fields) 
2026-01-31 21:05:29 [32minfo[39m: Sending request for chunk 15 of 23 (undefined fields) 
2026-01-31 21:05:29 [32minfo[39m: Sending request for chunk 16 of 23 (undefined fields) 
2026-01-31 21:05:29 [32minfo[39m: Sending request for chunk 17 of 23 (undefined fields) 
2026-01-31 21:05:29 [32minfo[39m: Sending request for chunk 18 of 23 (undefined fields) 
2026-01-31 21:05:29 [32minfo[39m: Sending request for chunk 19 of 23 (undefined fields) 
2026-01-31 21:05:29 [32minfo[39m: Sending request for chunk 20 of 23 (undefined fields) 
2026-01-31 21:05:29 [32minfo[39m: Sending request for chunk 21 of 23 (undefined fields) 
2026-01-31 21:05:29 [32minfo[39m: Sending request for chunk 22 of 23 (undefined fields) 
2026-01-31 21:05:29 [32minfo[39m: Sending request for chunk 23 of 23 (undefined fields) 
2026-01-31 21:07:03 [32minfo[39m: Processing chunk 1 of 23 
2026-01-31 21:07:03 [32minfo[39m: Chunk 1 Tokens - Prompt: $23319, Candidates: $752, Thoughts: $9517, Cached: $24164, Total: $57752 
2026-01-31 21:07:03 [32minfo[39m: Chunk 1 Cost - Prompt: $0.011659, Candidates: $0.002256, Thoughts: $0.028551, Cached: $0.001208, Total: $0.043675 
2026-01-31 21:07:03 [32minfo[39m: Processing chunk 2 of 23 
2026-01-31 21:07:03 [32minfo[39m: Chunk 2 Tokens - Prompt: $23319, Candidates: $907, Thoughts: $5246, Cached: $24164, Total: $53636 
2026-01-31 21:07:03 [32minfo[39m: Chunk 2 Cost - Prompt: $0.011659, Candidates: $0.002721, Thoughts: $0.015738, Cached: $0.001208, Total: $0.031327 
2026-01-31 21:07:03 [32minfo[39m: Processing chunk 3 of 23 
2026-01-31 21:07:03 [32minfo[39m: Chunk 3 Tokens - Prompt: $23319, Candidates: $540, Thoughts: $3427, Cached: $24164, Total: $51450 
2026-01-31 21:07:03 [32minfo[39m: Chunk 3 Cost - Prompt: $0.011659, Candidates: $0.001620, Thoughts: $0.010281, Cached: $0.001208, Total: $0.024769 
2026-01-31 21:07:03 [32minfo[39m: Processing chunk 4 of 23 
2026-01-31 21:07:03 [32minfo[39m: Chunk 4 Tokens - Prompt: $23319, Candidates: $899, Thoughts: $10886, Cached: $24164, Total: $59268 
2026-01-31 21:07:03 [32minfo[39m: Chunk 4 Cost - Prompt: $0.011659, Candidates: $0.002697, Thoughts: $0.032658, Cached: $0.001208, Total: $0.048223 
2026-01-31 21:07:03 [32minfo[39m: Processing chunk 5 of 23 
2026-01-31 21:07:03 [32minfo[39m: Chunk 5 Tokens - Prompt: $23319, Candidates: $972, Thoughts: $1822, Cached: $24164, Total: $50277 
2026-01-31 21:07:03 [32minfo[39m: Chunk 5 Cost - Prompt: $0.011659, Candidates: $0.002916, Thoughts: $0.005466, Cached: $0.001208, Total: $0.021250 
2026-01-31 21:07:03 [32minfo[39m: Processing chunk 6 of 23 
2026-01-31 21:07:03 [32minfo[39m: Chunk 6 Tokens - Prompt: $23319, Candidates: $966, Thoughts: $6494, Cached: $24164, Total: $54943 
2026-01-31 21:07:03 [32minfo[39m: Chunk 6 Cost - Prompt: $0.011659, Candidates: $0.002898, Thoughts: $0.019482, Cached: $0.001208, Total: $0.035248 
2026-01-31 21:07:03 [32minfo[39m: Processing chunk 7 of 23 
2026-01-31 21:07:03 [32minfo[39m: Chunk 7 Tokens - Prompt: $23319, Candidates: $627, Thoughts: $2055, Cached: $24164, Total: $50165 
2026-01-31 21:07:03 [32minfo[39m: Chunk 7 Cost - Prompt: $0.011659, Candidates: $0.001881, Thoughts: $0.006165, Cached: $0.001208, Total: $0.020914 
2026-01-31 21:07:03 [32minfo[39m: Processing chunk 8 of 23 
2026-01-31 21:07:03 [32minfo[39m: Chunk 8 Tokens - Prompt: $23319, Candidates: $560, Thoughts: $13210, Cached: $24164, Total: $61253 
2026-01-31 21:07:03 [32minfo[39m: Chunk 8 Cost - Prompt: $0.011659, Candidates: $0.001680, Thoughts: $0.039630, Cached: $0.001208, Total: $0.054178 
2026-01-31 21:07:03 [32minfo[39m: Processing chunk 9 of 23 
2026-01-31 21:07:03 [32minfo[39m: Chunk 9 Tokens - Prompt: $23319, Candidates: $1108, Thoughts: $7872, Cached: $24164, Total: $56463 
2026-01-31 21:07:03 [32minfo[39m: Chunk 9 Cost - Prompt: $0.011659, Candidates: $0.003324, Thoughts: $0.023616, Cached: $0.001208, Total: $0.039808 
2026-01-31 21:07:03 [32minfo[39m: Processing chunk 10 of 23 
2026-01-31 21:07:03 [32minfo[39m: Chunk 10 Tokens - Prompt: $23319, Candidates: $512, Thoughts: $6425, Cached: $24164, Total: $54420 
2026-01-31 21:07:03 [32minfo[39m: Chunk 10 Cost - Prompt: $0.011659, Candidates: $0.001536, Thoughts: $0.019275, Cached: $0.001208, Total: $0.033679 
2026-01-31 21:07:03 [32minfo[39m: Processing chunk 11 of 23 
2026-01-31 21:07:03 [32minfo[39m: Chunk 11 Tokens - Prompt: $23319, Candidates: $730, Thoughts: $7922, Cached: $24164, Total: $56135 
2026-01-31 21:07:03 [32minfo[39m: Chunk 11 Cost - Prompt: $0.011659, Candidates: $0.002190, Thoughts: $0.023766, Cached: $0.001208, Total: $0.038824 
2026-01-31 21:07:03 [32minfo[39m: Processing chunk 12 of 23 
2026-01-31 21:07:03 [32minfo[39m: Chunk 12 Tokens - Prompt: $23319, Candidates: $729, Thoughts: $12251, Cached: $24164, Total: $60463 
2026-01-31 21:07:03 [32minfo[39m: Chunk 12 Cost - Prompt: $0.011659, Candidates: $0.002187, Thoughts: $0.036753, Cached: $0.001208, Total: $0.051808 
2026-01-31 21:07:03 [32minfo[39m: Processing chunk 13 of 23 
2026-01-31 21:07:03 [32minfo[39m: Chunk 13 Tokens - Prompt: $23319, Candidates: $394, Thoughts: $12737, Cached: $24164, Total: $60614 
2026-01-31 21:07:03 [32minfo[39m: Chunk 13 Cost - Prompt: $0.011659, Candidates: $0.001182, Thoughts: $0.038211, Cached: $0.001208, Total: $0.052261 
2026-01-31 21:07:03 [32minfo[39m: Processing chunk 14 of 23 
2026-01-31 21:07:03 [32minfo[39m: Chunk 14 Tokens - Prompt: $23319, Candidates: $436, Thoughts: $8793, Cached: $24164, Total: $56712 
2026-01-31 21:07:03 [32minfo[39m: Chunk 14 Cost - Prompt: $0.011659, Candidates: $0.001308, Thoughts: $0.026379, Cached: $0.001208, Total: $0.040555 
2026-01-31 21:07:03 [32minfo[39m: Processing chunk 15 of 23 
2026-01-31 21:07:03 [32minfo[39m: Chunk 15 Tokens - Prompt: $23319, Candidates: $868, Thoughts: $7660, Cached: $24164, Total: $56011 
2026-01-31 21:07:03 [32minfo[39m: Chunk 15 Cost - Prompt: $0.011659, Candidates: $0.002604, Thoughts: $0.022980, Cached: $0.001208, Total: $0.038452 
2026-01-31 21:07:03 [32minfo[39m: Processing chunk 16 of 23 
2026-01-31 21:07:03 [32minfo[39m: Chunk 16 Tokens - Prompt: $23319, Candidates: $553, Thoughts: $8058, Cached: $24164, Total: $56094 
2026-01-31 21:07:03 [32minfo[39m: Chunk 16 Cost - Prompt: $0.011659, Candidates: $0.001659, Thoughts: $0.024174, Cached: $0.001208, Total: $0.038701 
2026-01-31 21:07:03 [32minfo[39m: Processing chunk 17 of 23 
2026-01-31 21:07:03 [32minfo[39m: Chunk 17 Tokens - Prompt: $23319, Candidates: $1161, Thoughts: $3734, Cached: $24164, Total: $52378 
2026-01-31 21:07:03 [32minfo[39m: Chunk 17 Cost - Prompt: $0.011659, Candidates: $0.003483, Thoughts: $0.011202, Cached: $0.001208, Total: $0.027553 
2026-01-31 21:07:03 [32minfo[39m: Processing chunk 18 of 23 
2026-01-31 21:07:03 [32minfo[39m: Chunk 18 Tokens - Prompt: $23319, Candidates: $864, Thoughts: $11559, Cached: $24164, Total: $59906 
2026-01-31 21:07:03 [32minfo[39m: Chunk 18 Cost - Prompt: $0.011659, Candidates: $0.002592, Thoughts: $0.034677, Cached: $0.001208, Total: $0.050137 
2026-01-31 21:07:03 [32minfo[39m: Processing chunk 19 of 23 
2026-01-31 21:07:03 [32minfo[39m: Chunk 19 Tokens - Prompt: $23319, Candidates: $582, Thoughts: $13827, Cached: $24164, Total: $61892 
2026-01-31 21:07:03 [32minfo[39m: Chunk 19 Cost - Prompt: $0.011659, Candidates: $0.001746, Thoughts: $0.041481, Cached: $0.001208, Total: $0.056095 
2026-01-31 21:07:03 [32minfo[39m: Processing chunk 20 of 23 
2026-01-31 21:07:03 [32minfo[39m: Chunk 20 Tokens - Prompt: $23319, Candidates: $619, Thoughts: $13189, Cached: $24164, Total: $61291 
2026-01-31 21:07:03 [32minfo[39m: Chunk 20 Cost - Prompt: $0.011659, Candidates: $0.001857, Thoughts: $0.039567, Cached: $0.001208, Total: $0.054292 
2026-01-31 21:07:03 [32minfo[39m: Processing chunk 21 of 23 
2026-01-31 21:07:03 [32minfo[39m: Chunk 21 Tokens - Prompt: $23319, Candidates: $793, Thoughts: $15135, Cached: $24164, Total: $63411 
2026-01-31 21:07:03 [32minfo[39m: Chunk 21 Cost - Prompt: $0.011659, Candidates: $0.002379, Thoughts: $0.045405, Cached: $0.001208, Total: $0.060652 
2026-01-31 21:07:03 [32minfo[39m: Processing chunk 22 of 23 
2026-01-31 21:07:03 [32minfo[39m: Chunk 22 Tokens - Prompt: $23319, Candidates: $728, Thoughts: $8034, Cached: $24164, Total: $56245 
2026-01-31 21:07:03 [32minfo[39m: Chunk 22 Cost - Prompt: $0.011659, Candidates: $0.002184, Thoughts: $0.024102, Cached: $0.001208, Total: $0.039154 
2026-01-31 21:07:03 [32minfo[39m: Processing chunk 23 of 23 
2026-01-31 21:07:03 [32minfo[39m: Chunk 23 Tokens - Prompt: $23319, Candidates: $276, Thoughts: $7755, Cached: $24164, Total: $55514 
2026-01-31 21:07:03 [32minfo[39m: Chunk 23 Cost - Prompt: $0.011659, Candidates: $0.000828, Thoughts: $0.023265, Cached: $0.001208, Total: $0.036961 
2026-01-31 21:07:03 [32minfo[39m: Written combined response to /Users/ryanchiang/Sites/college-datasets/packages/parser/src/output/yale_university/yale_university.json with 138 keys 
2026-01-31 21:07:03 [32minfo[39m: Total cost: $0.938509 
2026-01-31 21:07:03 [32minfo[39m: Parsing georgia_institute_of_technology with file /Users/ryanchiang/Sites/college-datasets/packages/parser/data/cds-files/georgia_institute_of_technology_CDS_2025-2026_FINAL_23JAN2026.pdf and mime type application/pdf 
2026-01-31 21:07:03 [32minfo[39m: Uploading file /Users/ryanchiang/Sites/college-datasets/packages/parser/data/cds-files/georgia_institute_of_technology_CDS_2025-2026_FINAL_23JAN2026.pdf with mime type application/pdf 
2026-01-31 21:07:06 [32minfo[39m: File uploaded successfully: files/uen01c4mr5ru | https://generativelanguage.googleapis.com/v1beta/files/uen01c4mr5ru 
2026-01-31 21:07:06 [32minfo[39m: Creating file cache for georgia_institute_of_technology_CDS_2025-2026_FINAL_23JAN2026.pdf... 
2026-01-31 21:07:07 [32minfo[39m: File cache for georgia_institute_of_technology_CDS_2025-2026_FINAL_23JAN2026.pdf created successfully! 
2026-01-31 21:07:07 [32minfo[39m: Splitting schema into 23 chunks of length 50 or less 
2026-01-31 21:07:07 [32minfo[39m: Sending 23 requests in parallel... 
2026-01-31 21:07:07 [32minfo[39m: Sending request for chunk 1 of 23 (undefined fields) 
2026-01-31 21:07:07 [32minfo[39m: Sending request for chunk 2 of 23 (undefined fields) 
2026-01-31 21:07:07 [32minfo[39m: Sending request for chunk 3 of 23 (undefined fields) 
2026-01-31 21:07:07 [32minfo[39m: Sending request for chunk 4 of 23 (undefined fields) 
2026-01-31 21:07:07 [32minfo[39m: Sending request for chunk 5 of 23 (undefined fields) 
2026-01-31 21:07:07 [32minfo[39m: Sending request for chunk 6 of 23 (undefined fields) 
2026-01-31 21:07:07 [32minfo[39m: Sending request for chunk 7 of 23 (undefined fields) 
2026-01-31 21:07:07 [32minfo[39m: Sending request for chunk 8 of 23 (undefined fields) 
2026-01-31 21:07:07 [32minfo[39m: Sending request for chunk 9 of 23 (undefined fields) 
2026-01-31 21:07:07 [32minfo[39m: Sending request for chunk 10 of 23 (undefined fields) 
2026-01-31 21:07:07 [32minfo[39m: Sending request for chunk 11 of 23 (undefined fields) 
2026-01-31 21:07:07 [32minfo[39m: Sending request for chunk 12 of 23 (undefined fields) 
2026-01-31 21:07:07 [32minfo[39m: Sending request for chunk 13 of 23 (undefined fields) 
2026-01-31 21:07:07 [32minfo[39m: Sending request for chunk 14 of 23 (undefined fields) 
2026-01-31 21:07:07 [32minfo[39m: Sending request for chunk 15 of 23 (undefined fields) 
2026-01-31 21:07:07 [32minfo[39m: Sending request for chunk 16 of 23 (undefined fields) 
2026-01-31 21:07:07 [32minfo[39m: Sending request for chunk 17 of 23 (undefined fields) 
2026-01-31 21:07:07 [32minfo[39m: Sending request for chunk 18 of 23 (undefined fields) 
2026-01-31 21:07:07 [32minfo[39m: Sending request for chunk 19 of 23 (undefined fields) 
2026-01-31 21:07:07 [32minfo[39m: Sending request for chunk 20 of 23 (undefined fields) 
2026-01-31 21:07:07 [32minfo[39m: Sending request for chunk 21 of 23 (undefined fields) 
2026-01-31 21:07:07 [32minfo[39m: Sending request for chunk 22 of 23 (undefined fields) 
2026-01-31 21:07:07 [32minfo[39m: Sending request for chunk 23 of 23 (undefined fields) 
2026-01-31 21:08:36 [32minfo[39m: Processing chunk 1 of 23 
2026-01-31 21:08:36 [32minfo[39m: Chunk 1 Tokens - Prompt: $21151, Candidates: $890, Thoughts: $3495, Cached: $21924, Total: $47460 
2026-01-31 21:08:36 [32minfo[39m: Chunk 1 Cost - Prompt: $0.010575, Candidates: $0.002670, Thoughts: $0.010485, Cached: $0.001096, Total: $0.024827 
2026-01-31 21:08:36 [32minfo[39m: Processing chunk 2 of 23 
2026-01-31 21:08:36 [32minfo[39m: Chunk 2 Tokens - Prompt: $21151, Candidates: $720, Thoughts: $72, Cached: $21924, Total: $43867 
2026-01-31 21:08:36 [32minfo[39m: Chunk 2 Cost - Prompt: $0.010575, Candidates: $0.002160, Thoughts: $0.000216, Cached: $0.001096, Total: $0.014048 
2026-01-31 21:08:36 [32minfo[39m: Processing chunk 3 of 23 
2026-01-31 21:08:36 [32minfo[39m: Chunk 3 Tokens - Prompt: $21151, Candidates: $549, Thoughts: $2890, Cached: $21924, Total: $46514 
2026-01-31 21:08:36 [32minfo[39m: Chunk 3 Cost - Prompt: $0.010575, Candidates: $0.001647, Thoughts: $0.008670, Cached: $0.001096, Total: $0.021989 
2026-01-31 21:08:36 [32minfo[39m: Processing chunk 4 of 23 
2026-01-31 21:08:36 [32minfo[39m: Chunk 4 Tokens - Prompt: $21151, Candidates: $1081, Thoughts: $7425, Cached: $21924, Total: $51581 
2026-01-31 21:08:36 [32minfo[39m: Chunk 4 Cost - Prompt: $0.010575, Candidates: $0.003243, Thoughts: $0.022275, Cached: $0.001096, Total: $0.037190 
2026-01-31 21:08:36 [32minfo[39m: Processing chunk 5 of 23 
2026-01-31 21:08:36 [32minfo[39m: Chunk 5 Tokens - Prompt: $21151, Candidates: $788, Thoughts: $6149, Cached: $21924, Total: $50012 
2026-01-31 21:08:36 [32minfo[39m: Chunk 5 Cost - Prompt: $0.010575, Candidates: $0.002364, Thoughts: $0.018447, Cached: $0.001096, Total: $0.032483 
2026-01-31 21:08:36 [32minfo[39m: Processing chunk 6 of 23 
2026-01-31 21:08:36 [32minfo[39m: Chunk 6 Tokens - Prompt: $21151, Candidates: $973, Thoughts: $5942, Cached: $21924, Total: $49990 
2026-01-31 21:08:36 [32minfo[39m: Chunk 6 Cost - Prompt: $0.010575, Candidates: $0.002919, Thoughts: $0.017826, Cached: $0.001096, Total: $0.032417 
2026-01-31 21:08:36 [32minfo[39m: Processing chunk 7 of 23 
2026-01-31 21:08:36 [32minfo[39m: Chunk 7 Tokens - Prompt: $21151, Candidates: $628, Thoughts: $3727, Cached: $21924, Total: $47430 
2026-01-31 21:08:36 [32minfo[39m: Chunk 7 Cost - Prompt: $0.010575, Candidates: $0.001884, Thoughts: $0.011181, Cached: $0.001096, Total: $0.024737 
2026-01-31 21:08:36 [32minfo[39m: Processing chunk 8 of 23 
2026-01-31 21:08:36 [32minfo[39m: Chunk 8 Tokens - Prompt: $21151, Candidates: $784, Thoughts: $6848, Cached: $21924, Total: $50707 
2026-01-31 21:08:36 [32minfo[39m: Chunk 8 Cost - Prompt: $0.010575, Candidates: $0.002352, Thoughts: $0.020544, Cached: $0.001096, Total: $0.034568 
2026-01-31 21:08:36 [32minfo[39m: Processing chunk 9 of 23 
2026-01-31 21:08:36 [32minfo[39m: Chunk 9 Tokens - Prompt: $21151, Candidates: $1271, Thoughts: $5402, Cached: $21924, Total: $49748 
2026-01-31 21:08:36 [32minfo[39m: Chunk 9 Cost - Prompt: $0.010575, Candidates: $0.003813, Thoughts: $0.016206, Cached: $0.001096, Total: $0.031691 
2026-01-31 21:08:36 [32minfo[39m: Processing chunk 10 of 23 
2026-01-31 21:08:36 [32minfo[39m: Chunk 10 Tokens - Prompt: $21151, Candidates: $1209, Thoughts: $6694, Cached: $21924, Total: $50978 
2026-01-31 21:08:36 [32minfo[39m: Chunk 10 Cost - Prompt: $0.010575, Candidates: $0.003627, Thoughts: $0.020082, Cached: $0.001096, Total: $0.035381 
2026-01-31 21:08:36 [32minfo[39m: Processing chunk 11 of 23 
2026-01-31 21:08:36 [32minfo[39m: Chunk 11 Tokens - Prompt: $21151, Candidates: $732, Thoughts: $5564, Cached: $21924, Total: $49371 
2026-01-31 21:08:36 [32minfo[39m: Chunk 11 Cost - Prompt: $0.010575, Candidates: $0.002196, Thoughts: $0.016692, Cached: $0.001096, Total: $0.030560 
2026-01-31 21:08:36 [32minfo[39m: Processing chunk 12 of 23 
2026-01-31 21:08:36 [32minfo[39m: Chunk 12 Tokens - Prompt: $21151, Candidates: $829, Thoughts: $5702, Cached: $21924, Total: $49606 
2026-01-31 21:08:36 [32minfo[39m: Chunk 12 Cost - Prompt: $0.010575, Candidates: $0.002487, Thoughts: $0.017106, Cached: $0.001096, Total: $0.031265 
2026-01-31 21:08:36 [32minfo[39m: Processing chunk 13 of 23 
2026-01-31 21:08:36 [32minfo[39m: Chunk 13 Tokens - Prompt: $21151, Candidates: $544, Thoughts: $8896, Cached: $21924, Total: $52515 
2026-01-31 21:08:36 [32minfo[39m: Chunk 13 Cost - Prompt: $0.010575, Candidates: $0.001632, Thoughts: $0.026688, Cached: $0.001096, Total: $0.039992 
2026-01-31 21:08:36 [32minfo[39m: Processing chunk 14 of 23 
2026-01-31 21:08:36 [32minfo[39m: Chunk 14 Tokens - Prompt: $21151, Candidates: $439, Thoughts: $9066, Cached: $21924, Total: $52580 
2026-01-31 21:08:36 [32minfo[39m: Chunk 14 Cost - Prompt: $0.010575, Candidates: $0.001317, Thoughts: $0.027198, Cached: $0.001096, Total: $0.040187 
2026-01-31 21:08:36 [32minfo[39m: Processing chunk 15 of 23 
2026-01-31 21:08:36 [32minfo[39m: Chunk 15 Tokens - Prompt: $21151, Candidates: $931, Thoughts: $6764, Cached: $21924, Total: $50770 
2026-01-31 21:08:36 [32minfo[39m: Chunk 15 Cost - Prompt: $0.010575, Candidates: $0.002793, Thoughts: $0.020292, Cached: $0.001096, Total: $0.034757 
2026-01-31 21:08:36 [32minfo[39m: Processing chunk 16 of 23 
2026-01-31 21:08:36 [32minfo[39m: Chunk 16 Tokens - Prompt: $21151, Candidates: $564, Thoughts: $9278, Cached: $21924, Total: $52917 
2026-01-31 21:08:36 [32minfo[39m: Chunk 16 Cost - Prompt: $0.010575, Candidates: $0.001692, Thoughts: $0.027834, Cached: $0.001096, Total: $0.041198 
2026-01-31 21:08:36 [32minfo[39m: Processing chunk 17 of 23 
2026-01-31 21:08:36 [32minfo[39m: Chunk 17 Tokens - Prompt: $21151, Candidates: $1189, Thoughts: $5323, Cached: $21924, Total: $49587 
2026-01-31 21:08:36 [32minfo[39m: Chunk 17 Cost - Prompt: $0.010575, Candidates: $0.003567, Thoughts: $0.015969, Cached: $0.001096, Total: $0.031208 
2026-01-31 21:08:36 [32minfo[39m: Processing chunk 18 of 23 
2026-01-31 21:08:36 [32minfo[39m: Chunk 18 Tokens - Prompt: $21151, Candidates: $977, Thoughts: $9581, Cached: $21924, Total: $53633 
2026-01-31 21:08:36 [32minfo[39m: Chunk 18 Cost - Prompt: $0.010575, Candidates: $0.002931, Thoughts: $0.028743, Cached: $0.001096, Total: $0.043346 
2026-01-31 21:08:36 [32minfo[39m: Processing chunk 19 of 23 
2026-01-31 21:08:36 [32minfo[39m: Chunk 19 Tokens - Prompt: $21151, Candidates: $603, Thoughts: $5651, Cached: $21924, Total: $49329 
2026-01-31 21:08:36 [32minfo[39m: Chunk 19 Cost - Prompt: $0.010575, Candidates: $0.001809, Thoughts: $0.016953, Cached: $0.001096, Total: $0.030434 
2026-01-31 21:08:36 [32minfo[39m: Processing chunk 20 of 23 
2026-01-31 21:08:36 [32minfo[39m: Chunk 20 Tokens - Prompt: $21151, Candidates: $553, Thoughts: $14185, Cached: $21924, Total: $57813 
2026-01-31 21:08:36 [32minfo[39m: Chunk 20 Cost - Prompt: $0.010575, Candidates: $0.001659, Thoughts: $0.042555, Cached: $0.001096, Total: $0.055886 
2026-01-31 21:08:36 [32minfo[39m: Processing chunk 21 of 23 
2026-01-31 21:08:36 [32minfo[39m: Chunk 21 Tokens - Prompt: $21151, Candidates: $997, Thoughts: $4814, Cached: $21924, Total: $48886 
2026-01-31 21:08:36 [32minfo[39m: Chunk 21 Cost - Prompt: $0.010575, Candidates: $0.002991, Thoughts: $0.014442, Cached: $0.001096, Total: $0.029105 
2026-01-31 21:08:36 [32minfo[39m: Processing chunk 22 of 23 
2026-01-31 21:08:36 [32minfo[39m: Chunk 22 Tokens - Prompt: $21151, Candidates: $730, Thoughts: $11837, Cached: $21924, Total: $55642 
2026-01-31 21:08:36 [32minfo[39m: Chunk 22 Cost - Prompt: $0.010575, Candidates: $0.002190, Thoughts: $0.035511, Cached: $0.001096, Total: $0.049373 
2026-01-31 21:08:36 [32minfo[39m: Processing chunk 23 of 23 
2026-01-31 21:08:36 [32minfo[39m: Chunk 23 Tokens - Prompt: $21151, Candidates: $195, Thoughts: $6787, Cached: $21924, Total: $50057 
2026-01-31 21:08:36 [32minfo[39m: Chunk 23 Cost - Prompt: $0.010575, Candidates: $0.000585, Thoughts: $0.020361, Cached: $0.001096, Total: $0.032618 
2026-01-31 21:08:36 [32minfo[39m: Written combined response to /Users/ryanchiang/Sites/college-datasets/packages/parser/src/output/georgia_institute_of_technology/georgia_institute_of_technology.json with 138 keys 
2026-01-31 21:08:36 [32minfo[39m: Total cost: $0.779253 
2026-01-31 21:08:36 [32minfo[39m: Parsing princeton_university with file /Users/ryanchiang/Sites/college-datasets/packages/parser/data/cds-files/princeton_university_CDS_2425_Princeton_v2.pdf and mime type application/pdf 
2026-01-31 21:08:36 [32minfo[39m: Uploading file /Users/ryanchiang/Sites/college-datasets/packages/parser/data/cds-files/princeton_university_CDS_2425_Princeton_v2.pdf with mime type application/pdf 
2026-01-31 21:08:38 [32minfo[39m: File uploaded successfully: files/o863b46t0ijb | https://generativelanguage.googleapis.com/v1beta/files/o863b46t0ijb 
2026-01-31 21:08:38 [32minfo[39m: Creating file cache for princeton_university_CDS_2425_Princeton_v2.pdf... 
2026-01-31 21:08:42 [32minfo[39m: File cache for princeton_university_CDS_2425_Princeton_v2.pdf created successfully! 
2026-01-31 21:08:42 [32minfo[39m: Splitting schema into 23 chunks of length 50 or less 
2026-01-31 21:08:42 [32minfo[39m: Sending 23 requests in parallel... 
2026-01-31 21:08:42 [32minfo[39m: Sending request for chunk 1 of 23 (undefined fields) 
2026-01-31 21:08:42 [32minfo[39m: Sending request for chunk 2 of 23 (undefined fields) 
2026-01-31 21:08:42 [32minfo[39m: Sending request for chunk 3 of 23 (undefined fields) 
2026-01-31 21:08:42 [32minfo[39m: Sending request for chunk 4 of 23 (undefined fields) 
2026-01-31 21:08:42 [32minfo[39m: Sending request for chunk 5 of 23 (undefined fields) 
2026-01-31 21:08:42 [32minfo[39m: Sending request for chunk 6 of 23 (undefined fields) 
2026-01-31 21:08:42 [32minfo[39m: Sending request for chunk 7 of 23 (undefined fields) 
2026-01-31 21:08:42 [32minfo[39m: Sending request for chunk 8 of 23 (undefined fields) 
2026-01-31 21:08:42 [32minfo[39m: Sending request for chunk 9 of 23 (undefined fields) 
2026-01-31 21:08:42 [32minfo[39m: Sending request for chunk 10 of 23 (undefined fields) 
2026-01-31 21:08:42 [32minfo[39m: Sending request for chunk 11 of 23 (undefined fields) 
2026-01-31 21:08:42 [32minfo[39m: Sending request for chunk 12 of 23 (undefined fields) 
2026-01-31 21:08:42 [32minfo[39m: Sending request for chunk 13 of 23 (undefined fields) 
2026-01-31 21:08:42 [32minfo[39m: Sending request for chunk 14 of 23 (undefined fields) 
2026-01-31 21:08:42 [32minfo[39m: Sending request for chunk 15 of 23 (undefined fields) 
2026-01-31 21:08:42 [32minfo[39m: Sending request for chunk 16 of 23 (undefined fields) 
2026-01-31 21:08:42 [32minfo[39m: Sending request for chunk 17 of 23 (undefined fields) 
2026-01-31 21:08:42 [32minfo[39m: Sending request for chunk 18 of 23 (undefined fields) 
2026-01-31 21:08:42 [32minfo[39m: Sending request for chunk 19 of 23 (undefined fields) 
2026-01-31 21:08:42 [32minfo[39m: Sending request for chunk 20 of 23 (undefined fields) 
2026-01-31 21:08:42 [32minfo[39m: Sending request for chunk 21 of 23 (undefined fields) 
2026-01-31 21:08:42 [32minfo[39m: Sending request for chunk 22 of 23 (undefined fields) 
2026-01-31 21:08:42 [32minfo[39m: Sending request for chunk 23 of 23 (undefined fields) 
2026-01-31 21:10:23 [32minfo[39m: Processing chunk 1 of 23 
2026-01-31 21:10:23 [32minfo[39m: Chunk 1 Tokens - Prompt: $23319, Candidates: $700, Thoughts: $7811, Cached: $24164, Total: $55994 
2026-01-31 21:10:23 [32minfo[39m: Chunk 1 Cost - Prompt: $0.011659, Candidates: $0.002100, Thoughts: $0.023433, Cached: $0.001208, Total: $0.038401 
2026-01-31 21:10:23 [32minfo[39m: Processing chunk 2 of 23 
2026-01-31 21:10:23 [32minfo[39m: Chunk 2 Tokens - Prompt: $23319, Candidates: $899, Thoughts: $1480, Cached: $24164, Total: $49862 
2026-01-31 21:10:23 [32minfo[39m: Chunk 2 Cost - Prompt: $0.011659, Candidates: $0.002697, Thoughts: $0.004440, Cached: $0.001208, Total: $0.020005 
2026-01-31 21:10:23 [32minfo[39m: Processing chunk 3 of 23 
2026-01-31 21:10:23 [32minfo[39m: Chunk 3 Tokens - Prompt: $23319, Candidates: $521, Thoughts: $4032, Cached: $24164, Total: $52036 
2026-01-31 21:10:23 [32minfo[39m: Chunk 3 Cost - Prompt: $0.011659, Candidates: $0.001563, Thoughts: $0.012096, Cached: $0.001208, Total: $0.026527 
2026-01-31 21:10:23 [32minfo[39m: Processing chunk 4 of 23 
2026-01-31 21:10:23 [32minfo[39m: Chunk 4 Tokens - Prompt: $23319, Candidates: $1069, Thoughts: $16104, Cached: $24164, Total: $64656 
2026-01-31 21:10:23 [32minfo[39m: Chunk 4 Cost - Prompt: $0.011659, Candidates: $0.003207, Thoughts: $0.048312, Cached: $0.001208, Total: $0.064387 
2026-01-31 21:10:23 [32minfo[39m: Processing chunk 5 of 23 
2026-01-31 21:10:23 [32minfo[39m: Chunk 5 Tokens - Prompt: $23319, Candidates: $959, Thoughts: $78, Cached: $24164, Total: $48520 
2026-01-31 21:10:23 [32minfo[39m: Chunk 5 Cost - Prompt: $0.011659, Candidates: $0.002877, Thoughts: $0.000234, Cached: $0.001208, Total: $0.015979 
2026-01-31 21:10:23 [32minfo[39m: Processing chunk 6 of 23 
2026-01-31 21:10:23 [32minfo[39m: Chunk 6 Tokens - Prompt: $23319, Candidates: $968, Thoughts: $8497, Cached: $24164, Total: $56948 
2026-01-31 21:10:23 [32minfo[39m: Chunk 6 Cost - Prompt: $0.011659, Candidates: $0.002904, Thoughts: $0.025491, Cached: $0.001208, Total: $0.041263 
2026-01-31 21:10:23 [32minfo[39m: Processing chunk 7 of 23 
2026-01-31 21:10:23 [32minfo[39m: Chunk 7 Tokens - Prompt: $23319, Candidates: $521, Thoughts: $9888, Cached: $24164, Total: $57892 
2026-01-31 21:10:23 [32minfo[39m: Chunk 7 Cost - Prompt: $0.011659, Candidates: $0.001563, Thoughts: $0.029664, Cached: $0.001208, Total: $0.044095 
2026-01-31 21:10:23 [32minfo[39m: Processing chunk 8 of 23 
2026-01-31 21:10:23 [32minfo[39m: Chunk 8 Tokens - Prompt: $23319, Candidates: $826, Thoughts: $7621, Cached: $24164, Total: $55930 
2026-01-31 21:10:23 [32minfo[39m: Chunk 8 Cost - Prompt: $0.011659, Candidates: $0.002478, Thoughts: $0.022863, Cached: $0.001208, Total: $0.038209 
2026-01-31 21:10:23 [32minfo[39m: Processing chunk 9 of 23 
2026-01-31 21:10:23 [32minfo[39m: Chunk 9 Tokens - Prompt: $23319, Candidates: $1116, Thoughts: $6758, Cached: $24164, Total: $55357 
2026-01-31 21:10:23 [32minfo[39m: Chunk 9 Cost - Prompt: $0.011659, Candidates: $0.003348, Thoughts: $0.020274, Cached: $0.001208, Total: $0.036490 
2026-01-31 21:10:23 [32minfo[39m: Processing chunk 10 of 23 
2026-01-31 21:10:23 [32minfo[39m: Chunk 10 Tokens - Prompt: $23319, Candidates: $1118, Thoughts: $2306, Cached: $24164, Total: $50907 
2026-01-31 21:10:23 [32minfo[39m: Chunk 10 Cost - Prompt: $0.011659, Candidates: $0.003354, Thoughts: $0.006918, Cached: $0.001208, Total: $0.023140 
2026-01-31 21:10:23 [32minfo[39m: Processing chunk 11 of 23 
2026-01-31 21:10:23 [32minfo[39m: Chunk 11 Tokens - Prompt: $23319, Candidates: $712, Thoughts: $4755, Cached: $24164, Total: $52950 
2026-01-31 21:10:23 [32minfo[39m: Chunk 11 Cost - Prompt: $0.011659, Candidates: $0.002136, Thoughts: $0.014265, Cached: $0.001208, Total: $0.029269 
2026-01-31 21:10:23 [32minfo[39m: Processing chunk 12 of 23 
2026-01-31 21:10:23 [32minfo[39m: Chunk 12 Tokens - Prompt: $23319, Candidates: $844, Thoughts: $10990, Cached: $24164, Total: $59317 
2026-01-31 21:10:23 [32minfo[39m: Chunk 12 Cost - Prompt: $0.011659, Candidates: $0.002532, Thoughts: $0.032970, Cached: $0.001208, Total: $0.048370 
2026-01-31 21:10:23 [32minfo[39m: Processing chunk 13 of 23 
2026-01-31 21:10:23 [32minfo[39m: Chunk 13 Tokens - Prompt: $23319, Candidates: $515, Thoughts: $11212, Cached: $24164, Total: $59210 
2026-01-31 21:10:23 [32minfo[39m: Chunk 13 Cost - Prompt: $0.011659, Candidates: $0.001545, Thoughts: $0.033636, Cached: $0.001208, Total: $0.048049 
2026-01-31 21:10:23 [32minfo[39m: Processing chunk 14 of 23 
2026-01-31 21:10:23 [32minfo[39m: Chunk 14 Tokens - Prompt: $23319, Candidates: $576, Thoughts: $5699, Cached: $24164, Total: $53758 
2026-01-31 21:10:23 [32minfo[39m: Chunk 14 Cost - Prompt: $0.011659, Candidates: $0.001728, Thoughts: $0.017097, Cached: $0.001208, Total: $0.031693 
2026-01-31 21:10:23 [32minfo[39m: Processing chunk 15 of 23 
2026-01-31 21:10:23 [32minfo[39m: Chunk 15 Tokens - Prompt: $23319, Candidates: $696, Thoughts: $8499, Cached: $24164, Total: $56678 
2026-01-31 21:10:23 [32minfo[39m: Chunk 15 Cost - Prompt: $0.011659, Candidates: $0.002088, Thoughts: $0.025497, Cached: $0.001208, Total: $0.040453 
2026-01-31 21:10:23 [32minfo[39m: Processing chunk 16 of 23 
2026-01-31 21:10:23 [32minfo[39m: Chunk 16 Tokens - Prompt: $23319, Candidates: $562, Thoughts: $11720, Cached: $24164, Total: $59765 
2026-01-31 21:10:23 [32minfo[39m: Chunk 16 Cost - Prompt: $0.011659, Candidates: $0.001686, Thoughts: $0.035160, Cached: $0.001208, Total: $0.049714 
2026-01-31 21:10:23 [32minfo[39m: Processing chunk 17 of 23 
2026-01-31 21:10:23 [32minfo[39m: Chunk 17 Tokens - Prompt: $23319, Candidates: $986, Thoughts: $13456, Cached: $24164, Total: $61925 
2026-01-31 21:10:23 [32minfo[39m: Chunk 17 Cost - Prompt: $0.011659, Candidates: $0.002958, Thoughts: $0.040368, Cached: $0.001208, Total: $0.056194 
2026-01-31 21:10:23 [32minfo[39m: Processing chunk 18 of 23 
2026-01-31 21:10:23 [32minfo[39m: Chunk 18 Tokens - Prompt: $23319, Candidates: $946, Thoughts: $7409, Cached: $24164, Total: $55838 
2026-01-31 21:10:23 [32minfo[39m: Chunk 18 Cost - Prompt: $0.011659, Candidates: $0.002838, Thoughts: $0.022227, Cached: $0.001208, Total: $0.037933 
2026-01-31 21:10:23 [32minfo[39m: Processing chunk 19 of 23 
2026-01-31 21:10:23 [32minfo[39m: Chunk 19 Tokens - Prompt: $23319, Candidates: $628, Thoughts: $7672, Cached: $24164, Total: $55783 
2026-01-31 21:10:23 [32minfo[39m: Chunk 19 Cost - Prompt: $0.011659, Candidates: $0.001884, Thoughts: $0.023016, Cached: $0.001208, Total: $0.037768 
2026-01-31 21:10:23 [32minfo[39m: Processing chunk 20 of 23 
2026-01-31 21:10:23 [32minfo[39m: Chunk 20 Tokens - Prompt: $23319, Candidates: $621, Thoughts: $10636, Cached: $24164, Total: $58740 
2026-01-31 21:10:23 [32minfo[39m: Chunk 20 Cost - Prompt: $0.011659, Candidates: $0.001863, Thoughts: $0.031908, Cached: $0.001208, Total: $0.046639 
2026-01-31 21:10:23 [32minfo[39m: Processing chunk 21 of 23 
2026-01-31 21:10:23 [32minfo[39m: Chunk 21 Tokens - Prompt: $23319, Candidates: $562, Thoughts: $5071, Cached: $24164, Total: $53116 
2026-01-31 21:10:23 [32minfo[39m: Chunk 21 Cost - Prompt: $0.011659, Candidates: $0.001686, Thoughts: $0.015213, Cached: $0.001208, Total: $0.029767 
2026-01-31 21:10:23 [32minfo[39m: Processing chunk 22 of 23 
2026-01-31 21:10:23 [32minfo[39m: Chunk 22 Tokens - Prompt: $23319, Candidates: $730, Thoughts: $9596, Cached: $24164, Total: $57809 
2026-01-31 21:10:23 [32minfo[39m: Chunk 22 Cost - Prompt: $0.011659, Candidates: $0.002190, Thoughts: $0.028788, Cached: $0.001208, Total: $0.043846 
2026-01-31 21:10:23 [32minfo[39m: Processing chunk 23 of 23 
2026-01-31 21:10:23 [32minfo[39m: Chunk 23 Tokens - Prompt: $23319, Candidates: $190, Thoughts: $6550, Cached: $24164, Total: $54223 
2026-01-31 21:10:23 [32minfo[39m: Chunk 23 Cost - Prompt: $0.011659, Candidates: $0.000570, Thoughts: $0.019650, Cached: $0.001208, Total: $0.033088 
2026-01-31 21:10:23 [32minfo[39m: Written combined response to /Users/ryanchiang/Sites/college-datasets/packages/parser/src/output/princeton_university/princeton_university.json with 138 keys 
2026-01-31 21:10:23 [32minfo[39m: Total cost: $0.881272 
2026-01-31 21:10:23 [32minfo[39m: Parsing boston_college with file /Users/ryanchiang/Sites/college-datasets/packages/parser/data/cds-files/boston_college_Boston_College_CDS_2024-2025_Final.pdf and mime type application/pdf 
2026-01-31 21:10:23 [32minfo[39m: Uploading file /Users/ryanchiang/Sites/college-datasets/packages/parser/data/cds-files/boston_college_Boston_College_CDS_2024-2025_Final.pdf with mime type application/pdf 
2026-01-31 21:10:26 [32minfo[39m: File uploaded successfully: files/8fzo5gp5303q | https://generativelanguage.googleapis.com/v1beta/files/8fzo5gp5303q 
2026-01-31 21:10:26 [32minfo[39m: Creating file cache for boston_college_Boston_College_CDS_2024-2025_Final.pdf... 
2026-01-31 21:10:27 [32minfo[39m: File cache for boston_college_Boston_College_CDS_2024-2025_Final.pdf created successfully! 
2026-01-31 21:10:27 [32minfo[39m: Splitting schema into 23 chunks of length 50 or less 
2026-01-31 21:10:27 [32minfo[39m: Sending 23 requests in parallel... 
2026-01-31 21:10:27 [32minfo[39m: Sending request for chunk 1 of 23 (undefined fields) 
2026-01-31 21:10:27 [32minfo[39m: Sending request for chunk 2 of 23 (undefined fields) 
2026-01-31 21:10:27 [32minfo[39m: Sending request for chunk 3 of 23 (undefined fields) 
2026-01-31 21:10:27 [32minfo[39m: Sending request for chunk 4 of 23 (undefined fields) 
2026-01-31 21:10:27 [32minfo[39m: Sending request for chunk 5 of 23 (undefined fields) 
2026-01-31 21:10:27 [32minfo[39m: Sending request for chunk 6 of 23 (undefined fields) 
2026-01-31 21:10:27 [32minfo[39m: Sending request for chunk 7 of 23 (undefined fields) 
2026-01-31 21:10:27 [32minfo[39m: Sending request for chunk 8 of 23 (undefined fields) 
2026-01-31 21:10:27 [32minfo[39m: Sending request for chunk 9 of 23 (undefined fields) 
2026-01-31 21:10:27 [32minfo[39m: Sending request for chunk 10 of 23 (undefined fields) 
2026-01-31 21:10:27 [32minfo[39m: Sending request for chunk 11 of 23 (undefined fields) 
2026-01-31 21:10:27 [32minfo[39m: Sending request for chunk 12 of 23 (undefined fields) 
2026-01-31 21:10:27 [32minfo[39m: Sending request for chunk 13 of 23 (undefined fields) 
2026-01-31 21:10:27 [32minfo[39m: Sending request for chunk 14 of 23 (undefined fields) 
2026-01-31 21:10:27 [32minfo[39m: Sending request for chunk 15 of 23 (undefined fields) 
2026-01-31 21:10:27 [32minfo[39m: Sending request for chunk 16 of 23 (undefined fields) 
2026-01-31 21:10:27 [32minfo[39m: Sending request for chunk 17 of 23 (undefined fields) 
2026-01-31 21:10:27 [32minfo[39m: Sending request for chunk 18 of 23 (undefined fields) 
2026-01-31 21:10:27 [32minfo[39m: Sending request for chunk 19 of 23 (undefined fields) 
2026-01-31 21:10:27 [32minfo[39m: Sending request for chunk 20 of 23 (undefined fields) 
2026-01-31 21:10:27 [32minfo[39m: Sending request for chunk 21 of 23 (undefined fields) 
2026-01-31 21:10:27 [32minfo[39m: Sending request for chunk 22 of 23 (undefined fields) 
2026-01-31 21:10:27 [32minfo[39m: Sending request for chunk 23 of 23 (undefined fields) 
2026-01-31 21:12:06 [32minfo[39m: Processing chunk 1 of 23 
2026-01-31 21:12:06 [32minfo[39m: Chunk 1 Tokens - Prompt: $14105, Candidates: $693, Thoughts: $5315, Cached: $14644, Total: $34757 
2026-01-31 21:12:06 [32minfo[39m: Chunk 1 Cost - Prompt: $0.007052, Candidates: $0.002079, Thoughts: $0.015945, Cached: $0.000732, Total: $0.025809 
2026-01-31 21:12:06 [32minfo[39m: Processing chunk 2 of 23 
2026-01-31 21:12:06 [32minfo[39m: Chunk 2 Tokens - Prompt: $14105, Candidates: $788, Thoughts: $15793, Cached: $14644, Total: $45330 
2026-01-31 21:12:06 [32minfo[39m: Chunk 2 Cost - Prompt: $0.007052, Candidates: $0.002364, Thoughts: $0.047379, Cached: $0.000732, Total: $0.057528 
2026-01-31 21:12:06 [32minfo[39m: Processing chunk 3 of 23 
2026-01-31 21:12:06 [32minfo[39m: Chunk 3 Tokens - Prompt: $14105, Candidates: $536, Thoughts: $3138, Cached: $14644, Total: $32423 
2026-01-31 21:12:06 [32minfo[39m: Chunk 3 Cost - Prompt: $0.007052, Candidates: $0.001608, Thoughts: $0.009414, Cached: $0.000732, Total: $0.018807 
2026-01-31 21:12:06 [32minfo[39m: Processing chunk 4 of 23 
2026-01-31 21:12:06 [32minfo[39m: Chunk 4 Tokens - Prompt: $14105, Candidates: $895, Thoughts: $15985, Cached: $14644, Total: $45629 
2026-01-31 21:12:06 [32minfo[39m: Chunk 4 Cost - Prompt: $0.007052, Candidates: $0.002685, Thoughts: $0.047955, Cached: $0.000732, Total: $0.058425 
2026-01-31 21:12:06 [32minfo[39m: Processing chunk 5 of 23 
2026-01-31 21:12:06 [32minfo[39m: Chunk 5 Tokens - Prompt: $14105, Candidates: $966, Thoughts: $10516, Cached: $14644, Total: $40231 
2026-01-31 21:12:06 [32minfo[39m: Chunk 5 Cost - Prompt: $0.007052, Candidates: $0.002898, Thoughts: $0.031548, Cached: $0.000732, Total: $0.042231 
2026-01-31 21:12:06 [32minfo[39m: Processing chunk 6 of 23 
2026-01-31 21:12:06 [32minfo[39m: Chunk 6 Tokens - Prompt: $14105, Candidates: $808, Thoughts: $7909, Cached: $14644, Total: $37466 
2026-01-31 21:12:06 [32minfo[39m: Chunk 6 Cost - Prompt: $0.007052, Candidates: $0.002424, Thoughts: $0.023727, Cached: $0.000732, Total: $0.033936 
2026-01-31 21:12:06 [32minfo[39m: Processing chunk 7 of 23 
2026-01-31 21:12:06 [32minfo[39m: Chunk 7 Tokens - Prompt: $14105, Candidates: $429, Thoughts: $4910, Cached: $14644, Total: $34088 
2026-01-31 21:12:06 [32minfo[39m: Chunk 7 Cost - Prompt: $0.007052, Candidates: $0.001287, Thoughts: $0.014730, Cached: $0.000732, Total: $0.023802 
2026-01-31 21:12:06 [32minfo[39m: Processing chunk 8 of 23 
2026-01-31 21:12:06 [32minfo[39m: Chunk 8 Tokens - Prompt: $14105, Candidates: $511, Thoughts: $11016, Cached: $14644, Total: $40276 
2026-01-31 21:12:06 [32minfo[39m: Chunk 8 Cost - Prompt: $0.007052, Candidates: $0.001533, Thoughts: $0.033048, Cached: $0.000732, Total: $0.042366 
2026-01-31 21:12:06 [32minfo[39m: Processing chunk 9 of 23 
2026-01-31 21:12:06 [32minfo[39m: Chunk 9 Tokens - Prompt: $14105, Candidates: $1012, Thoughts: $12502, Cached: $14644, Total: $42263 
2026-01-31 21:12:06 [32minfo[39m: Chunk 9 Cost - Prompt: $0.007052, Candidates: $0.003036, Thoughts: $0.037506, Cached: $0.000732, Total: $0.048327 
2026-01-31 21:12:06 [32minfo[39m: Processing chunk 10 of 23 
2026-01-31 21:12:06 [32minfo[39m: Chunk 10 Tokens - Prompt: $14105, Candidates: $1144, Thoughts: $7396, Cached: $14644, Total: $37289 
2026-01-31 21:12:06 [32minfo[39m: Chunk 10 Cost - Prompt: $0.007052, Candidates: $0.003432, Thoughts: $0.022188, Cached: $0.000732, Total: $0.033405 
2026-01-31 21:12:06 [32minfo[39m: Processing chunk 11 of 23 
2026-01-31 21:12:06 [32minfo[39m: Chunk 11 Tokens - Prompt: $14105, Candidates: $742, Thoughts: $3640, Cached: $14644, Total: $33131 
2026-01-31 21:12:06 [32minfo[39m: Chunk 11 Cost - Prompt: $0.007052, Candidates: $0.002226, Thoughts: $0.010920, Cached: $0.000732, Total: $0.020931 
2026-01-31 21:12:06 [32minfo[39m: Processing chunk 12 of 23 
2026-01-31 21:12:06 [32minfo[39m: Chunk 12 Tokens - Prompt: $14105, Candidates: $774, Thoughts: $6583, Cached: $14644, Total: $36106 
2026-01-31 21:12:06 [32minfo[39m: Chunk 12 Cost - Prompt: $0.007052, Candidates: $0.002322, Thoughts: $0.019749, Cached: $0.000732, Total: $0.029856 
2026-01-31 21:12:06 [32minfo[39m: Processing chunk 13 of 23 
2026-01-31 21:12:06 [32minfo[39m: Chunk 13 Tokens - Prompt: $14105, Candidates: $382, Thoughts: $7501, Cached: $14644, Total: $36632 
2026-01-31 21:12:06 [32minfo[39m: Chunk 13 Cost - Prompt: $0.007052, Candidates: $0.001146, Thoughts: $0.022503, Cached: $0.000732, Total: $0.031434 
2026-01-31 21:12:06 [32minfo[39m: Processing chunk 14 of 23 
2026-01-31 21:12:06 [32minfo[39m: Chunk 14 Tokens - Prompt: $14105, Candidates: $443, Thoughts: $9562, Cached: $14644, Total: $38754 
2026-01-31 21:12:06 [32minfo[39m: Chunk 14 Cost - Prompt: $0.007052, Candidates: $0.001329, Thoughts: $0.028686, Cached: $0.000732, Total: $0.037800 
2026-01-31 21:12:06 [32minfo[39m: Processing chunk 15 of 23 
2026-01-31 21:12:06 [32minfo[39m: Chunk 15 Tokens - Prompt: $14105, Candidates: $765, Thoughts: $12692, Cached: $14644, Total: $42206 
2026-01-31 21:12:06 [32minfo[39m: Chunk 15 Cost - Prompt: $0.007052, Candidates: $0.002295, Thoughts: $0.038076, Cached: $0.000732, Total: $0.048156 
2026-01-31 21:12:06 [32minfo[39m: Processing chunk 16 of 23 
2026-01-31 21:12:06 [32minfo[39m: Chunk 16 Tokens - Prompt: $14105, Candidates: $543, Thoughts: $10407, Cached: $14644, Total: $39699 
2026-01-31 21:12:06 [32minfo[39m: Chunk 16 Cost - Prompt: $0.007052, Candidates: $0.001629, Thoughts: $0.031221, Cached: $0.000732, Total: $0.040635 
2026-01-31 21:12:06 [32minfo[39m: Processing chunk 17 of 23 
2026-01-31 21:12:06 [32minfo[39m: Chunk 17 Tokens - Prompt: $14105, Candidates: $1146, Thoughts: $10125, Cached: $14644, Total: $40020 
2026-01-31 21:12:06 [32minfo[39m: Chunk 17 Cost - Prompt: $0.007052, Candidates: $0.003438, Thoughts: $0.030375, Cached: $0.000732, Total: $0.041598 
2026-01-31 21:12:06 [32minfo[39m: Processing chunk 18 of 23 
2026-01-31 21:12:06 [32minfo[39m: Chunk 18 Tokens - Prompt: $14105, Candidates: $977, Thoughts: $5286, Cached: $14644, Total: $35012 
2026-01-31 21:12:06 [32minfo[39m: Chunk 18 Cost - Prompt: $0.007052, Candidates: $0.002931, Thoughts: $0.015858, Cached: $0.000732, Total: $0.026574 
2026-01-31 21:12:06 [32minfo[39m: Processing chunk 19 of 23 
2026-01-31 21:12:06 [32minfo[39m: Chunk 19 Tokens - Prompt: $14105, Candidates: $593, Thoughts: $8737, Cached: $14644, Total: $38079 
2026-01-31 21:12:06 [32minfo[39m: Chunk 19 Cost - Prompt: $0.007052, Candidates: $0.001779, Thoughts: $0.026211, Cached: $0.000732, Total: $0.035775 
2026-01-31 21:12:06 [32minfo[39m: Processing chunk 20 of 23 
2026-01-31 21:12:06 [32minfo[39m: Chunk 20 Tokens - Prompt: $14105, Candidates: $517, Thoughts: $10153, Cached: $14644, Total: $39419 
2026-01-31 21:12:06 [32minfo[39m: Chunk 20 Cost - Prompt: $0.007052, Candidates: $0.001551, Thoughts: $0.030459, Cached: $0.000732, Total: $0.039795 
2026-01-31 21:12:06 [32minfo[39m: Processing chunk 21 of 23 
2026-01-31 21:12:06 [32minfo[39m: Chunk 21 Tokens - Prompt: $14105, Candidates: $995, Thoughts: $8483, Cached: $14644, Total: $38227 
2026-01-31 21:12:06 [32minfo[39m: Chunk 21 Cost - Prompt: $0.007052, Candidates: $0.002985, Thoughts: $0.025449, Cached: $0.000732, Total: $0.036219 
2026-01-31 21:12:06 [32minfo[39m: Processing chunk 22 of 23 
2026-01-31 21:12:06 [32minfo[39m: Chunk 22 Tokens - Prompt: $14105, Candidates: $728, Thoughts: $10260, Cached: $14644, Total: $39737 
2026-01-31 21:12:06 [32minfo[39m: Chunk 22 Cost - Prompt: $0.007052, Candidates: $0.002184, Thoughts: $0.030780, Cached: $0.000732, Total: $0.040749 
2026-01-31 21:12:06 [32minfo[39m: Processing chunk 23 of 23 
2026-01-31 21:12:06 [32minfo[39m: Chunk 23 Tokens - Prompt: $14105, Candidates: $195, Thoughts: $4219, Cached: $14644, Total: $33163 
2026-01-31 21:12:06 [32minfo[39m: Chunk 23 Cost - Prompt: $0.007052, Candidates: $0.000585, Thoughts: $0.012657, Cached: $0.000732, Total: $0.021027 
2026-01-31 21:12:06 [32minfo[39m: Written combined response to /Users/ryanchiang/Sites/college-datasets/packages/parser/src/output/boston_college/boston_college.json with 137 keys 
2026-01-31 21:12:06 [32minfo[39m: Total cost: $0.835178 
2026-01-31 21:12:06 [32minfo[39m: Parsing columbia_university with file /Users/ryanchiang/Sites/college-datasets/packages/parser/data/cds-files/columbia_university_2024-25_Columbia_General_Studies_CDS.pdf and mime type application/pdf 
2026-01-31 21:12:06 [32minfo[39m: Uploading file /Users/ryanchiang/Sites/college-datasets/packages/parser/data/cds-files/columbia_university_2024-25_Columbia_General_Studies_CDS.pdf with mime type application/pdf 
2026-01-31 21:12:10 [32minfo[39m: File uploaded successfully: files/i8is6h5o862j | https://generativelanguage.googleapis.com/v1beta/files/i8is6h5o862j 
2026-01-31 21:12:10 [32minfo[39m: Creating file cache for columbia_university_2024-25_Columbia_General_Studies_CDS.pdf... 
2026-01-31 21:12:12 [32minfo[39m: File cache for columbia_university_2024-25_Columbia_General_Studies_CDS.pdf created successfully! 
2026-01-31 21:12:12 [32minfo[39m: Splitting schema into 23 chunks of length 50 or less 
2026-01-31 21:12:12 [32minfo[39m: Sending 23 requests in parallel... 
2026-01-31 21:12:12 [32minfo[39m: Sending request for chunk 1 of 23 (undefined fields) 
2026-01-31 21:12:12 [32minfo[39m: Sending request for chunk 2 of 23 (undefined fields) 
2026-01-31 21:12:12 [32minfo[39m: Sending request for chunk 3 of 23 (undefined fields) 
2026-01-31 21:12:12 [32minfo[39m: Sending request for chunk 4 of 23 (undefined fields) 
2026-01-31 21:12:12 [32minfo[39m: Sending request for chunk 5 of 23 (undefined fields) 
2026-01-31 21:12:12 [32minfo[39m: Sending request for chunk 6 of 23 (undefined fields) 
2026-01-31 21:12:12 [32minfo[39m: Sending request for chunk 7 of 23 (undefined fields) 
2026-01-31 21:12:12 [32minfo[39m: Sending request for chunk 8 of 23 (undefined fields) 
2026-01-31 21:12:12 [32minfo[39m: Sending request for chunk 9 of 23 (undefined fields) 
2026-01-31 21:12:12 [32minfo[39m: Sending request for chunk 10 of 23 (undefined fields) 
2026-01-31 21:12:12 [32minfo[39m: Sending request for chunk 11 of 23 (undefined fields) 
2026-01-31 21:12:12 [32minfo[39m: Sending request for chunk 12 of 23 (undefined fields) 
2026-01-31 21:12:12 [32minfo[39m: Sending request for chunk 13 of 23 (undefined fields) 
2026-01-31 21:12:12 [32minfo[39m: Sending request for chunk 14 of 23 (undefined fields) 
2026-01-31 21:12:12 [32minfo[39m: Sending request for chunk 15 of 23 (undefined fields) 
2026-01-31 21:12:12 [32minfo[39m: Sending request for chunk 16 of 23 (undefined fields) 
2026-01-31 21:12:12 [32minfo[39m: Sending request for chunk 17 of 23 (undefined fields) 
2026-01-31 21:12:12 [32minfo[39m: Sending request for chunk 18 of 23 (undefined fields) 
2026-01-31 21:12:12 [32minfo[39m: Sending request for chunk 19 of 23 (undefined fields) 
2026-01-31 21:12:12 [32minfo[39m: Sending request for chunk 20 of 23 (undefined fields) 
2026-01-31 21:12:12 [32minfo[39m: Sending request for chunk 21 of 23 (undefined fields) 
2026-01-31 21:12:12 [32minfo[39m: Sending request for chunk 22 of 23 (undefined fields) 
2026-01-31 21:12:12 [32minfo[39m: Sending request for chunk 23 of 23 (undefined fields) 
2026-01-31 21:13:41 [32minfo[39m: Processing chunk 1 of 23 
2026-01-31 21:13:41 [32minfo[39m: Chunk 1 Tokens - Prompt: $27113, Candidates: $870, Thoughts: $5017, Cached: $28084, Total: $61084 
2026-01-31 21:13:41 [32minfo[39m: Chunk 1 Cost - Prompt: $0.013557, Candidates: $0.002610, Thoughts: $0.015051, Cached: $0.001404, Total: $0.032622 
2026-01-31 21:13:41 [32minfo[39m: Processing chunk 2 of 23 
2026-01-31 21:13:41 [32minfo[39m: Chunk 2 Tokens - Prompt: $27113, Candidates: $866, Thoughts: $2322, Cached: $28084, Total: $58385 
2026-01-31 21:13:41 [32minfo[39m: Chunk 2 Cost - Prompt: $0.013557, Candidates: $0.002598, Thoughts: $0.006966, Cached: $0.001404, Total: $0.024525 
2026-01-31 21:13:41 [32minfo[39m: Processing chunk 3 of 23 
2026-01-31 21:13:41 [32minfo[39m: Chunk 3 Tokens - Prompt: $27113, Candidates: $552, Thoughts: $9094, Cached: $28084, Total: $64843 
2026-01-31 21:13:41 [32minfo[39m: Chunk 3 Cost - Prompt: $0.013557, Candidates: $0.001656, Thoughts: $0.027282, Cached: $0.001404, Total: $0.043899 
2026-01-31 21:13:41 [32minfo[39m: Processing chunk 4 of 23 
2026-01-31 21:13:41 [32minfo[39m: Chunk 4 Tokens - Prompt: $27113, Candidates: $1018, Thoughts: $3774, Cached: $28084, Total: $59989 
2026-01-31 21:13:41 [32minfo[39m: Chunk 4 Cost - Prompt: $0.013557, Candidates: $0.003054, Thoughts: $0.011322, Cached: $0.001404, Total: $0.029337 
2026-01-31 21:13:41 [32minfo[39m: Processing chunk 5 of 23 
2026-01-31 21:13:41 [32minfo[39m: Chunk 5 Tokens - Prompt: $27113, Candidates: $745, Thoughts: $10988, Cached: $28084, Total: $66930 
2026-01-31 21:13:41 [32minfo[39m: Chunk 5 Cost - Prompt: $0.013557, Candidates: $0.002235, Thoughts: $0.032964, Cached: $0.001404, Total: $0.050160 
2026-01-31 21:13:41 [32minfo[39m: Processing chunk 6 of 23 
2026-01-31 21:13:41 [32minfo[39m: Chunk 6 Tokens - Prompt: $27113, Candidates: $941, Thoughts: $9836, Cached: $28084, Total: $65974 
2026-01-31 21:13:41 [32minfo[39m: Chunk 6 Cost - Prompt: $0.013557, Candidates: $0.002823, Thoughts: $0.029508, Cached: $0.001404, Total: $0.047292 
2026-01-31 21:13:41 [32minfo[39m: Processing chunk 7 of 23 
2026-01-31 21:13:41 [32minfo[39m: Chunk 7 Tokens - Prompt: $27113, Candidates: $627, Thoughts: $6250, Cached: $28084, Total: $62074 
2026-01-31 21:13:41 [32minfo[39m: Chunk 7 Cost - Prompt: $0.013557, Candidates: $0.001881, Thoughts: $0.018750, Cached: $0.001404, Total: $0.035592 
2026-01-31 21:13:41 [32minfo[39m: Processing chunk 8 of 23 
2026-01-31 21:13:41 [32minfo[39m: Chunk 8 Tokens - Prompt: $27113, Candidates: $734, Thoughts: $10117, Cached: $28084, Total: $66048 
2026-01-31 21:13:41 [32minfo[39m: Chunk 8 Cost - Prompt: $0.013557, Candidates: $0.002202, Thoughts: $0.030351, Cached: $0.001404, Total: $0.047514 
2026-01-31 21:13:41 [32minfo[39m: Processing chunk 9 of 23 
2026-01-31 21:13:41 [32minfo[39m: Chunk 9 Tokens - Prompt: $27113, Candidates: $1127, Thoughts: $4489, Cached: $28084, Total: $60813 
2026-01-31 21:13:41 [32minfo[39m: Chunk 9 Cost - Prompt: $0.013557, Candidates: $0.003381, Thoughts: $0.013467, Cached: $0.001404, Total: $0.031809 
2026-01-31 21:13:41 [32minfo[39m: Processing chunk 10 of 23 
2026-01-31 21:13:41 [32minfo[39m: Chunk 10 Tokens - Prompt: $27113, Candidates: $1077, Thoughts: $2100, Cached: $28084, Total: $58374 
2026-01-31 21:13:41 [32minfo[39m: Chunk 10 Cost - Prompt: $0.013557, Candidates: $0.003231, Thoughts: $0.006300, Cached: $0.001404, Total: $0.024492 
2026-01-31 21:13:41 [32minfo[39m: Processing chunk 11 of 23 
2026-01-31 21:13:41 [32minfo[39m: Chunk 11 Tokens - Prompt: $27113, Candidates: $745, Thoughts: $7673, Cached: $28084, Total: $63615 
2026-01-31 21:13:41 [32minfo[39m: Chunk 11 Cost - Prompt: $0.013557, Candidates: $0.002235, Thoughts: $0.023019, Cached: $0.001404, Total: $0.040215 
2026-01-31 21:13:41 [32minfo[39m: Processing chunk 12 of 23 
2026-01-31 21:13:41 [32minfo[39m: Chunk 12 Tokens - Prompt: $27113, Candidates: $838, Thoughts: $12777, Cached: $28084, Total: $68812 
2026-01-31 21:13:41 [32minfo[39m: Chunk 12 Cost - Prompt: $0.013557, Candidates: $0.002514, Thoughts: $0.038331, Cached: $0.001404, Total: $0.055806 
2026-01-31 21:13:41 [32minfo[39m: Processing chunk 13 of 23 
2026-01-31 21:13:41 [32minfo[39m: Chunk 13 Tokens - Prompt: $27113, Candidates: $365, Thoughts: $11778, Cached: $28084, Total: $67340 
2026-01-31 21:13:41 [32minfo[39m: Chunk 13 Cost - Prompt: $0.013557, Candidates: $0.001095, Thoughts: $0.035334, Cached: $0.001404, Total: $0.051390 
2026-01-31 21:13:41 [32minfo[39m: Processing chunk 14 of 23 
2026-01-31 21:13:41 [32minfo[39m: Chunk 14 Tokens - Prompt: $27113, Candidates: $442, Thoughts: $12896, Cached: $28084, Total: $68535 
2026-01-31 21:13:41 [32minfo[39m: Chunk 14 Cost - Prompt: $0.013557, Candidates: $0.001326, Thoughts: $0.038688, Cached: $0.001404, Total: $0.054975 
2026-01-31 21:13:41 [32minfo[39m: Processing chunk 15 of 23 
2026-01-31 21:13:41 [32minfo[39m: Chunk 15 Tokens - Prompt: $27113, Candidates: $678, Thoughts: $9324, Cached: $28084, Total: $65199 
2026-01-31 21:13:41 [32minfo[39m: Chunk 15 Cost - Prompt: $0.013557, Candidates: $0.002034, Thoughts: $0.027972, Cached: $0.001404, Total: $0.044967 
2026-01-31 21:13:41 [32minfo[39m: Processing chunk 16 of 23 
2026-01-31 21:13:41 [32minfo[39m: Chunk 16 Tokens - Prompt: $27113, Candidates: $548, Thoughts: $10679, Cached: $28084, Total: $66424 
2026-01-31 21:13:41 [32minfo[39m: Chunk 16 Cost - Prompt: $0.013557, Candidates: $0.001644, Thoughts: $0.032037, Cached: $0.001404, Total: $0.048642 
2026-01-31 21:13:41 [32minfo[39m: Processing chunk 17 of 23 
2026-01-31 21:13:41 [32minfo[39m: Chunk 17 Tokens - Prompt: $27113, Candidates: $1157, Thoughts: $5518, Cached: $28084, Total: $61872 
2026-01-31 21:13:41 [32minfo[39m: Chunk 17 Cost - Prompt: $0.013557, Candidates: $0.003471, Thoughts: $0.016554, Cached: $0.001404, Total: $0.034986 
2026-01-31 21:13:41 [32minfo[39m: Processing chunk 18 of 23 
2026-01-31 21:13:41 [32minfo[39m: Chunk 18 Tokens - Prompt: $27113, Candidates: $978, Thoughts: $3006, Cached: $28084, Total: $59181 
2026-01-31 21:13:41 [32minfo[39m: Chunk 18 Cost - Prompt: $0.013557, Candidates: $0.002934, Thoughts: $0.009018, Cached: $0.001404, Total: $0.026913 
2026-01-31 21:13:41 [32minfo[39m: Processing chunk 19 of 23 
2026-01-31 21:13:41 [32minfo[39m: Chunk 19 Tokens - Prompt: $27113, Candidates: $585, Thoughts: $13312, Cached: $28084, Total: $69094 
2026-01-31 21:13:41 [32minfo[39m: Chunk 19 Cost - Prompt: $0.013557, Candidates: $0.001755, Thoughts: $0.039936, Cached: $0.001404, Total: $0.056652 
2026-01-31 21:13:41 [32minfo[39m: Processing chunk 20 of 23 
2026-01-31 21:13:41 [32minfo[39m: Chunk 20 Tokens - Prompt: $27113, Candidates: $508, Thoughts: $5965, Cached: $28084, Total: $61670 
2026-01-31 21:13:41 [32minfo[39m: Chunk 20 Cost - Prompt: $0.013557, Candidates: $0.001524, Thoughts: $0.017895, Cached: $0.001404, Total: $0.034380 
2026-01-31 21:13:41 [32minfo[39m: Processing chunk 21 of 23 
2026-01-31 21:13:41 [32minfo[39m: Chunk 21 Tokens - Prompt: $27113, Candidates: $620, Thoughts: $4896, Cached: $28084, Total: $60713 
2026-01-31 21:13:41 [32minfo[39m: Chunk 21 Cost - Prompt: $0.013557, Candidates: $0.001860, Thoughts: $0.014688, Cached: $0.001404, Total: $0.031509 
2026-01-31 21:13:41 [32minfo[39m: Processing chunk 22 of 23 
2026-01-31 21:13:41 [32minfo[39m: Chunk 22 Tokens - Prompt: $27113, Candidates: $731, Thoughts: $13603, Cached: $28084, Total: $69531 
2026-01-31 21:13:41 [32minfo[39m: Chunk 22 Cost - Prompt: $0.013557, Candidates: $0.002193, Thoughts: $0.040809, Cached: $0.001404, Total: $0.057963 
2026-01-31 21:13:41 [32minfo[39m: Processing chunk 23 of 23 
2026-01-31 21:13:41 [32minfo[39m: Chunk 23 Tokens - Prompt: $27113, Candidates: $191, Thoughts: $7748, Cached: $28084, Total: $63136 
2026-01-31 21:13:41 [32minfo[39m: Chunk 23 Cost - Prompt: $0.013557, Candidates: $0.000573, Thoughts: $0.023244, Cached: $0.001404, Total: $0.038778 
2026-01-31 21:13:41 [32minfo[39m: Written combined response to /Users/ryanchiang/Sites/college-datasets/packages/parser/src/output/columbia_university/columbia_university.json with 136 keys 
2026-01-31 21:13:41 [32minfo[39m: Total cost: $0.944411 
2026-01-31 21:13:41 [32minfo[39m: Parsing university_of_virginia with file /Users/ryanchiang/Sites/college-datasets/packages/parser/data/cds-files/university_of_virginia_CDS_2024-2025_508.pdf and mime type application/pdf 
2026-01-31 21:13:41 [32minfo[39m: Uploading file /Users/ryanchiang/Sites/college-datasets/packages/parser/data/cds-files/university_of_virginia_CDS_2024-2025_508.pdf with mime type application/pdf 
2026-01-31 21:13:43 [32minfo[39m: File uploaded successfully: files/nfl3dtybrv51 | https://generativelanguage.googleapis.com/v1beta/files/nfl3dtybrv51 
2026-01-31 21:13:43 [32minfo[39m: Creating file cache for university_of_virginia_CDS_2024-2025_508.pdf... 
2026-01-31 21:13:44 [32minfo[39m: File cache for university_of_virginia_CDS_2024-2025_508.pdf created successfully! 
2026-01-31 21:13:44 [32minfo[39m: Splitting schema into 23 chunks of length 50 or less 
2026-01-31 21:13:44 [32minfo[39m: Sending 23 requests in parallel... 
2026-01-31 21:13:44 [32minfo[39m: Sending request for chunk 1 of 23 (undefined fields) 
2026-01-31 21:13:44 [32minfo[39m: Sending request for chunk 2 of 23 (undefined fields) 
2026-01-31 21:13:44 [32minfo[39m: Sending request for chunk 3 of 23 (undefined fields) 
2026-01-31 21:13:44 [32minfo[39m: Sending request for chunk 4 of 23 (undefined fields) 
2026-01-31 21:13:44 [32minfo[39m: Sending request for chunk 5 of 23 (undefined fields) 
2026-01-31 21:13:44 [32minfo[39m: Sending request for chunk 6 of 23 (undefined fields) 
2026-01-31 21:13:44 [32minfo[39m: Sending request for chunk 7 of 23 (undefined fields) 
2026-01-31 21:13:44 [32minfo[39m: Sending request for chunk 8 of 23 (undefined fields) 
2026-01-31 21:13:44 [32minfo[39m: Sending request for chunk 9 of 23 (undefined fields) 
2026-01-31 21:13:44 [32minfo[39m: Sending request for chunk 10 of 23 (undefined fields) 
2026-01-31 21:13:44 [32minfo[39m: Sending request for chunk 11 of 23 (undefined fields) 
2026-01-31 21:13:44 [32minfo[39m: Sending request for chunk 12 of 23 (undefined fields) 
2026-01-31 21:13:44 [32minfo[39m: Sending request for chunk 13 of 23 (undefined fields) 
2026-01-31 21:13:44 [32minfo[39m: Sending request for chunk 14 of 23 (undefined fields) 
2026-01-31 21:13:44 [32minfo[39m: Sending request for chunk 15 of 23 (undefined fields) 
2026-01-31 21:13:44 [32minfo[39m: Sending request for chunk 16 of 23 (undefined fields) 
2026-01-31 21:13:44 [32minfo[39m: Sending request for chunk 17 of 23 (undefined fields) 
2026-01-31 21:13:44 [32minfo[39m: Sending request for chunk 18 of 23 (undefined fields) 
2026-01-31 21:13:44 [32minfo[39m: Sending request for chunk 19 of 23 (undefined fields) 
2026-01-31 21:13:44 [32minfo[39m: Sending request for chunk 20 of 23 (undefined fields) 
2026-01-31 21:13:44 [32minfo[39m: Sending request for chunk 21 of 23 (undefined fields) 
2026-01-31 21:13:44 [32minfo[39m: Sending request for chunk 22 of 23 (undefined fields) 
2026-01-31 21:13:44 [32minfo[39m: Sending request for chunk 23 of 23 (undefined fields) 
2026-01-31 21:14:53 [32minfo[39m: Processing chunk 1 of 23 
2026-01-31 21:14:53 [32minfo[39m: Chunk 1 Tokens - Prompt: $23319, Candidates: $872, Thoughts: $2503, Cached: $24164, Total: $50858 
2026-01-31 21:14:53 [32minfo[39m: Chunk 1 Cost - Prompt: $0.011659, Candidates: $0.002616, Thoughts: $0.007509, Cached: $0.001208, Total: $0.022993 
2026-01-31 21:14:53 [32minfo[39m: Processing chunk 2 of 23 
2026-01-31 21:14:53 [32minfo[39m: Chunk 2 Tokens - Prompt: $23319, Candidates: $916, Thoughts: $6731, Cached: $24164, Total: $55130 
2026-01-31 21:14:53 [32minfo[39m: Chunk 2 Cost - Prompt: $0.011659, Candidates: $0.002748, Thoughts: $0.020193, Cached: $0.001208, Total: $0.035809 
2026-01-31 21:14:53 [32minfo[39m: Processing chunk 3 of 23 
2026-01-31 21:14:53 [32minfo[39m: Chunk 3 Tokens - Prompt: $23319, Candidates: $547, Thoughts: $10109, Cached: $24164, Total: $58139 
2026-01-31 21:14:53 [32minfo[39m: Chunk 3 Cost - Prompt: $0.011659, Candidates: $0.001641, Thoughts: $0.030327, Cached: $0.001208, Total: $0.044836 
2026-01-31 21:14:53 [32minfo[39m: Processing chunk 4 of 23 
2026-01-31 21:14:53 [32minfo[39m: Chunk 4 Tokens - Prompt: $23319, Candidates: $1088, Thoughts: $4635, Cached: $24164, Total: $53206 
2026-01-31 21:14:53 [32minfo[39m: Chunk 4 Cost - Prompt: $0.011659, Candidates: $0.003264, Thoughts: $0.013905, Cached: $0.001208, Total: $0.030037 
2026-01-31 21:14:53 [32minfo[39m: Processing chunk 5 of 23 
2026-01-31 21:14:53 [32minfo[39m: Chunk 5 Tokens - Prompt: $23319, Candidates: $978, Thoughts: $3347, Cached: $24164, Total: $51808 
2026-01-31 21:14:53 [32minfo[39m: Chunk 5 Cost - Prompt: $0.011659, Candidates: $0.002934, Thoughts: $0.010041, Cached: $0.001208, Total: $0.025843 
2026-01-31 21:14:53 [32minfo[39m: Processing chunk 6 of 23 
2026-01-31 21:14:53 [32minfo[39m: Chunk 6 Tokens - Prompt: $23319, Candidates: $974, Thoughts: $8333, Cached: $24164, Total: $56790 
2026-01-31 21:14:53 [32minfo[39m: Chunk 6 Cost - Prompt: $0.011659, Candidates: $0.002922, Thoughts: $0.024999, Cached: $0.001208, Total: $0.040789 
2026-01-31 21:14:53 [32minfo[39m: Processing chunk 7 of 23 
2026-01-31 21:14:53 [32minfo[39m: Chunk 7 Tokens - Prompt: $23319, Candidates: $627, Thoughts: $3036, Cached: $24164, Total: $51146 
2026-01-31 21:14:53 [32minfo[39m: Chunk 7 Cost - Prompt: $0.011659, Candidates: $0.001881, Thoughts: $0.009108, Cached: $0.001208, Total: $0.023857 
2026-01-31 21:14:53 [32minfo[39m: Processing chunk 8 of 23 
2026-01-31 21:14:53 [32minfo[39m: Chunk 8 Tokens - Prompt: $23319, Candidates: $494, Thoughts: $130, Cached: $24164, Total: $48107 
2026-01-31 21:14:53 [32minfo[39m: Chunk 8 Cost - Prompt: $0.011659, Candidates: $0.001482, Thoughts: $0.000390, Cached: $0.001208, Total: $0.014740 
2026-01-31 21:14:53 [32minfo[39m: Processing chunk 9 of 23 
2026-01-31 21:14:53 [32minfo[39m: Chunk 9 Tokens - Prompt: $23319, Candidates: $721, Thoughts: $4116, Cached: $24164, Total: $52320 
2026-01-31 21:14:53 [32minfo[39m: Chunk 9 Cost - Prompt: $0.011659, Candidates: $0.002163, Thoughts: $0.012348, Cached: $0.001208, Total: $0.027379 
2026-01-31 21:14:53 [32minfo[39m: Processing chunk 10 of 23 
2026-01-31 21:14:53 [32minfo[39m: Chunk 10 Tokens - Prompt: $23319, Candidates: $1121, Thoughts: $10090, Cached: $24164, Total: $58694 
2026-01-31 21:14:53 [32minfo[39m: Chunk 10 Cost - Prompt: $0.011659, Candidates: $0.003363, Thoughts: $0.030270, Cached: $0.001208, Total: $0.046501 
2026-01-31 21:14:53 [32minfo[39m: Processing chunk 11 of 23 
2026-01-31 21:14:53 [32minfo[39m: Chunk 11 Tokens - Prompt: $23319, Candidates: $732, Thoughts: $6401, Cached: $24164, Total: $54616 
2026-01-31 21:14:53 [32minfo[39m: Chunk 11 Cost - Prompt: $0.011659, Candidates: $0.002196, Thoughts: $0.019203, Cached: $0.001208, Total: $0.034267 
2026-01-31 21:14:53 [32minfo[39m: Processing chunk 12 of 23 
2026-01-31 21:14:53 [32minfo[39m: Chunk 12 Tokens - Prompt: $23319, Candidates: $828, Thoughts: $77, Cached: $24164, Total: $48388 
2026-01-31 21:14:53 [32minfo[39m: Chunk 12 Cost - Prompt: $0.011659, Candidates: $0.002484, Thoughts: $0.000231, Cached: $0.001208, Total: $0.015583 
2026-01-31 21:14:53 [32minfo[39m: Processing chunk 13 of 23 
2026-01-31 21:14:53 [32minfo[39m: Chunk 13 Tokens - Prompt: $23319, Candidates: $488, Thoughts: $9180, Cached: $24164, Total: $57151 
2026-01-31 21:14:53 [32minfo[39m: Chunk 13 Cost - Prompt: $0.011659, Candidates: $0.001464, Thoughts: $0.027540, Cached: $0.001208, Total: $0.041872 
2026-01-31 21:14:53 [32minfo[39m: Processing chunk 14 of 23 
2026-01-31 21:14:53 [32minfo[39m: Chunk 14 Tokens - Prompt: $23319, Candidates: $580, Thoughts: $6077, Cached: $24164, Total: $54140 
2026-01-31 21:14:53 [32minfo[39m: Chunk 14 Cost - Prompt: $0.011659, Candidates: $0.001740, Thoughts: $0.018231, Cached: $0.001208, Total: $0.032839 
2026-01-31 21:14:53 [32minfo[39m: Processing chunk 15 of 23 
2026-01-31 21:14:53 [32minfo[39m: Chunk 15 Tokens - Prompt: $23319, Candidates: $712, Thoughts: $10633, Cached: $24164, Total: $58828 
2026-01-31 21:14:53 [32minfo[39m: Chunk 15 Cost - Prompt: $0.011659, Candidates: $0.002136, Thoughts: $0.031899, Cached: $0.001208, Total: $0.046903 
2026-01-31 21:14:53 [32minfo[39m: Processing chunk 16 of 23 
2026-01-31 21:14:53 [32minfo[39m: Chunk 16 Tokens - Prompt: $23319, Candidates: $474, Thoughts: $9890, Cached: $24164, Total: $57847 
2026-01-31 21:14:53 [32minfo[39m: Chunk 16 Cost - Prompt: $0.011659, Candidates: $0.001422, Thoughts: $0.029670, Cached: $0.001208, Total: $0.043960 
2026-01-31 21:14:53 [32minfo[39m: Processing chunk 17 of 23 
2026-01-31 21:14:53 [32minfo[39m: Chunk 17 Tokens - Prompt: $23319, Candidates: $1026, Thoughts: $5663, Cached: $24164, Total: $54172 
2026-01-31 21:14:53 [32minfo[39m: Chunk 17 Cost - Prompt: $0.011659, Candidates: $0.003078, Thoughts: $0.016989, Cached: $0.001208, Total: $0.032935 
2026-01-31 21:14:53 [32minfo[39m: Processing chunk 18 of 23 
2026-01-31 21:14:53 [32minfo[39m: Chunk 18 Tokens - Prompt: $23319, Candidates: $947, Thoughts: $5857, Cached: $24164, Total: $54287 
2026-01-31 21:14:53 [32minfo[39m: Chunk 18 Cost - Prompt: $0.011659, Candidates: $0.002841, Thoughts: $0.017571, Cached: $0.001208, Total: $0.033280 
2026-01-31 21:14:53 [32minfo[39m: Processing chunk 19 of 23 
2026-01-31 21:14:53 [32minfo[39m: Chunk 19 Tokens - Prompt: $23319, Candidates: $833, Thoughts: $3787, Cached: $24164, Total: $52103 
2026-01-31 21:14:53 [32minfo[39m: Chunk 19 Cost - Prompt: $0.011659, Candidates: $0.002499, Thoughts: $0.011361, Cached: $0.001208, Total: $0.026728 
2026-01-31 21:14:53 [32minfo[39m: Processing chunk 20 of 23 
2026-01-31 21:14:53 [32minfo[39m: Chunk 20 Tokens - Prompt: $23319, Candidates: $364, Thoughts: $57, Cached: $24164, Total: $47904 
2026-01-31 21:14:53 [32minfo[39m: Chunk 20 Cost - Prompt: $0.011659, Candidates: $0.001092, Thoughts: $0.000171, Cached: $0.001208, Total: $0.014131 
2026-01-31 21:14:53 [32minfo[39m: Processing chunk 21 of 23 
2026-01-31 21:14:53 [32minfo[39m: Chunk 21 Tokens - Prompt: $23319, Candidates: $615, Thoughts: $9798, Cached: $24164, Total: $57896 
2026-01-31 21:14:53 [32minfo[39m: Chunk 21 Cost - Prompt: $0.011659, Candidates: $0.001845, Thoughts: $0.029394, Cached: $0.001208, Total: $0.044107 
2026-01-31 21:14:53 [32minfo[39m: Processing chunk 22 of 23 
2026-01-31 21:14:53 [32minfo[39m: Chunk 22 Tokens - Prompt: $23319, Candidates: $730, Thoughts: $11548, Cached: $24164, Total: $59761 
2026-01-31 21:14:53 [32minfo[39m: Chunk 22 Cost - Prompt: $0.011659, Candidates: $0.002190, Thoughts: $0.034644, Cached: $0.001208, Total: $0.049702 
2026-01-31 21:14:53 [32minfo[39m: Processing chunk 23 of 23 
2026-01-31 21:14:53 [32minfo[39m: Chunk 23 Tokens - Prompt: $23319, Candidates: $189, Thoughts: $2384, Cached: $24164, Total: $50056 
2026-01-31 21:14:53 [32minfo[39m: Chunk 23 Cost - Prompt: $0.011659, Candidates: $0.000567, Thoughts: $0.007152, Cached: $0.001208, Total: $0.020587 
2026-01-31 21:14:53 [32minfo[39m: Written combined response to /Users/ryanchiang/Sites/college-datasets/packages/parser/src/output/university_of_virginia/university_of_virginia.json with 136 keys 
2026-01-31 21:14:53 [32minfo[39m: Total cost: $0.749671 
2026-01-31 21:14:53 [32minfo[39m: Parsing brown_university with file /Users/ryanchiang/Sites/college-datasets/packages/parser/data/cds-files/brown_university_CDS_2024_2025.pdf and mime type application/pdf 
2026-01-31 21:14:53 [32minfo[39m: Uploading file /Users/ryanchiang/Sites/college-datasets/packages/parser/data/cds-files/brown_university_CDS_2024_2025.pdf with mime type application/pdf 
2026-01-31 21:14:55 [32minfo[39m: File uploaded successfully: files/jqwwfks8u6mv | https://generativelanguage.googleapis.com/v1beta/files/jqwwfks8u6mv 
2026-01-31 21:14:55 [32minfo[39m: Creating file cache for brown_university_CDS_2024_2025.pdf... 
2026-01-31 21:14:56 [32minfo[39m: File cache for brown_university_CDS_2024_2025.pdf created successfully! 
2026-01-31 21:14:56 [32minfo[39m: Splitting schema into 23 chunks of length 50 or less 
2026-01-31 21:14:56 [32minfo[39m: Sending 23 requests in parallel... 
2026-01-31 21:14:56 [32minfo[39m: Sending request for chunk 1 of 23 (undefined fields) 
2026-01-31 21:14:56 [32minfo[39m: Sending request for chunk 2 of 23 (undefined fields) 
2026-01-31 21:14:56 [32minfo[39m: Sending request for chunk 3 of 23 (undefined fields) 
2026-01-31 21:14:56 [32minfo[39m: Sending request for chunk 4 of 23 (undefined fields) 
2026-01-31 21:14:56 [32minfo[39m: Sending request for chunk 5 of 23 (undefined fields) 
2026-01-31 21:14:56 [32minfo[39m: Sending request for chunk 6 of 23 (undefined fields) 
2026-01-31 21:14:56 [32minfo[39m: Sending request for chunk 7 of 23 (undefined fields) 
2026-01-31 21:14:56 [32minfo[39m: Sending request for chunk 8 of 23 (undefined fields) 
2026-01-31 21:14:56 [32minfo[39m: Sending request for chunk 9 of 23 (undefined fields) 
2026-01-31 21:14:56 [32minfo[39m: Sending request for chunk 10 of 23 (undefined fields) 
2026-01-31 21:14:56 [32minfo[39m: Sending request for chunk 11 of 23 (undefined fields) 
2026-01-31 21:14:56 [32minfo[39m: Sending request for chunk 12 of 23 (undefined fields) 
2026-01-31 21:14:56 [32minfo[39m: Sending request for chunk 13 of 23 (undefined fields) 
2026-01-31 21:14:56 [32minfo[39m: Sending request for chunk 14 of 23 (undefined fields) 
2026-01-31 21:14:56 [32minfo[39m: Sending request for chunk 15 of 23 (undefined fields) 
2026-01-31 21:14:56 [32minfo[39m: Sending request for chunk 16 of 23 (undefined fields) 
2026-01-31 21:14:56 [32minfo[39m: Sending request for chunk 17 of 23 (undefined fields) 
2026-01-31 21:14:56 [32minfo[39m: Sending request for chunk 18 of 23 (undefined fields) 
2026-01-31 21:14:56 [32minfo[39m: Sending request for chunk 19 of 23 (undefined fields) 
2026-01-31 21:14:56 [32minfo[39m: Sending request for chunk 20 of 23 (undefined fields) 
2026-01-31 21:14:56 [32minfo[39m: Sending request for chunk 21 of 23 (undefined fields) 
2026-01-31 21:14:56 [32minfo[39m: Sending request for chunk 22 of 23 (undefined fields) 
2026-01-31 21:14:56 [32minfo[39m: Sending request for chunk 23 of 23 (undefined fields) 
2026-01-31 21:16:25 [32minfo[39m: Processing chunk 1 of 23 
2026-01-31 21:16:25 [32minfo[39m: Chunk 1 Tokens - Prompt: $20067, Candidates: $662, Thoughts: $2779, Cached: $20804, Total: $44312 
2026-01-31 21:16:25 [32minfo[39m: Chunk 1 Cost - Prompt: $0.010034, Candidates: $0.001986, Thoughts: $0.008337, Cached: $0.001040, Total: $0.021397 
2026-01-31 21:16:25 [32minfo[39m: Processing chunk 2 of 23 
2026-01-31 21:16:25 [32minfo[39m: Chunk 2 Tokens - Prompt: $20067, Candidates: $905, Thoughts: $7379, Cached: $20804, Total: $49155 
2026-01-31 21:16:25 [32minfo[39m: Chunk 2 Cost - Prompt: $0.010034, Candidates: $0.002715, Thoughts: $0.022137, Cached: $0.001040, Total: $0.035926 
2026-01-31 21:16:25 [32minfo[39m: Processing chunk 3 of 23 
2026-01-31 21:16:25 [32minfo[39m: Chunk 3 Tokens - Prompt: $20067, Candidates: $531, Thoughts: $2348, Cached: $20804, Total: $43750 
2026-01-31 21:16:25 [32minfo[39m: Chunk 3 Cost - Prompt: $0.010034, Candidates: $0.001593, Thoughts: $0.007044, Cached: $0.001040, Total: $0.019711 
2026-01-31 21:16:25 [32minfo[39m: Processing chunk 4 of 23 
2026-01-31 21:16:25 [32minfo[39m: Chunk 4 Tokens - Prompt: $20067, Candidates: $1073, Thoughts: $4038, Cached: $20804, Total: $45982 
2026-01-31 21:16:25 [32minfo[39m: Chunk 4 Cost - Prompt: $0.010034, Candidates: $0.003219, Thoughts: $0.012114, Cached: $0.001040, Total: $0.026407 
2026-01-31 21:16:25 [32minfo[39m: Processing chunk 5 of 23 
2026-01-31 21:16:25 [32minfo[39m: Chunk 5 Tokens - Prompt: $20067, Candidates: $978, Thoughts: $8885, Cached: $20804, Total: $50734 
2026-01-31 21:16:25 [32minfo[39m: Chunk 5 Cost - Prompt: $0.010034, Candidates: $0.002934, Thoughts: $0.026655, Cached: $0.001040, Total: $0.040663 
2026-01-31 21:16:25 [32minfo[39m: Processing chunk 6 of 23 
2026-01-31 21:16:25 [32minfo[39m: Chunk 6 Tokens - Prompt: $20067, Candidates: $968, Thoughts: $10273, Cached: $20804, Total: $52112 
2026-01-31 21:16:25 [32minfo[39m: Chunk 6 Cost - Prompt: $0.010034, Candidates: $0.002904, Thoughts: $0.030819, Cached: $0.001040, Total: $0.044797 
2026-01-31 21:16:25 [32minfo[39m: Processing chunk 7 of 23 
2026-01-31 21:16:25 [32minfo[39m: Chunk 7 Tokens - Prompt: $20067, Candidates: $430, Thoughts: $7566, Cached: $20804, Total: $48867 
2026-01-31 21:16:25 [32minfo[39m: Chunk 7 Cost - Prompt: $0.010034, Candidates: $0.001290, Thoughts: $0.022698, Cached: $0.001040, Total: $0.035062 
2026-01-31 21:16:25 [32minfo[39m: Processing chunk 8 of 23 
2026-01-31 21:16:25 [32minfo[39m: Chunk 8 Tokens - Prompt: $20067, Candidates: $769, Thoughts: $8302, Cached: $20804, Total: $49942 
2026-01-31 21:16:25 [32minfo[39m: Chunk 8 Cost - Prompt: $0.010034, Candidates: $0.002307, Thoughts: $0.024906, Cached: $0.001040, Total: $0.038287 
2026-01-31 21:16:25 [32minfo[39m: Processing chunk 9 of 23 
2026-01-31 21:16:25 [32minfo[39m: Chunk 9 Tokens - Prompt: $20067, Candidates: $1096, Thoughts: $7873, Cached: $20804, Total: $49840 
2026-01-31 21:16:25 [32minfo[39m: Chunk 9 Cost - Prompt: $0.010034, Candidates: $0.003288, Thoughts: $0.023619, Cached: $0.001040, Total: $0.037981 
2026-01-31 21:16:25 [32minfo[39m: Processing chunk 10 of 23 
2026-01-31 21:16:25 [32minfo[39m: Chunk 10 Tokens - Prompt: $20067, Candidates: $1138, Thoughts: $11045, Cached: $20804, Total: $53054 
2026-01-31 21:16:25 [32minfo[39m: Chunk 10 Cost - Prompt: $0.010034, Candidates: $0.003414, Thoughts: $0.033135, Cached: $0.001040, Total: $0.047623 
2026-01-31 21:16:25 [32minfo[39m: Processing chunk 11 of 23 
2026-01-31 21:16:25 [32minfo[39m: Chunk 11 Tokens - Prompt: $20067, Candidates: $730, Thoughts: $6272, Cached: $20804, Total: $47873 
2026-01-31 21:16:25 [32minfo[39m: Chunk 11 Cost - Prompt: $0.010034, Candidates: $0.002190, Thoughts: $0.018816, Cached: $0.001040, Total: $0.032080 
2026-01-31 21:16:25 [32minfo[39m: Processing chunk 12 of 23 
2026-01-31 21:16:25 [32minfo[39m: Chunk 12 Tokens - Prompt: $20067, Candidates: $852, Thoughts: $6877, Cached: $20804, Total: $48600 
2026-01-31 21:16:25 [32minfo[39m: Chunk 12 Cost - Prompt: $0.010034, Candidates: $0.002556, Thoughts: $0.020631, Cached: $0.001040, Total: $0.034261 
2026-01-31 21:16:25 [32minfo[39m: Processing chunk 13 of 23 
2026-01-31 21:16:25 [32minfo[39m: Chunk 13 Tokens - Prompt: $20067, Candidates: $725, Thoughts: $6967, Cached: $20804, Total: $48563 
2026-01-31 21:16:25 [32minfo[39m: Chunk 13 Cost - Prompt: $0.010034, Candidates: $0.002175, Thoughts: $0.020901, Cached: $0.001040, Total: $0.034150 
2026-01-31 21:16:25 [32minfo[39m: Processing chunk 14 of 23 
2026-01-31 21:16:25 [32minfo[39m: Chunk 14 Tokens - Prompt: $20067, Candidates: $608, Thoughts: $4403, Cached: $20804, Total: $45882 
2026-01-31 21:16:25 [32minfo[39m: Chunk 14 Cost - Prompt: $0.010034, Candidates: $0.001824, Thoughts: $0.013209, Cached: $0.001040, Total: $0.026107 
2026-01-31 21:16:25 [32minfo[39m: Processing chunk 15 of 23 
2026-01-31 21:16:25 [32minfo[39m: Chunk 15 Tokens - Prompt: $20067, Candidates: $866, Thoughts: $13063, Cached: $20804, Total: $54800 
2026-01-31 21:16:25 [32minfo[39m: Chunk 15 Cost - Prompt: $0.010034, Candidates: $0.002598, Thoughts: $0.039189, Cached: $0.001040, Total: $0.052861 
2026-01-31 21:16:25 [32minfo[39m: Processing chunk 16 of 23 
2026-01-31 21:16:25 [32minfo[39m: Chunk 16 Tokens - Prompt: $20067, Candidates: $487, Thoughts: $11421, Cached: $20804, Total: $52779 
2026-01-31 21:16:25 [32minfo[39m: Chunk 16 Cost - Prompt: $0.010034, Candidates: $0.001461, Thoughts: $0.034263, Cached: $0.001040, Total: $0.046798 
2026-01-31 21:16:25 [32minfo[39m: Processing chunk 17 of 23 
2026-01-31 21:16:25 [32minfo[39m: Chunk 17 Tokens - Prompt: $20067, Candidates: $1087, Thoughts: $9034, Cached: $20804, Total: $50992 
2026-01-31 21:16:25 [32minfo[39m: Chunk 17 Cost - Prompt: $0.010034, Candidates: $0.003261, Thoughts: $0.027102, Cached: $0.001040, Total: $0.041437 
2026-01-31 21:16:25 [32minfo[39m: Processing chunk 18 of 23 
2026-01-31 21:16:25 [32minfo[39m: Chunk 18 Tokens - Prompt: $20067, Candidates: $949, Thoughts: $5782, Cached: $20804, Total: $47602 
2026-01-31 21:16:25 [32minfo[39m: Chunk 18 Cost - Prompt: $0.010034, Candidates: $0.002847, Thoughts: $0.017346, Cached: $0.001040, Total: $0.031267 
2026-01-31 21:16:25 [32minfo[39m: Processing chunk 19 of 23 
2026-01-31 21:16:25 [32minfo[39m: Chunk 19 Tokens - Prompt: $20067, Candidates: $650, Thoughts: $8725, Cached: $20804, Total: $50246 
2026-01-31 21:16:25 [32minfo[39m: Chunk 19 Cost - Prompt: $0.010034, Candidates: $0.001950, Thoughts: $0.026175, Cached: $0.001040, Total: $0.039199 
2026-01-31 21:16:25 [32minfo[39m: Processing chunk 20 of 23 
2026-01-31 21:16:25 [32minfo[39m: Chunk 20 Tokens - Prompt: $20067, Candidates: $349, Thoughts: $14636, Cached: $20804, Total: $55856 
2026-01-31 21:16:25 [32minfo[39m: Chunk 20 Cost - Prompt: $0.010034, Candidates: $0.001047, Thoughts: $0.043908, Cached: $0.001040, Total: $0.056029 
2026-01-31 21:16:25 [32minfo[39m: Processing chunk 21 of 23 
2026-01-31 21:16:25 [32minfo[39m: Chunk 21 Tokens - Prompt: $20067, Candidates: $577, Thoughts: $6527, Cached: $20804, Total: $47975 
2026-01-31 21:16:25 [32minfo[39m: Chunk 21 Cost - Prompt: $0.010034, Candidates: $0.001731, Thoughts: $0.019581, Cached: $0.001040, Total: $0.032386 
2026-01-31 21:16:25 [32minfo[39m: Processing chunk 22 of 23 
2026-01-31 21:16:25 [32minfo[39m: Chunk 22 Tokens - Prompt: $20067, Candidates: $1011, Thoughts: $7119, Cached: $20804, Total: $49001 
2026-01-31 21:16:25 [32minfo[39m: Chunk 22 Cost - Prompt: $0.010034, Candidates: $0.003033, Thoughts: $0.021357, Cached: $0.001040, Total: $0.035464 
2026-01-31 21:16:25 [32minfo[39m: Processing chunk 23 of 23 
2026-01-31 21:16:25 [32minfo[39m: Chunk 23 Tokens - Prompt: $20067, Candidates: $110, Thoughts: $10290, Cached: $20804, Total: $51271 
2026-01-31 21:16:25 [32minfo[39m: Chunk 23 Cost - Prompt: $0.010034, Candidates: $0.000330, Thoughts: $0.030870, Cached: $0.001040, Total: $0.042274 
2026-01-31 21:16:25 [32minfo[39m: Written combined response to /Users/ryanchiang/Sites/college-datasets/packages/parser/src/output/brown_university/brown_university.json with 137 keys 
2026-01-31 21:16:25 [32minfo[39m: Total cost: $0.852160 
2026-01-31 21:16:25 [32minfo[39m: Parsing purdue_university with file /Users/ryanchiang/Sites/college-datasets/packages/parser/data/cds-files/purdue_university_CDS_2025-2026.pdf and mime type application/pdf 
2026-01-31 21:16:25 [32minfo[39m: Uploading file /Users/ryanchiang/Sites/college-datasets/packages/parser/data/cds-files/purdue_university_CDS_2025-2026.pdf with mime type application/pdf 
2026-01-31 21:16:27 [32minfo[39m: File uploaded successfully: files/6yg3gc773xfh | https://generativelanguage.googleapis.com/v1beta/files/6yg3gc773xfh 
2026-01-31 21:16:27 [32minfo[39m: Creating file cache for purdue_university_CDS_2025-2026.pdf... 
2026-01-31 21:16:28 [32minfo[39m: File cache for purdue_university_CDS_2025-2026.pdf created successfully! 
2026-01-31 21:16:28 [32minfo[39m: Splitting schema into 23 chunks of length 50 or less 
2026-01-31 21:16:28 [32minfo[39m: Sending 23 requests in parallel... 
2026-01-31 21:16:28 [32minfo[39m: Sending request for chunk 1 of 23 (undefined fields) 
2026-01-31 21:16:28 [32minfo[39m: Sending request for chunk 2 of 23 (undefined fields) 
2026-01-31 21:16:28 [32minfo[39m: Sending request for chunk 3 of 23 (undefined fields) 
2026-01-31 21:16:28 [32minfo[39m: Sending request for chunk 4 of 23 (undefined fields) 
2026-01-31 21:16:28 [32minfo[39m: Sending request for chunk 5 of 23 (undefined fields) 
2026-01-31 21:16:28 [32minfo[39m: Sending request for chunk 6 of 23 (undefined fields) 
2026-01-31 21:16:28 [32minfo[39m: Sending request for chunk 7 of 23 (undefined fields) 
2026-01-31 21:16:28 [32minfo[39m: Sending request for chunk 8 of 23 (undefined fields) 
2026-01-31 21:16:28 [32minfo[39m: Sending request for chunk 9 of 23 (undefined fields) 
2026-01-31 21:16:28 [32minfo[39m: Sending request for chunk 10 of 23 (undefined fields) 
2026-01-31 21:16:28 [32minfo[39m: Sending request for chunk 11 of 23 (undefined fields) 
2026-01-31 21:16:28 [32minfo[39m: Sending request for chunk 12 of 23 (undefined fields) 
2026-01-31 21:16:28 [32minfo[39m: Sending request for chunk 13 of 23 (undefined fields) 
2026-01-31 21:16:28 [32minfo[39m: Sending request for chunk 14 of 23 (undefined fields) 
2026-01-31 21:16:28 [32minfo[39m: Sending request for chunk 15 of 23 (undefined fields) 
2026-01-31 21:16:28 [32minfo[39m: Sending request for chunk 16 of 23 (undefined fields) 
2026-01-31 21:16:28 [32minfo[39m: Sending request for chunk 17 of 23 (undefined fields) 
2026-01-31 21:16:28 [32minfo[39m: Sending request for chunk 18 of 23 (undefined fields) 
2026-01-31 21:16:28 [32minfo[39m: Sending request for chunk 19 of 23 (undefined fields) 
2026-01-31 21:16:28 [32minfo[39m: Sending request for chunk 20 of 23 (undefined fields) 
2026-01-31 21:16:28 [32minfo[39m: Sending request for chunk 21 of 23 (undefined fields) 
2026-01-31 21:16:28 [32minfo[39m: Sending request for chunk 22 of 23 (undefined fields) 
2026-01-31 21:16:28 [32minfo[39m: Sending request for chunk 23 of 23 (undefined fields) 
2026-01-31 21:18:19 [32minfo[39m: Processing chunk 1 of 23 
2026-01-31 21:18:19 [32minfo[39m: Chunk 1 Tokens - Prompt: $20067, Candidates: $881, Thoughts: $7840, Cached: $20804, Total: $49592 
2026-01-31 21:18:19 [32minfo[39m: Chunk 1 Cost - Prompt: $0.010034, Candidates: $0.002643, Thoughts: $0.023520, Cached: $0.001040, Total: $0.037237 
2026-01-31 21:18:19 [32minfo[39m: Processing chunk 2 of 23 
2026-01-31 21:18:19 [32minfo[39m: Chunk 2 Tokens - Prompt: $20067, Candidates: $923, Thoughts: $95, Cached: $20804, Total: $41889 
2026-01-31 21:18:19 [32minfo[39m: Chunk 2 Cost - Prompt: $0.010034, Candidates: $0.002769, Thoughts: $0.000285, Cached: $0.001040, Total: $0.014128 
2026-01-31 21:18:19 [32minfo[39m: Processing chunk 3 of 23 
2026-01-31 21:18:19 [32minfo[39m: Chunk 3 Tokens - Prompt: $20067, Candidates: $544, Thoughts: $108, Cached: $20804, Total: $41523 
2026-01-31 21:18:19 [32minfo[39m: Chunk 3 Cost - Prompt: $0.010034, Candidates: $0.001632, Thoughts: $0.000324, Cached: $0.001040, Total: $0.013030 
2026-01-31 21:18:19 [32minfo[39m: Processing chunk 4 of 23 
2026-01-31 21:18:19 [32minfo[39m: Chunk 4 Tokens - Prompt: $20067, Candidates: $1100, Thoughts: $6447, Cached: $20804, Total: $48418 
2026-01-31 21:18:19 [32minfo[39m: Chunk 4 Cost - Prompt: $0.010034, Candidates: $0.003300, Thoughts: $0.019341, Cached: $0.001040, Total: $0.033715 
2026-01-31 21:18:19 [32minfo[39m: Processing chunk 5 of 23 
2026-01-31 21:18:19 [32minfo[39m: Chunk 5 Tokens - Prompt: $20067, Candidates: $982, Thoughts: $11788, Cached: $20804, Total: $53641 
2026-01-31 21:18:19 [32minfo[39m: Chunk 5 Cost - Prompt: $0.010034, Candidates: $0.002946, Thoughts: $0.035364, Cached: $0.001040, Total: $0.049384 
2026-01-31 21:18:19 [32minfo[39m: Processing chunk 6 of 23 
2026-01-31 21:18:19 [32minfo[39m: Chunk 6 Tokens - Prompt: $20067, Candidates: $817, Thoughts: $14983, Cached: $20804, Total: $56671 
2026-01-31 21:18:19 [32minfo[39m: Chunk 6 Cost - Prompt: $0.010034, Candidates: $0.002451, Thoughts: $0.044949, Cached: $0.001040, Total: $0.058474 
2026-01-31 21:18:19 [32minfo[39m: Processing chunk 7 of 23 
2026-01-31 21:18:19 [32minfo[39m: Chunk 7 Tokens - Prompt: $20067, Candidates: $620, Thoughts: $11944, Cached: $20804, Total: $53435 
2026-01-31 21:18:19 [32minfo[39m: Chunk 7 Cost - Prompt: $0.010034, Candidates: $0.001860, Thoughts: $0.035832, Cached: $0.001040, Total: $0.048766 
2026-01-31 21:18:19 [32minfo[39m: Processing chunk 8 of 23 
2026-01-31 21:18:19 [32minfo[39m: Chunk 8 Tokens - Prompt: $20067, Candidates: $783, Thoughts: $5605, Cached: $20804, Total: $47259 
2026-01-31 21:18:19 [32minfo[39m: Chunk 8 Cost - Prompt: $0.010034, Candidates: $0.002349, Thoughts: $0.016815, Cached: $0.001040, Total: $0.030238 
2026-01-31 21:18:19 [32minfo[39m: Processing chunk 9 of 23 
2026-01-31 21:18:19 [32minfo[39m: Chunk 9 Tokens - Prompt: $20067, Candidates: $1243, Thoughts: $11453, Cached: $20804, Total: $53567 
2026-01-31 21:18:19 [32minfo[39m: Chunk 9 Cost - Prompt: $0.010034, Candidates: $0.003729, Thoughts: $0.034359, Cached: $0.001040, Total: $0.049162 
2026-01-31 21:18:19 [32minfo[39m: Processing chunk 10 of 23 
2026-01-31 21:18:19 [32minfo[39m: Chunk 10 Tokens - Prompt: $20067, Candidates: $1105, Thoughts: $10287, Cached: $20804, Total: $52263 
2026-01-31 21:18:19 [32minfo[39m: Chunk 10 Cost - Prompt: $0.010034, Candidates: $0.003315, Thoughts: $0.030861, Cached: $0.001040, Total: $0.045250 
2026-01-31 21:18:19 [32minfo[39m: Processing chunk 11 of 23 
2026-01-31 21:18:19 [32minfo[39m: Chunk 11 Tokens - Prompt: $20067, Candidates: $748, Thoughts: $4129, Cached: $20804, Total: $45748 
2026-01-31 21:18:19 [32minfo[39m: Chunk 11 Cost - Prompt: $0.010034, Candidates: $0.002244, Thoughts: $0.012387, Cached: $0.001040, Total: $0.025705 
2026-01-31 21:18:19 [32minfo[39m: Processing chunk 12 of 23 
2026-01-31 21:18:19 [32minfo[39m: Chunk 12 Tokens - Prompt: $20067, Candidates: $830, Thoughts: $9741, Cached: $20804, Total: $51442 
2026-01-31 21:18:19 [32minfo[39m: Chunk 12 Cost - Prompt: $0.010034, Candidates: $0.002490, Thoughts: $0.029223, Cached: $0.001040, Total: $0.042787 
2026-01-31 21:18:19 [32minfo[39m: Processing chunk 13 of 23 
2026-01-31 21:18:19 [32minfo[39m: Chunk 13 Tokens - Prompt: $20067, Candidates: $513, Thoughts: $5162, Cached: $20804, Total: $46546 
2026-01-31 21:18:19 [32minfo[39m: Chunk 13 Cost - Prompt: $0.010034, Candidates: $0.001539, Thoughts: $0.015486, Cached: $0.001040, Total: $0.028099 
2026-01-31 21:18:19 [32minfo[39m: Processing chunk 14 of 23 
2026-01-31 21:18:19 [32minfo[39m: Chunk 14 Tokens - Prompt: $20067, Candidates: $585, Thoughts: $6501, Cached: $20804, Total: $47957 
2026-01-31 21:18:19 [32minfo[39m: Chunk 14 Cost - Prompt: $0.010034, Candidates: $0.001755, Thoughts: $0.019503, Cached: $0.001040, Total: $0.032332 
2026-01-31 21:18:19 [32minfo[39m: Processing chunk 15 of 23 
2026-01-31 21:18:19 [32minfo[39m: Chunk 15 Tokens - Prompt: $20067, Candidates: $711, Thoughts: $9760, Cached: $20804, Total: $51342 
2026-01-31 21:18:19 [32minfo[39m: Chunk 15 Cost - Prompt: $0.010034, Candidates: $0.002133, Thoughts: $0.029280, Cached: $0.001040, Total: $0.042487 
2026-01-31 21:18:19 [32minfo[39m: Processing chunk 16 of 23 
2026-01-31 21:18:19 [32minfo[39m: Chunk 16 Tokens - Prompt: $20067, Candidates: $546, Thoughts: $12446, Cached: $20804, Total: $53863 
2026-01-31 21:18:19 [32minfo[39m: Chunk 16 Cost - Prompt: $0.010034, Candidates: $0.001638, Thoughts: $0.037338, Cached: $0.001040, Total: $0.050050 
2026-01-31 21:18:19 [32minfo[39m: Processing chunk 17 of 23 
2026-01-31 21:18:19 [32minfo[39m: Chunk 17 Tokens - Prompt: $20067, Candidates: $1227, Thoughts: $2681, Cached: $20804, Total: $44779 
2026-01-31 21:18:19 [32minfo[39m: Chunk 17 Cost - Prompt: $0.010034, Candidates: $0.003681, Thoughts: $0.008043, Cached: $0.001040, Total: $0.022798 
2026-01-31 21:18:19 [32minfo[39m: Processing chunk 18 of 23 
2026-01-31 21:18:19 [32minfo[39m: Chunk 18 Tokens - Prompt: $20067, Candidates: $989, Thoughts: $10670, Cached: $20804, Total: $52530 
2026-01-31 21:18:19 [32minfo[39m: Chunk 18 Cost - Prompt: $0.010034, Candidates: $0.002967, Thoughts: $0.032010, Cached: $0.001040, Total: $0.046051 
2026-01-31 21:18:19 [32minfo[39m: Processing chunk 19 of 23 
2026-01-31 21:18:19 [32minfo[39m: Chunk 19 Tokens - Prompt: $20067, Candidates: $856, Thoughts: $7012, Cached: $20804, Total: $48739 
2026-01-31 21:18:19 [32minfo[39m: Chunk 19 Cost - Prompt: $0.010034, Candidates: $0.002568, Thoughts: $0.021036, Cached: $0.001040, Total: $0.034678 
2026-01-31 21:18:19 [32minfo[39m: Processing chunk 20 of 23 
2026-01-31 21:18:19 [32minfo[39m: Chunk 20 Tokens - Prompt: $20067, Candidates: $970, Thoughts: $57, Cached: $20804, Total: $41898 
2026-01-31 21:18:19 [32minfo[39m: Chunk 20 Cost - Prompt: $0.010034, Candidates: $0.002910, Thoughts: $0.000171, Cached: $0.001040, Total: $0.014155 
2026-01-31 21:18:19 [32minfo[39m: Processing chunk 21 of 23 
2026-01-31 21:18:19 [32minfo[39m: Chunk 21 Tokens - Prompt: $20067, Candidates: $991, Thoughts: $8310, Cached: $20804, Total: $50172 
2026-01-31 21:18:19 [32minfo[39m: Chunk 21 Cost - Prompt: $0.010034, Candidates: $0.002973, Thoughts: $0.024930, Cached: $0.001040, Total: $0.038977 
2026-01-31 21:18:19 [32minfo[39m: Processing chunk 22 of 23 
2026-01-31 21:18:19 [32minfo[39m: Chunk 22 Tokens - Prompt: $20067, Candidates: $790, Thoughts: $15127, Cached: $20804, Total: $56788 
2026-01-31 21:18:19 [32minfo[39m: Chunk 22 Cost - Prompt: $0.010034, Candidates: $0.002370, Thoughts: $0.045381, Cached: $0.001040, Total: $0.058825 
2026-01-31 21:18:19 [32minfo[39m: Processing chunk 23 of 23 
2026-01-31 21:18:19 [32minfo[39m: Chunk 23 Tokens - Prompt: $20067, Candidates: $207, Thoughts: $8627, Cached: $20804, Total: $49705 
2026-01-31 21:18:19 [32minfo[39m: Chunk 23 Cost - Prompt: $0.010034, Candidates: $0.000621, Thoughts: $0.025881, Cached: $0.001040, Total: $0.037576 
2026-01-31 21:18:19 [32minfo[39m: Written combined response to /Users/ryanchiang/Sites/college-datasets/packages/parser/src/output/purdue_university/purdue_university.json with 138 keys 
2026-01-31 21:18:19 [32minfo[39m: Total cost: $0.853897 
2026-01-31 21:18:19 [32minfo[39m: Parsing dartmouth_college with file /Users/ryanchiang/Sites/college-datasets/packages/parser/data/cds-files/dartmouth_college_cds_2024-2025.pdf and mime type application/pdf 
2026-01-31 21:18:19 [32minfo[39m: Uploading file /Users/ryanchiang/Sites/college-datasets/packages/parser/data/cds-files/dartmouth_college_cds_2024-2025.pdf with mime type application/pdf 
2026-01-31 21:18:21 [32minfo[39m: File uploaded successfully: files/wku5cj53zkgw | https://generativelanguage.googleapis.com/v1beta/files/wku5cj53zkgw 
2026-01-31 21:18:21 [32minfo[39m: Creating file cache for dartmouth_college_cds_2024-2025.pdf... 
2026-01-31 21:18:22 [32minfo[39m: File cache for dartmouth_college_cds_2024-2025.pdf created successfully! 
2026-01-31 21:18:22 [32minfo[39m: Splitting schema into 23 chunks of length 50 or less 
2026-01-31 21:18:22 [32minfo[39m: Sending 23 requests in parallel... 
2026-01-31 21:18:22 [32minfo[39m: Sending request for chunk 1 of 23 (undefined fields) 
2026-01-31 21:18:22 [32minfo[39m: Sending request for chunk 2 of 23 (undefined fields) 
2026-01-31 21:18:22 [32minfo[39m: Sending request for chunk 3 of 23 (undefined fields) 
2026-01-31 21:18:22 [32minfo[39m: Sending request for chunk 4 of 23 (undefined fields) 
2026-01-31 21:18:22 [32minfo[39m: Sending request for chunk 5 of 23 (undefined fields) 
2026-01-31 21:18:22 [32minfo[39m: Sending request for chunk 6 of 23 (undefined fields) 
2026-01-31 21:18:22 [32minfo[39m: Sending request for chunk 7 of 23 (undefined fields) 
2026-01-31 21:18:22 [32minfo[39m: Sending request for chunk 8 of 23 (undefined fields) 
2026-01-31 21:18:22 [32minfo[39m: Sending request for chunk 9 of 23 (undefined fields) 
2026-01-31 21:18:22 [32minfo[39m: Sending request for chunk 10 of 23 (undefined fields) 
2026-01-31 21:18:22 [32minfo[39m: Sending request for chunk 11 of 23 (undefined fields) 
2026-01-31 21:18:22 [32minfo[39m: Sending request for chunk 12 of 23 (undefined fields) 
2026-01-31 21:18:22 [32minfo[39m: Sending request for chunk 13 of 23 (undefined fields) 
2026-01-31 21:18:22 [32minfo[39m: Sending request for chunk 14 of 23 (undefined fields) 
2026-01-31 21:18:22 [32minfo[39m: Sending request for chunk 15 of 23 (undefined fields) 
2026-01-31 21:18:22 [32minfo[39m: Sending request for chunk 16 of 23 (undefined fields) 
2026-01-31 21:18:22 [32minfo[39m: Sending request for chunk 17 of 23 (undefined fields) 
2026-01-31 21:18:22 [32minfo[39m: Sending request for chunk 18 of 23 (undefined fields) 
2026-01-31 21:18:22 [32minfo[39m: Sending request for chunk 19 of 23 (undefined fields) 
2026-01-31 21:18:22 [32minfo[39m: Sending request for chunk 20 of 23 (undefined fields) 
2026-01-31 21:18:22 [32minfo[39m: Sending request for chunk 21 of 23 (undefined fields) 
2026-01-31 21:18:22 [32minfo[39m: Sending request for chunk 22 of 23 (undefined fields) 
2026-01-31 21:18:22 [32minfo[39m: Sending request for chunk 23 of 23 (undefined fields) 
2026-01-31 21:19:49 [32minfo[39m: Processing chunk 1 of 23 
2026-01-31 21:19:49 [32minfo[39m: Chunk 1 Tokens - Prompt: $18441, Candidates: $805, Thoughts: $2840, Cached: $19124, Total: $41210 
2026-01-31 21:19:49 [32minfo[39m: Chunk 1 Cost - Prompt: $0.009220, Candidates: $0.002415, Thoughts: $0.008520, Cached: $0.000956, Total: $0.021112 
2026-01-31 21:19:49 [32minfo[39m: Processing chunk 2 of 23 
2026-01-31 21:19:49 [32minfo[39m: Chunk 2 Tokens - Prompt: $18441, Candidates: $705, Thoughts: $8523, Cached: $19124, Total: $46793 
2026-01-31 21:19:49 [32minfo[39m: Chunk 2 Cost - Prompt: $0.009220, Candidates: $0.002115, Thoughts: $0.025569, Cached: $0.000956, Total: $0.037861 
2026-01-31 21:19:49 [32minfo[39m: Processing chunk 3 of 23 
2026-01-31 21:19:49 [32minfo[39m: Chunk 3 Tokens - Prompt: $18441, Candidates: $402, Thoughts: $13936, Cached: $19124, Total: $51903 
2026-01-31 21:19:49 [32minfo[39m: Chunk 3 Cost - Prompt: $0.009220, Candidates: $0.001206, Thoughts: $0.041808, Cached: $0.000956, Total: $0.053191 
2026-01-31 21:19:49 [32minfo[39m: Processing chunk 4 of 23 
2026-01-31 21:19:49 [32minfo[39m: Chunk 4 Tokens - Prompt: $18441, Candidates: $1068, Thoughts: $1791, Cached: $19124, Total: $40424 
2026-01-31 21:19:49 [32minfo[39m: Chunk 4 Cost - Prompt: $0.009220, Candidates: $0.003204, Thoughts: $0.005373, Cached: $0.000956, Total: $0.018754 
2026-01-31 21:19:49 [32minfo[39m: Processing chunk 5 of 23 
2026-01-31 21:19:49 [32minfo[39m: Chunk 5 Tokens - Prompt: $18441, Candidates: $964, Thoughts: $1664, Cached: $19124, Total: $40193 
2026-01-31 21:19:49 [32minfo[39m: Chunk 5 Cost - Prompt: $0.009220, Candidates: $0.002892, Thoughts: $0.004992, Cached: $0.000956, Total: $0.018061 
2026-01-31 21:19:49 [32minfo[39m: Processing chunk 6 of 23 
2026-01-31 21:19:49 [32minfo[39m: Chunk 6 Tokens - Prompt: $18441, Candidates: $958, Thoughts: $9462, Cached: $19124, Total: $47985 
2026-01-31 21:19:49 [32minfo[39m: Chunk 6 Cost - Prompt: $0.009220, Candidates: $0.002874, Thoughts: $0.028386, Cached: $0.000956, Total: $0.041437 
2026-01-31 21:19:49 [32minfo[39m: Processing chunk 7 of 23 
2026-01-31 21:19:49 [32minfo[39m: Chunk 7 Tokens - Prompt: $18441, Candidates: $627, Thoughts: $3794, Cached: $19124, Total: $41986 
2026-01-31 21:19:49 [32minfo[39m: Chunk 7 Cost - Prompt: $0.009220, Candidates: $0.001881, Thoughts: $0.011382, Cached: $0.000956, Total: $0.023440 
2026-01-31 21:19:49 [32minfo[39m: Processing chunk 8 of 23 
2026-01-31 21:19:49 [32minfo[39m: Chunk 8 Tokens - Prompt: $18441, Candidates: $271, Thoughts: $65, Cached: $19124, Total: $37901 
2026-01-31 21:19:49 [32minfo[39m: Chunk 8 Cost - Prompt: $0.009220, Candidates: $0.000813, Thoughts: $0.000195, Cached: $0.000956, Total: $0.011185 
2026-01-31 21:19:49 [32minfo[39m: Processing chunk 9 of 23 
2026-01-31 21:19:49 [32minfo[39m: Chunk 9 Tokens - Prompt: $18441, Candidates: $1112, Thoughts: $3800, Cached: $19124, Total: $42477 
2026-01-31 21:19:49 [32minfo[39m: Chunk 9 Cost - Prompt: $0.009220, Candidates: $0.003336, Thoughts: $0.011400, Cached: $0.000956, Total: $0.024913 
2026-01-31 21:19:49 [32minfo[39m: Processing chunk 10 of 23 
2026-01-31 21:19:49 [32minfo[39m: Chunk 10 Tokens - Prompt: $18441, Candidates: $1075, Thoughts: $1404, Cached: $19124, Total: $40044 
2026-01-31 21:19:49 [32minfo[39m: Chunk 10 Cost - Prompt: $0.009220, Candidates: $0.003225, Thoughts: $0.004212, Cached: $0.000956, Total: $0.017614 
2026-01-31 21:19:49 [32minfo[39m: Processing chunk 11 of 23 
2026-01-31 21:19:49 [32minfo[39m: Chunk 11 Tokens - Prompt: $18441, Candidates: $711, Thoughts: $9558, Cached: $19124, Total: $47834 
2026-01-31 21:19:49 [32minfo[39m: Chunk 11 Cost - Prompt: $0.009220, Candidates: $0.002133, Thoughts: $0.028674, Cached: $0.000956, Total: $0.040984 
2026-01-31 21:19:49 [32minfo[39m: Processing chunk 12 of 23 
2026-01-31 21:19:49 [32minfo[39m: Chunk 12 Tokens - Prompt: $18441, Candidates: $822, Thoughts: $5294, Cached: $19124, Total: $43681 
2026-01-31 21:19:49 [32minfo[39m: Chunk 12 Cost - Prompt: $0.009220, Candidates: $0.002466, Thoughts: $0.015882, Cached: $0.000956, Total: $0.028525 
2026-01-31 21:19:49 [32minfo[39m: Processing chunk 13 of 23 
2026-01-31 21:19:49 [32minfo[39m: Chunk 13 Tokens - Prompt: $18441, Candidates: $532, Thoughts: $4289, Cached: $19124, Total: $42386 
2026-01-31 21:19:49 [32minfo[39m: Chunk 13 Cost - Prompt: $0.009220, Candidates: $0.001596, Thoughts: $0.012867, Cached: $0.000956, Total: $0.024640 
2026-01-31 21:19:49 [32minfo[39m: Processing chunk 14 of 23 
2026-01-31 21:19:49 [32minfo[39m: Chunk 14 Tokens - Prompt: $18441, Candidates: $611, Thoughts: $6342, Cached: $19124, Total: $44518 
2026-01-31 21:19:49 [32minfo[39m: Chunk 14 Cost - Prompt: $0.009220, Candidates: $0.001833, Thoughts: $0.019026, Cached: $0.000956, Total: $0.031036 
2026-01-31 21:19:49 [32minfo[39m: Processing chunk 15 of 23 
2026-01-31 21:19:49 [32minfo[39m: Chunk 15 Tokens - Prompt: $18441, Candidates: $579, Thoughts: $14272, Cached: $19124, Total: $52416 
2026-01-31 21:19:49 [32minfo[39m: Chunk 15 Cost - Prompt: $0.009220, Candidates: $0.001737, Thoughts: $0.042816, Cached: $0.000956, Total: $0.054730 
2026-01-31 21:19:49 [32minfo[39m: Processing chunk 16 of 23 
2026-01-31 21:19:49 [32minfo[39m: Chunk 16 Tokens - Prompt: $18441, Candidates: $599, Thoughts: $7631, Cached: $19124, Total: $45795 
2026-01-31 21:19:49 [32minfo[39m: Chunk 16 Cost - Prompt: $0.009220, Candidates: $0.001797, Thoughts: $0.022893, Cached: $0.000956, Total: $0.034867 
2026-01-31 21:19:49 [32minfo[39m: Processing chunk 17 of 23 
2026-01-31 21:19:49 [32minfo[39m: Chunk 17 Tokens - Prompt: $18441, Candidates: $983, Thoughts: $12622, Cached: $19124, Total: $51170 
2026-01-31 21:19:49 [32minfo[39m: Chunk 17 Cost - Prompt: $0.009220, Candidates: $0.002949, Thoughts: $0.037866, Cached: $0.000956, Total: $0.050992 
2026-01-31 21:19:49 [32minfo[39m: Processing chunk 18 of 23 
2026-01-31 21:19:49 [32minfo[39m: Chunk 18 Tokens - Prompt: $18441, Candidates: $947, Thoughts: $2280, Cached: $19124, Total: $40792 
2026-01-31 21:19:49 [32minfo[39m: Chunk 18 Cost - Prompt: $0.009220, Candidates: $0.002841, Thoughts: $0.006840, Cached: $0.000956, Total: $0.019858 
2026-01-31 21:19:49 [32minfo[39m: Processing chunk 19 of 23 
2026-01-31 21:19:49 [32minfo[39m: Chunk 19 Tokens - Prompt: $18441, Candidates: $577, Thoughts: $9983, Cached: $19124, Total: $48125 
2026-01-31 21:19:49 [32minfo[39m: Chunk 19 Cost - Prompt: $0.009220, Candidates: $0.001731, Thoughts: $0.029949, Cached: $0.000956, Total: $0.041857 
2026-01-31 21:19:49 [32minfo[39m: Processing chunk 20 of 23 
2026-01-31 21:19:49 [32minfo[39m: Chunk 20 Tokens - Prompt: $18441, Candidates: $902, Thoughts: $7830, Cached: $19124, Total: $46297 
2026-01-31 21:19:49 [32minfo[39m: Chunk 20 Cost - Prompt: $0.009220, Candidates: $0.002706, Thoughts: $0.023490, Cached: $0.000956, Total: $0.036373 
2026-01-31 21:19:49 [32minfo[39m: Processing chunk 21 of 23 
2026-01-31 21:19:49 [32minfo[39m: Chunk 21 Tokens - Prompt: $18441, Candidates: $709, Thoughts: $8063, Cached: $19124, Total: $46337 
2026-01-31 21:19:49 [32minfo[39m: Chunk 21 Cost - Prompt: $0.009220, Candidates: $0.002127, Thoughts: $0.024189, Cached: $0.000956, Total: $0.036493 
2026-01-31 21:19:49 [32minfo[39m: Processing chunk 22 of 23 
2026-01-31 21:19:49 [32minfo[39m: Chunk 22 Tokens - Prompt: $18441, Candidates: $544, Thoughts: $10354, Cached: $19124, Total: $48463 
2026-01-31 21:19:49 [32minfo[39m: Chunk 22 Cost - Prompt: $0.009220, Candidates: $0.001632, Thoughts: $0.031062, Cached: $0.000956, Total: $0.042871 
2026-01-31 21:19:49 [32minfo[39m: Processing chunk 23 of 23 
2026-01-31 21:19:49 [32minfo[39m: Chunk 23 Tokens - Prompt: $18441, Candidates: $214, Thoughts: $5376, Cached: $19124, Total: $43155 
2026-01-31 21:19:49 [32minfo[39m: Chunk 23 Cost - Prompt: $0.009220, Candidates: $0.000642, Thoughts: $0.016128, Cached: $0.000956, Total: $0.026947 
2026-01-31 21:19:49 [32minfo[39m: Written combined response to /Users/ryanchiang/Sites/college-datasets/packages/parser/src/output/dartmouth_college/dartmouth_college.json with 136 keys 
2026-01-31 21:19:49 [32minfo[39m: Total cost: $0.737734 
2026-01-31 21:19:49 [32minfo[39m: Parsing university_of_chicago with file /Users/ryanchiang/Sites/college-datasets/packages/parser/data/cds-files/university_of_chicago_CDS_2024-2025_to_publish.pdf and mime type application/pdf 
2026-01-31 21:19:49 [32minfo[39m: Uploading file /Users/ryanchiang/Sites/college-datasets/packages/parser/data/cds-files/university_of_chicago_CDS_2024-2025_to_publish.pdf with mime type application/pdf 
2026-01-31 21:19:51 [32minfo[39m: File uploaded successfully: files/yzoypbkq39is | https://generativelanguage.googleapis.com/v1beta/files/yzoypbkq39is 
2026-01-31 21:19:51 [32minfo[39m: Creating file cache for university_of_chicago_CDS_2024-2025_to_publish.pdf... 
2026-01-31 21:19:53 [32minfo[39m: File cache for university_of_chicago_CDS_2024-2025_to_publish.pdf created successfully! 
2026-01-31 21:19:53 [32minfo[39m: Splitting schema into 23 chunks of length 50 or less 
2026-01-31 21:19:53 [32minfo[39m: Sending 23 requests in parallel... 
2026-01-31 21:19:53 [32minfo[39m: Sending request for chunk 1 of 23 (undefined fields) 
2026-01-31 21:19:53 [32minfo[39m: Sending request for chunk 2 of 23 (undefined fields) 
2026-01-31 21:19:53 [32minfo[39m: Sending request for chunk 3 of 23 (undefined fields) 
2026-01-31 21:19:53 [32minfo[39m: Sending request for chunk 4 of 23 (undefined fields) 
2026-01-31 21:19:53 [32minfo[39m: Sending request for chunk 5 of 23 (undefined fields) 
2026-01-31 21:19:53 [32minfo[39m: Sending request for chunk 6 of 23 (undefined fields) 
2026-01-31 21:19:53 [32minfo[39m: Sending request for chunk 7 of 23 (undefined fields) 
2026-01-31 21:19:53 [32minfo[39m: Sending request for chunk 8 of 23 (undefined fields) 
2026-01-31 21:19:53 [32minfo[39m: Sending request for chunk 9 of 23 (undefined fields) 
2026-01-31 21:19:53 [32minfo[39m: Sending request for chunk 10 of 23 (undefined fields) 
2026-01-31 21:19:53 [32minfo[39m: Sending request for chunk 11 of 23 (undefined fields) 
2026-01-31 21:19:53 [32minfo[39m: Sending request for chunk 12 of 23 (undefined fields) 
2026-01-31 21:19:53 [32minfo[39m: Sending request for chunk 13 of 23 (undefined fields) 
2026-01-31 21:19:53 [32minfo[39m: Sending request for chunk 14 of 23 (undefined fields) 
2026-01-31 21:19:53 [32minfo[39m: Sending request for chunk 15 of 23 (undefined fields) 
2026-01-31 21:19:53 [32minfo[39m: Sending request for chunk 16 of 23 (undefined fields) 
2026-01-31 21:19:53 [32minfo[39m: Sending request for chunk 17 of 23 (undefined fields) 
2026-01-31 21:19:53 [32minfo[39m: Sending request for chunk 18 of 23 (undefined fields) 
2026-01-31 21:19:53 [32minfo[39m: Sending request for chunk 19 of 23 (undefined fields) 
2026-01-31 21:19:53 [32minfo[39m: Sending request for chunk 20 of 23 (undefined fields) 
2026-01-31 21:19:53 [32minfo[39m: Sending request for chunk 21 of 23 (undefined fields) 
2026-01-31 21:19:53 [32minfo[39m: Sending request for chunk 22 of 23 (undefined fields) 
2026-01-31 21:19:53 [32minfo[39m: Sending request for chunk 23 of 23 (undefined fields) 
2026-01-31 21:21:29 [32minfo[39m: Processing chunk 1 of 23 
2026-01-31 21:21:29 [32minfo[39m: Chunk 1 Tokens - Prompt: $16273, Candidates: $885, Thoughts: $1765, Cached: $16884, Total: $35807 
2026-01-31 21:21:29 [32minfo[39m: Chunk 1 Cost - Prompt: $0.008136, Candidates: $0.002655, Thoughts: $0.005295, Cached: $0.000844, Total: $0.016931 
2026-01-31 21:21:29 [32minfo[39m: Processing chunk 2 of 23 
2026-01-31 21:21:29 [32minfo[39m: Chunk 2 Tokens - Prompt: $16273, Candidates: $895, Thoughts: $6849, Cached: $16884, Total: $40901 
2026-01-31 21:21:29 [32minfo[39m: Chunk 2 Cost - Prompt: $0.008136, Candidates: $0.002685, Thoughts: $0.020547, Cached: $0.000844, Total: $0.032213 
2026-01-31 21:21:29 [32minfo[39m: Processing chunk 3 of 23 
2026-01-31 21:21:29 [32minfo[39m: Chunk 3 Tokens - Prompt: $16273, Candidates: $539, Thoughts: $3355, Cached: $16884, Total: $37051 
2026-01-31 21:21:29 [32minfo[39m: Chunk 3 Cost - Prompt: $0.008136, Candidates: $0.001617, Thoughts: $0.010065, Cached: $0.000844, Total: $0.020663 
2026-01-31 21:21:29 [32minfo[39m: Processing chunk 4 of 23 
2026-01-31 21:21:29 [32minfo[39m: Chunk 4 Tokens - Prompt: $16273, Candidates: $1074, Thoughts: $1860, Cached: $16884, Total: $36091 
2026-01-31 21:21:29 [32minfo[39m: Chunk 4 Cost - Prompt: $0.008136, Candidates: $0.003222, Thoughts: $0.005580, Cached: $0.000844, Total: $0.017783 
2026-01-31 21:21:29 [32minfo[39m: Processing chunk 5 of 23 
2026-01-31 21:21:29 [32minfo[39m: Chunk 5 Tokens - Prompt: $16273, Candidates: $973, Thoughts: $6306, Cached: $16884, Total: $40436 
2026-01-31 21:21:29 [32minfo[39m: Chunk 5 Cost - Prompt: $0.008136, Candidates: $0.002919, Thoughts: $0.018918, Cached: $0.000844, Total: $0.030818 
2026-01-31 21:21:29 [32minfo[39m: Processing chunk 6 of 23 
2026-01-31 21:21:29 [32minfo[39m: Chunk 6 Tokens - Prompt: $16273, Candidates: $938, Thoughts: $5339, Cached: $16884, Total: $39434 
2026-01-31 21:21:29 [32minfo[39m: Chunk 6 Cost - Prompt: $0.008136, Candidates: $0.002814, Thoughts: $0.016017, Cached: $0.000844, Total: $0.027812 
2026-01-31 21:21:29 [32minfo[39m: Processing chunk 7 of 23 
2026-01-31 21:21:29 [32minfo[39m: Chunk 7 Tokens - Prompt: $16273, Candidates: $470, Thoughts: $12867, Cached: $16884, Total: $46494 
2026-01-31 21:21:29 [32minfo[39m: Chunk 7 Cost - Prompt: $0.008136, Candidates: $0.001410, Thoughts: $0.038601, Cached: $0.000844, Total: $0.048992 
2026-01-31 21:21:29 [32minfo[39m: Processing chunk 8 of 23 
2026-01-31 21:21:29 [32minfo[39m: Chunk 8 Tokens - Prompt: $16273, Candidates: $587, Thoughts: $12762, Cached: $16884, Total: $46506 
2026-01-31 21:21:29 [32minfo[39m: Chunk 8 Cost - Prompt: $0.008136, Candidates: $0.001761, Thoughts: $0.038286, Cached: $0.000844, Total: $0.049028 
2026-01-31 21:21:29 [32minfo[39m: Processing chunk 9 of 23 
2026-01-31 21:21:29 [32minfo[39m: Chunk 9 Tokens - Prompt: $16273, Candidates: $1232, Thoughts: $6947, Cached: $16884, Total: $41336 
2026-01-31 21:21:29 [32minfo[39m: Chunk 9 Cost - Prompt: $0.008136, Candidates: $0.003696, Thoughts: $0.020841, Cached: $0.000844, Total: $0.033518 
2026-01-31 21:21:29 [32minfo[39m: Processing chunk 10 of 23 
2026-01-31 21:21:29 [32minfo[39m: Chunk 10 Tokens - Prompt: $16273, Candidates: $1180, Thoughts: $2789, Cached: $16884, Total: $37126 
2026-01-31 21:21:29 [32minfo[39m: Chunk 10 Cost - Prompt: $0.008136, Candidates: $0.003540, Thoughts: $0.008367, Cached: $0.000844, Total: $0.020888 
2026-01-31 21:21:29 [32minfo[39m: Processing chunk 11 of 23 
2026-01-31 21:21:29 [32minfo[39m: Chunk 11 Tokens - Prompt: $16273, Candidates: $707, Thoughts: $8976, Cached: $16884, Total: $42840 
2026-01-31 21:21:29 [32minfo[39m: Chunk 11 Cost - Prompt: $0.008136, Candidates: $0.002121, Thoughts: $0.026928, Cached: $0.000844, Total: $0.038030 
2026-01-31 21:21:29 [32minfo[39m: Processing chunk 12 of 23 
2026-01-31 21:21:29 [32minfo[39m: Chunk 12 Tokens - Prompt: $16273, Candidates: $836, Thoughts: $9614, Cached: $16884, Total: $43607 
2026-01-31 21:21:29 [32minfo[39m: Chunk 12 Cost - Prompt: $0.008136, Candidates: $0.002508, Thoughts: $0.028842, Cached: $0.000844, Total: $0.040331 
2026-01-31 21:21:29 [32minfo[39m: Processing chunk 13 of 23 
2026-01-31 21:21:29 [32minfo[39m: Chunk 13 Tokens - Prompt: $16273, Candidates: $548, Thoughts: $14182, Cached: $16884, Total: $47887 
2026-01-31 21:21:29 [32minfo[39m: Chunk 13 Cost - Prompt: $0.008136, Candidates: $0.001644, Thoughts: $0.042546, Cached: $0.000844, Total: $0.053171 
2026-01-31 21:21:29 [32minfo[39m: Processing chunk 14 of 23 
2026-01-31 21:21:29 [32minfo[39m: Chunk 14 Tokens - Prompt: $16273, Candidates: $577, Thoughts: $2806, Cached: $16884, Total: $36540 
2026-01-31 21:21:29 [32minfo[39m: Chunk 14 Cost - Prompt: $0.008136, Candidates: $0.001731, Thoughts: $0.008418, Cached: $0.000844, Total: $0.019130 
2026-01-31 21:21:29 [32minfo[39m: Processing chunk 15 of 23 
2026-01-31 21:21:29 [32minfo[39m: Chunk 15 Tokens - Prompt: $16273, Candidates: $661, Thoughts: $15302, Cached: $16884, Total: $49120 
2026-01-31 21:21:29 [32minfo[39m: Chunk 15 Cost - Prompt: $0.008136, Candidates: $0.001983, Thoughts: $0.045906, Cached: $0.000844, Total: $0.056870 
2026-01-31 21:21:29 [32minfo[39m: Processing chunk 16 of 23 
2026-01-31 21:21:29 [32minfo[39m: Chunk 16 Tokens - Prompt: $16273, Candidates: $539, Thoughts: $4906, Cached: $16884, Total: $38602 
2026-01-31 21:21:29 [32minfo[39m: Chunk 16 Cost - Prompt: $0.008136, Candidates: $0.001617, Thoughts: $0.014718, Cached: $0.000844, Total: $0.025316 
2026-01-31 21:21:29 [32minfo[39m: Processing chunk 17 of 23 
2026-01-31 21:21:29 [32minfo[39m: Chunk 17 Tokens - Prompt: $16273, Candidates: $1145, Thoughts: $2106, Cached: $16884, Total: $36408 
2026-01-31 21:21:29 [32minfo[39m: Chunk 17 Cost - Prompt: $0.008136, Candidates: $0.003435, Thoughts: $0.006318, Cached: $0.000844, Total: $0.018734 
2026-01-31 21:21:29 [32minfo[39m: Processing chunk 18 of 23 
2026-01-31 21:21:29 [32minfo[39m: Chunk 18 Tokens - Prompt: $16273, Candidates: $960, Thoughts: $7555, Cached: $16884, Total: $41672 
2026-01-31 21:21:29 [32minfo[39m: Chunk 18 Cost - Prompt: $0.008136, Candidates: $0.002880, Thoughts: $0.022665, Cached: $0.000844, Total: $0.034526 
2026-01-31 21:21:29 [32minfo[39m: Processing chunk 19 of 23 
2026-01-31 21:21:29 [32minfo[39m: Chunk 19 Tokens - Prompt: $16273, Candidates: $665, Thoughts: $3203, Cached: $16884, Total: $37025 
2026-01-31 21:21:29 [32minfo[39m: Chunk 19 Cost - Prompt: $0.008136, Candidates: $0.001995, Thoughts: $0.009609, Cached: $0.000844, Total: $0.020585 
2026-01-31 21:21:29 [32minfo[39m: Processing chunk 20 of 23 
2026-01-31 21:21:29 [32minfo[39m: Chunk 20 Tokens - Prompt: $16273, Candidates: $611, Thoughts: $5519, Cached: $16884, Total: $39287 
2026-01-31 21:21:29 [32minfo[39m: Chunk 20 Cost - Prompt: $0.008136, Candidates: $0.001833, Thoughts: $0.016557, Cached: $0.000844, Total: $0.027371 
2026-01-31 21:21:29 [32minfo[39m: Processing chunk 21 of 23 
2026-01-31 21:21:29 [32minfo[39m: Chunk 21 Tokens - Prompt: $16273, Candidates: $411, Thoughts: $82, Cached: $16884, Total: $33650 
2026-01-31 21:21:29 [32minfo[39m: Chunk 21 Cost - Prompt: $0.008136, Candidates: $0.001233, Thoughts: $0.000246, Cached: $0.000844, Total: $0.010460 
2026-01-31 21:21:29 [32minfo[39m: Processing chunk 22 of 23 
2026-01-31 21:21:29 [32minfo[39m: Chunk 22 Tokens - Prompt: $16273, Candidates: $1005, Thoughts: $9990, Cached: $16884, Total: $44152 
2026-01-31 21:21:29 [32minfo[39m: Chunk 22 Cost - Prompt: $0.008136, Candidates: $0.003015, Thoughts: $0.029970, Cached: $0.000844, Total: $0.041966 
2026-01-31 21:21:29 [32minfo[39m: Processing chunk 23 of 23 
2026-01-31 21:21:29 [32minfo[39m: Chunk 23 Tokens - Prompt: $16273, Candidates: $213, Thoughts: $11240, Cached: $16884, Total: $44610 
2026-01-31 21:21:29 [32minfo[39m: Chunk 23 Cost - Prompt: $0.008136, Candidates: $0.000639, Thoughts: $0.033720, Cached: $0.000844, Total: $0.043340 
2026-01-31 21:21:29 [32minfo[39m: Written combined response to /Users/ryanchiang/Sites/college-datasets/packages/parser/src/output/university_of_chicago/university_of_chicago.json with 138 keys 
2026-01-31 21:21:29 [32minfo[39m: Total cost: $0.728469 
2026-01-31 21:21:29 [32minfo[39m: Parsing university_of_notre_dame with file /Users/ryanchiang/Sites/college-datasets/packages/parser/data/cds-files/university_of_notre_dame_CDS_2024-2025.pdf and mime type application/pdf 
2026-01-31 21:21:29 [32minfo[39m: Uploading file /Users/ryanchiang/Sites/college-datasets/packages/parser/data/cds-files/university_of_notre_dame_CDS_2024-2025.pdf with mime type application/pdf 
2026-01-31 21:21:31 [32minfo[39m: File uploaded successfully: files/2m8s8lqkdb0f | https://generativelanguage.googleapis.com/v1beta/files/2m8s8lqkdb0f 
2026-01-31 21:21:31 [32minfo[39m: Creating file cache for university_of_notre_dame_CDS_2024-2025.pdf... 
2026-01-31 21:21:32 [32minfo[39m: File cache for university_of_notre_dame_CDS_2024-2025.pdf created successfully! 
2026-01-31 21:21:32 [32minfo[39m: Splitting schema into 23 chunks of length 50 or less 
2026-01-31 21:21:32 [32minfo[39m: Sending 23 requests in parallel... 
2026-01-31 21:21:32 [32minfo[39m: Sending request for chunk 1 of 23 (undefined fields) 
2026-01-31 21:21:32 [32minfo[39m: Sending request for chunk 2 of 23 (undefined fields) 
2026-01-31 21:21:32 [32minfo[39m: Sending request for chunk 3 of 23 (undefined fields) 
2026-01-31 21:21:32 [32minfo[39m: Sending request for chunk 4 of 23 (undefined fields) 
2026-01-31 21:21:32 [32minfo[39m: Sending request for chunk 5 of 23 (undefined fields) 
2026-01-31 21:21:32 [32minfo[39m: Sending request for chunk 6 of 23 (undefined fields) 
2026-01-31 21:21:32 [32minfo[39m: Sending request for chunk 7 of 23 (undefined fields) 
2026-01-31 21:21:32 [32minfo[39m: Sending request for chunk 8 of 23 (undefined fields) 
2026-01-31 21:21:32 [32minfo[39m: Sending request for chunk 9 of 23 (undefined fields) 
2026-01-31 21:21:32 [32minfo[39m: Sending request for chunk 10 of 23 (undefined fields) 
2026-01-31 21:21:32 [32minfo[39m: Sending request for chunk 11 of 23 (undefined fields) 
2026-01-31 21:21:32 [32minfo[39m: Sending request for chunk 12 of 23 (undefined fields) 
2026-01-31 21:21:32 [32minfo[39m: Sending request for chunk 13 of 23 (undefined fields) 
2026-01-31 21:21:32 [32minfo[39m: Sending request for chunk 14 of 23 (undefined fields) 
2026-01-31 21:21:32 [32minfo[39m: Sending request for chunk 15 of 23 (undefined fields) 
2026-01-31 21:21:32 [32minfo[39m: Sending request for chunk 16 of 23 (undefined fields) 
2026-01-31 21:21:32 [32minfo[39m: Sending request for chunk 17 of 23 (undefined fields) 
2026-01-31 21:21:32 [32minfo[39m: Sending request for chunk 18 of 23 (undefined fields) 
2026-01-31 21:21:32 [32minfo[39m: Sending request for chunk 19 of 23 (undefined fields) 
2026-01-31 21:21:32 [32minfo[39m: Sending request for chunk 20 of 23 (undefined fields) 
2026-01-31 21:21:32 [32minfo[39m: Sending request for chunk 21 of 23 (undefined fields) 
2026-01-31 21:21:32 [32minfo[39m: Sending request for chunk 22 of 23 (undefined fields) 
2026-01-31 21:21:32 [32minfo[39m: Sending request for chunk 23 of 23 (undefined fields) 
2026-01-31 21:23:08 [32minfo[39m: Processing chunk 1 of 23 
2026-01-31 21:23:08 [32minfo[39m: Chunk 1 Tokens - Prompt: $17357, Candidates: $822, Thoughts: $152, Cached: $18004, Total: $36335 
2026-01-31 21:23:08 [32minfo[39m: Chunk 1 Cost - Prompt: $0.008679, Candidates: $0.002466, Thoughts: $0.000456, Cached: $0.000900, Total: $0.012501 
2026-01-31 21:23:08 [32minfo[39m: Processing chunk 2 of 23 
2026-01-31 21:23:08 [32minfo[39m: Chunk 2 Tokens - Prompt: $17357, Candidates: $894, Thoughts: $5478, Cached: $18004, Total: $41733 
2026-01-31 21:23:08 [32minfo[39m: Chunk 2 Cost - Prompt: $0.008679, Candidates: $0.002682, Thoughts: $0.016434, Cached: $0.000900, Total: $0.028695 
2026-01-31 21:23:08 [32minfo[39m: Processing chunk 3 of 23 
2026-01-31 21:23:08 [32minfo[39m: Chunk 3 Tokens - Prompt: $17357, Candidates: $406, Thoughts: $8620, Cached: $18004, Total: $44387 
2026-01-31 21:23:08 [32minfo[39m: Chunk 3 Cost - Prompt: $0.008679, Candidates: $0.001218, Thoughts: $0.025860, Cached: $0.000900, Total: $0.036657 
2026-01-31 21:23:08 [32minfo[39m: Processing chunk 4 of 23 
2026-01-31 21:23:08 [32minfo[39m: Chunk 4 Tokens - Prompt: $17357, Candidates: $895, Thoughts: $3941, Cached: $18004, Total: $40197 
2026-01-31 21:23:08 [32minfo[39m: Chunk 4 Cost - Prompt: $0.008679, Candidates: $0.002685, Thoughts: $0.011823, Cached: $0.000900, Total: $0.024087 
2026-01-31 21:23:08 [32minfo[39m: Processing chunk 5 of 23 
2026-01-31 21:23:08 [32minfo[39m: Chunk 5 Tokens - Prompt: $17357, Candidates: $963, Thoughts: $7222, Cached: $18004, Total: $43546 
2026-01-31 21:23:08 [32minfo[39m: Chunk 5 Cost - Prompt: $0.008679, Candidates: $0.002889, Thoughts: $0.021666, Cached: $0.000900, Total: $0.034134 
2026-01-31 21:23:08 [32minfo[39m: Processing chunk 6 of 23 
2026-01-31 21:23:08 [32minfo[39m: Chunk 6 Tokens - Prompt: $17357, Candidates: $969, Thoughts: $2740, Cached: $18004, Total: $39070 
2026-01-31 21:23:08 [32minfo[39m: Chunk 6 Cost - Prompt: $0.008679, Candidates: $0.002907, Thoughts: $0.008220, Cached: $0.000900, Total: $0.020706 
2026-01-31 21:23:08 [32minfo[39m: Processing chunk 7 of 23 
2026-01-31 21:23:08 [32minfo[39m: Chunk 7 Tokens - Prompt: $17357, Candidates: $463, Thoughts: $14060, Cached: $18004, Total: $49884 
2026-01-31 21:23:08 [32minfo[39m: Chunk 7 Cost - Prompt: $0.008679, Candidates: $0.001389, Thoughts: $0.042180, Cached: $0.000900, Total: $0.053148 
2026-01-31 21:23:08 [32minfo[39m: Processing chunk 8 of 23 
2026-01-31 21:23:08 [32minfo[39m: Chunk 8 Tokens - Prompt: $17357, Candidates: $792, Thoughts: $5305, Cached: $18004, Total: $41458 
2026-01-31 21:23:08 [32minfo[39m: Chunk 8 Cost - Prompt: $0.008679, Candidates: $0.002376, Thoughts: $0.015915, Cached: $0.000900, Total: $0.027870 
2026-01-31 21:23:08 [32minfo[39m: Processing chunk 9 of 23 
2026-01-31 21:23:08 [32minfo[39m: Chunk 9 Tokens - Prompt: $17357, Candidates: $1132, Thoughts: $5790, Cached: $18004, Total: $42283 
2026-01-31 21:23:08 [32minfo[39m: Chunk 9 Cost - Prompt: $0.008679, Candidates: $0.003396, Thoughts: $0.017370, Cached: $0.000900, Total: $0.030345 
2026-01-31 21:23:08 [32minfo[39m: Processing chunk 10 of 23 
2026-01-31 21:23:08 [32minfo[39m: Chunk 10 Tokens - Prompt: $17357, Candidates: $887, Thoughts: $15657, Cached: $18004, Total: $51905 
2026-01-31 21:23:08 [32minfo[39m: Chunk 10 Cost - Prompt: $0.008679, Candidates: $0.002661, Thoughts: $0.046971, Cached: $0.000900, Total: $0.059211 
2026-01-31 21:23:08 [32minfo[39m: Processing chunk 11 of 23 
2026-01-31 21:23:08 [32minfo[39m: Chunk 11 Tokens - Prompt: $17357, Candidates: $737, Thoughts: $10392, Cached: $18004, Total: $46490 
2026-01-31 21:23:08 [32minfo[39m: Chunk 11 Cost - Prompt: $0.008679, Candidates: $0.002211, Thoughts: $0.031176, Cached: $0.000900, Total: $0.042966 
2026-01-31 21:23:08 [32minfo[39m: Processing chunk 12 of 23 
2026-01-31 21:23:08 [32minfo[39m: Chunk 12 Tokens - Prompt: $17357, Candidates: $838, Thoughts: $7896, Cached: $18004, Total: $44095 
2026-01-31 21:23:08 [32minfo[39m: Chunk 12 Cost - Prompt: $0.008679, Candidates: $0.002514, Thoughts: $0.023688, Cached: $0.000900, Total: $0.035781 
2026-01-31 21:23:08 [32minfo[39m: Processing chunk 13 of 23 
2026-01-31 21:23:08 [32minfo[39m: Chunk 13 Tokens - Prompt: $17357, Candidates: $395, Thoughts: $6003, Cached: $18004, Total: $41759 
2026-01-31 21:23:08 [32minfo[39m: Chunk 13 Cost - Prompt: $0.008679, Candidates: $0.001185, Thoughts: $0.018009, Cached: $0.000900, Total: $0.028773 
2026-01-31 21:23:08 [32minfo[39m: Processing chunk 14 of 23 
2026-01-31 21:23:08 [32minfo[39m: Chunk 14 Tokens - Prompt: $17357, Candidates: $577, Thoughts: $9783, Cached: $18004, Total: $45721 
2026-01-31 21:23:08 [32minfo[39m: Chunk 14 Cost - Prompt: $0.008679, Candidates: $0.001731, Thoughts: $0.029349, Cached: $0.000900, Total: $0.040659 
2026-01-31 21:23:08 [32minfo[39m: Processing chunk 15 of 23 
2026-01-31 21:23:08 [32minfo[39m: Chunk 15 Tokens - Prompt: $17357, Candidates: $659, Thoughts: $8650, Cached: $18004, Total: $44670 
2026-01-31 21:23:08 [32minfo[39m: Chunk 15 Cost - Prompt: $0.008679, Candidates: $0.001977, Thoughts: $0.025950, Cached: $0.000900, Total: $0.037506 
2026-01-31 21:23:08 [32minfo[39m: Processing chunk 16 of 23 
2026-01-31 21:23:08 [32minfo[39m: Chunk 16 Tokens - Prompt: $17357, Candidates: $522, Thoughts: $11250, Cached: $18004, Total: $47133 
2026-01-31 21:23:08 [32minfo[39m: Chunk 16 Cost - Prompt: $0.008679, Candidates: $0.001566, Thoughts: $0.033750, Cached: $0.000900, Total: $0.044895 
2026-01-31 21:23:08 [32minfo[39m: Processing chunk 17 of 23 
2026-01-31 21:23:08 [32minfo[39m: Chunk 17 Tokens - Prompt: $17357, Candidates: $1071, Thoughts: $11899, Cached: $18004, Total: $48331 
2026-01-31 21:23:08 [32minfo[39m: Chunk 17 Cost - Prompt: $0.008679, Candidates: $0.003213, Thoughts: $0.035697, Cached: $0.000900, Total: $0.048489 
2026-01-31 21:23:08 [32minfo[39m: Processing chunk 18 of 23 
2026-01-31 21:23:08 [32minfo[39m: Chunk 18 Tokens - Prompt: $17357, Candidates: $973, Thoughts: $10502, Cached: $18004, Total: $46836 
2026-01-31 21:23:08 [32minfo[39m: Chunk 18 Cost - Prompt: $0.008679, Candidates: $0.002919, Thoughts: $0.031506, Cached: $0.000900, Total: $0.044004 
2026-01-31 21:23:08 [32minfo[39m: Processing chunk 19 of 23 
2026-01-31 21:23:08 [32minfo[39m: Chunk 19 Tokens - Prompt: $17357, Candidates: $810, Thoughts: $6262, Cached: $18004, Total: $42433 
2026-01-31 21:23:08 [32minfo[39m: Chunk 19 Cost - Prompt: $0.008679, Candidates: $0.002430, Thoughts: $0.018786, Cached: $0.000900, Total: $0.030795 
2026-01-31 21:23:08 [32minfo[39m: Processing chunk 20 of 23 
2026-01-31 21:23:08 [32minfo[39m: Chunk 20 Tokens - Prompt: $17357, Candidates: $332, Thoughts: $13084, Cached: $18004, Total: $48777 
2026-01-31 21:23:08 [32minfo[39m: Chunk 20 Cost - Prompt: $0.008679, Candidates: $0.000996, Thoughts: $0.039252, Cached: $0.000900, Total: $0.049827 
2026-01-31 21:23:08 [32minfo[39m: Processing chunk 21 of 23 
2026-01-31 21:23:08 [32minfo[39m: Chunk 21 Tokens - Prompt: $17357, Candidates: $412, Thoughts: $14115, Cached: $18004, Total: $49888 
2026-01-31 21:23:08 [32minfo[39m: Chunk 21 Cost - Prompt: $0.008679, Candidates: $0.001236, Thoughts: $0.042345, Cached: $0.000900, Total: $0.053160 
2026-01-31 21:23:08 [32minfo[39m: Processing chunk 22 of 23 
2026-01-31 21:23:08 [32minfo[39m: Chunk 22 Tokens - Prompt: $17357, Candidates: $1005, Thoughts: $5640, Cached: $18004, Total: $42006 
2026-01-31 21:23:08 [32minfo[39m: Chunk 22 Cost - Prompt: $0.008679, Candidates: $0.003015, Thoughts: $0.016920, Cached: $0.000900, Total: $0.029514 
2026-01-31 21:23:08 [32minfo[39m: Processing chunk 23 of 23 
2026-01-31 21:23:08 [32minfo[39m: Chunk 23 Tokens - Prompt: $17357, Candidates: $189, Thoughts: $3058, Cached: $18004, Total: $38608 
2026-01-31 21:23:08 [32minfo[39m: Chunk 23 Cost - Prompt: $0.008679, Candidates: $0.000567, Thoughts: $0.009174, Cached: $0.000900, Total: $0.019320 
2026-01-31 21:23:08 [32minfo[39m: Written combined response to /Users/ryanchiang/Sites/college-datasets/packages/parser/src/output/university_of_notre_dame/university_of_notre_dame.json with 136 keys 
2026-01-31 21:23:08 [32minfo[39m: Total cost: $0.833036 
2026-01-31 21:23:08 [32minfo[39m: Parsing university_of_georgia with file /Users/ryanchiang/Sites/college-datasets/packages/parser/data/cds-files/university_of_georgia_UGA_CDS_2024-2025.pdf and mime type application/pdf 
2026-01-31 21:23:08 [32minfo[39m: Uploading file /Users/ryanchiang/Sites/college-datasets/packages/parser/data/cds-files/university_of_georgia_UGA_CDS_2024-2025.pdf with mime type application/pdf 
2026-01-31 21:23:11 [32minfo[39m: File uploaded successfully: files/od1zbiidu52g | https://generativelanguage.googleapis.com/v1beta/files/od1zbiidu52g 
2026-01-31 21:23:11 [32minfo[39m: Creating file cache for university_of_georgia_UGA_CDS_2024-2025.pdf... 
2026-01-31 21:23:12 [32minfo[39m: File cache for university_of_georgia_UGA_CDS_2024-2025.pdf created successfully! 
2026-01-31 21:23:12 [32minfo[39m: Splitting schema into 23 chunks of length 50 or less 
2026-01-31 21:23:12 [32minfo[39m: Sending 23 requests in parallel... 
2026-01-31 21:23:12 [32minfo[39m: Sending request for chunk 1 of 23 (undefined fields) 
2026-01-31 21:23:12 [32minfo[39m: Sending request for chunk 2 of 23 (undefined fields) 
2026-01-31 21:23:12 [32minfo[39m: Sending request for chunk 3 of 23 (undefined fields) 
2026-01-31 21:23:12 [32minfo[39m: Sending request for chunk 4 of 23 (undefined fields) 
2026-01-31 21:23:12 [32minfo[39m: Sending request for chunk 5 of 23 (undefined fields) 
2026-01-31 21:23:12 [32minfo[39m: Sending request for chunk 6 of 23 (undefined fields) 
2026-01-31 21:23:12 [32minfo[39m: Sending request for chunk 7 of 23 (undefined fields) 
2026-01-31 21:23:12 [32minfo[39m: Sending request for chunk 8 of 23 (undefined fields) 
2026-01-31 21:23:12 [32minfo[39m: Sending request for chunk 9 of 23 (undefined fields) 
2026-01-31 21:23:12 [32minfo[39m: Sending request for chunk 10 of 23 (undefined fields) 
2026-01-31 21:23:12 [32minfo[39m: Sending request for chunk 11 of 23 (undefined fields) 
2026-01-31 21:23:12 [32minfo[39m: Sending request for chunk 12 of 23 (undefined fields) 
2026-01-31 21:23:12 [32minfo[39m: Sending request for chunk 13 of 23 (undefined fields) 
2026-01-31 21:23:12 [32minfo[39m: Sending request for chunk 14 of 23 (undefined fields) 
2026-01-31 21:23:12 [32minfo[39m: Sending request for chunk 15 of 23 (undefined fields) 
2026-01-31 21:23:12 [32minfo[39m: Sending request for chunk 16 of 23 (undefined fields) 
2026-01-31 21:23:12 [32minfo[39m: Sending request for chunk 17 of 23 (undefined fields) 
2026-01-31 21:23:12 [32minfo[39m: Sending request for chunk 18 of 23 (undefined fields) 
2026-01-31 21:23:12 [32minfo[39m: Sending request for chunk 19 of 23 (undefined fields) 
2026-01-31 21:23:12 [32minfo[39m: Sending request for chunk 20 of 23 (undefined fields) 
2026-01-31 21:23:12 [32minfo[39m: Sending request for chunk 21 of 23 (undefined fields) 
2026-01-31 21:23:12 [32minfo[39m: Sending request for chunk 22 of 23 (undefined fields) 
2026-01-31 21:23:12 [32minfo[39m: Sending request for chunk 23 of 23 (undefined fields) 
2026-01-31 21:24:42 [32minfo[39m: Processing chunk 1 of 23 
2026-01-31 21:24:42 [32minfo[39m: Chunk 1 Tokens - Prompt: $27113, Candidates: $817, Thoughts: $2020, Cached: $28084, Total: $58034 
2026-01-31 21:24:42 [32minfo[39m: Chunk 1 Cost - Prompt: $0.013557, Candidates: $0.002451, Thoughts: $0.006060, Cached: $0.001404, Total: $0.023472 
2026-01-31 21:24:42 [32minfo[39m: Processing chunk 2 of 23 
2026-01-31 21:24:42 [32minfo[39m: Chunk 2 Tokens - Prompt: $27113, Candidates: $808, Thoughts: $13180, Cached: $28084, Total: $69185 
2026-01-31 21:24:42 [32minfo[39m: Chunk 2 Cost - Prompt: $0.013557, Candidates: $0.002424, Thoughts: $0.039540, Cached: $0.001404, Total: $0.056925 
2026-01-31 21:24:42 [32minfo[39m: Processing chunk 3 of 23 
2026-01-31 21:24:42 [32minfo[39m: Chunk 3 Tokens - Prompt: $27113, Candidates: $416, Thoughts: $7579, Cached: $28084, Total: $63192 
2026-01-31 21:24:42 [32minfo[39m: Chunk 3 Cost - Prompt: $0.013557, Candidates: $0.001248, Thoughts: $0.022737, Cached: $0.001404, Total: $0.038946 
2026-01-31 21:24:42 [32minfo[39m: Processing chunk 4 of 23 
2026-01-31 21:24:42 [32minfo[39m: Chunk 4 Tokens - Prompt: $27113, Candidates: $1092, Thoughts: $8607, Cached: $28084, Total: $64896 
2026-01-31 21:24:42 [32minfo[39m: Chunk 4 Cost - Prompt: $0.013557, Candidates: $0.003276, Thoughts: $0.025821, Cached: $0.001404, Total: $0.044058 
2026-01-31 21:24:42 [32minfo[39m: Processing chunk 5 of 23 
2026-01-31 21:24:42 [32minfo[39m: Chunk 5 Tokens - Prompt: $27113, Candidates: $984, Thoughts: $3785, Cached: $28084, Total: $59966 
2026-01-31 21:24:42 [32minfo[39m: Chunk 5 Cost - Prompt: $0.013557, Candidates: $0.002952, Thoughts: $0.011355, Cached: $0.001404, Total: $0.029268 
2026-01-31 21:24:42 [32minfo[39m: Processing chunk 6 of 23 
2026-01-31 21:24:42 [32minfo[39m: Chunk 6 Tokens - Prompt: $27113, Candidates: $974, Thoughts: $60, Cached: $28084, Total: $56231 
2026-01-31 21:24:42 [32minfo[39m: Chunk 6 Cost - Prompt: $0.013557, Candidates: $0.002922, Thoughts: $0.000180, Cached: $0.001404, Total: $0.018063 
2026-01-31 21:24:42 [32minfo[39m: Processing chunk 7 of 23 
2026-01-31 21:24:42 [32minfo[39m: Chunk 7 Tokens - Prompt: $27113, Candidates: $474, Thoughts: $8446, Cached: $28084, Total: $64117 
2026-01-31 21:24:42 [32minfo[39m: Chunk 7 Cost - Prompt: $0.013557, Candidates: $0.001422, Thoughts: $0.025338, Cached: $0.001404, Total: $0.041721 
2026-01-31 21:24:42 [32minfo[39m: Processing chunk 8 of 23 
2026-01-31 21:24:42 [32minfo[39m: Chunk 8 Tokens - Prompt: $27113, Candidates: $762, Thoughts: $7122, Cached: $28084, Total: $63081 
2026-01-31 21:24:42 [32minfo[39m: Chunk 8 Cost - Prompt: $0.013557, Candidates: $0.002286, Thoughts: $0.021366, Cached: $0.001404, Total: $0.038613 
2026-01-31 21:24:42 [32minfo[39m: Processing chunk 9 of 23 
2026-01-31 21:24:42 [32minfo[39m: Chunk 9 Tokens - Prompt: $27113, Candidates: $1253, Thoughts: $13159, Cached: $28084, Total: $69609 
2026-01-31 21:24:42 [32minfo[39m: Chunk 9 Cost - Prompt: $0.013557, Candidates: $0.003759, Thoughts: $0.039477, Cached: $0.001404, Total: $0.058197 
2026-01-31 21:24:42 [32minfo[39m: Processing chunk 10 of 23 
2026-01-31 21:24:42 [32minfo[39m: Chunk 10 Tokens - Prompt: $27113, Candidates: $1182, Thoughts: $8067, Cached: $28084, Total: $64446 
2026-01-31 21:24:42 [32minfo[39m: Chunk 10 Cost - Prompt: $0.013557, Candidates: $0.003546, Thoughts: $0.024201, Cached: $0.001404, Total: $0.042708 
2026-01-31 21:24:42 [32minfo[39m: Processing chunk 11 of 23 
2026-01-31 21:24:42 [32minfo[39m: Chunk 11 Tokens - Prompt: $27113, Candidates: $761, Thoughts: $65, Cached: $28084, Total: $56023 
2026-01-31 21:24:42 [32minfo[39m: Chunk 11 Cost - Prompt: $0.013557, Candidates: $0.002283, Thoughts: $0.000195, Cached: $0.001404, Total: $0.017439 
2026-01-31 21:24:42 [32minfo[39m: Processing chunk 12 of 23 
2026-01-31 21:24:42 [32minfo[39m: Chunk 12 Tokens - Prompt: $27113, Candidates: $633, Thoughts: $9348, Cached: $28084, Total: $65178 
2026-01-31 21:24:42 [32minfo[39m: Chunk 12 Cost - Prompt: $0.013557, Candidates: $0.001899, Thoughts: $0.028044, Cached: $0.001404, Total: $0.044904 
2026-01-31 21:24:42 [32minfo[39m: Processing chunk 13 of 23 
2026-01-31 21:24:42 [32minfo[39m: Chunk 13 Tokens - Prompt: $27113, Candidates: $443, Thoughts: $10930, Cached: $28084, Total: $66570 
2026-01-31 21:24:42 [32minfo[39m: Chunk 13 Cost - Prompt: $0.013557, Candidates: $0.001329, Thoughts: $0.032790, Cached: $0.001404, Total: $0.049080 
2026-01-31 21:24:42 [32minfo[39m: Processing chunk 14 of 23 
2026-01-31 21:24:42 [32minfo[39m: Chunk 14 Tokens - Prompt: $27113, Candidates: $519, Thoughts: $11300, Cached: $28084, Total: $67016 
2026-01-31 21:24:42 [32minfo[39m: Chunk 14 Cost - Prompt: $0.013557, Candidates: $0.001557, Thoughts: $0.033900, Cached: $0.001404, Total: $0.050418 
2026-01-31 21:24:42 [32minfo[39m: Processing chunk 15 of 23 
2026-01-31 21:24:42 [32minfo[39m: Chunk 15 Tokens - Prompt: $27113, Candidates: $740, Thoughts: $10557, Cached: $28084, Total: $66494 
2026-01-31 21:24:42 [32minfo[39m: Chunk 15 Cost - Prompt: $0.013557, Candidates: $0.002220, Thoughts: $0.031671, Cached: $0.001404, Total: $0.048852 
2026-01-31 21:24:42 [32minfo[39m: Processing chunk 16 of 23 
2026-01-31 21:24:42 [32minfo[39m: Chunk 16 Tokens - Prompt: $27113, Candidates: $606, Thoughts: $8715, Cached: $28084, Total: $64518 
2026-01-31 21:24:42 [32minfo[39m: Chunk 16 Cost - Prompt: $0.013557, Candidates: $0.001818, Thoughts: $0.026145, Cached: $0.001404, Total: $0.042924 
2026-01-31 21:24:42 [32minfo[39m: Processing chunk 17 of 23 
2026-01-31 21:24:42 [32minfo[39m: Chunk 17 Tokens - Prompt: $27113, Candidates: $1192, Thoughts: $7314, Cached: $28084, Total: $63703 
2026-01-31 21:24:42 [32minfo[39m: Chunk 17 Cost - Prompt: $0.013557, Candidates: $0.003576, Thoughts: $0.021942, Cached: $0.001404, Total: $0.040479 
2026-01-31 21:24:42 [32minfo[39m: Processing chunk 18 of 23 
2026-01-31 21:24:42 [32minfo[39m: Chunk 18 Tokens - Prompt: $27113, Candidates: $790, Thoughts: $2012, Cached: $28084, Total: $57999 
2026-01-31 21:24:42 [32minfo[39m: Chunk 18 Cost - Prompt: $0.013557, Candidates: $0.002370, Thoughts: $0.006036, Cached: $0.001404, Total: $0.023367 
2026-01-31 21:24:42 [32minfo[39m: Processing chunk 19 of 23 
2026-01-31 21:24:42 [32minfo[39m: Chunk 19 Tokens - Prompt: $27113, Candidates: $601, Thoughts: $6906, Cached: $28084, Total: $62704 
2026-01-31 21:24:42 [32minfo[39m: Chunk 19 Cost - Prompt: $0.013557, Candidates: $0.001803, Thoughts: $0.020718, Cached: $0.001404, Total: $0.037482 
2026-01-31 21:24:42 [32minfo[39m: Processing chunk 20 of 23 
2026-01-31 21:24:42 [32minfo[39m: Chunk 20 Tokens - Prompt: $27113, Candidates: $894, Thoughts: $9335, Cached: $28084, Total: $65426 
2026-01-31 21:24:42 [32minfo[39m: Chunk 20 Cost - Prompt: $0.013557, Candidates: $0.002682, Thoughts: $0.028005, Cached: $0.001404, Total: $0.045648 
2026-01-31 21:24:42 [32minfo[39m: Processing chunk 21 of 23 
2026-01-31 21:24:42 [32minfo[39m: Chunk 21 Tokens - Prompt: $27113, Candidates: $761, Thoughts: $11697, Cached: $28084, Total: $67655 
2026-01-31 21:24:42 [32minfo[39m: Chunk 21 Cost - Prompt: $0.013557, Candidates: $0.002283, Thoughts: $0.035091, Cached: $0.001404, Total: $0.052335 
2026-01-31 21:24:42 [32minfo[39m: Processing chunk 22 of 23 
2026-01-31 21:24:42 [32minfo[39m: Chunk 22 Tokens - Prompt: $27113, Candidates: $611, Thoughts: $9456, Cached: $28084, Total: $65264 
2026-01-31 21:24:42 [32minfo[39m: Chunk 22 Cost - Prompt: $0.013557, Candidates: $0.001833, Thoughts: $0.028368, Cached: $0.001404, Total: $0.045162 
2026-01-31 21:24:42 [32minfo[39m: Processing chunk 23 of 23 
2026-01-31 21:24:42 [32minfo[39m: Chunk 23 Tokens - Prompt: $27113, Candidates: $232, Thoughts: $13223, Cached: $28084, Total: $68652 
2026-01-31 21:24:42 [32minfo[39m: Chunk 23 Cost - Prompt: $0.013557, Candidates: $0.000696, Thoughts: $0.039669, Cached: $0.001404, Total: $0.055326 
2026-01-31 21:24:42 [32minfo[39m: Written combined response to /Users/ryanchiang/Sites/college-datasets/packages/parser/src/output/university_of_georgia/university_of_georgia.json with 137 keys 
2026-01-31 21:24:42 [32minfo[39m: Total cost: $0.945380 
2026-01-31 21:24:42 [32minfo[39m: Parsing university_of_north_carolina_at_chapel_hill with file /Users/ryanchiang/Sites/college-datasets/packages/parser/data/cds-files/university_of_north_carolina_at_chapel_hill_CDS_UNCCH_2024-25_20250829.pdf and mime type application/pdf 
2026-01-31 21:24:42 [32minfo[39m: Uploading file /Users/ryanchiang/Sites/college-datasets/packages/parser/data/cds-files/university_of_north_carolina_at_chapel_hill_CDS_UNCCH_2024-25_20250829.pdf with mime type application/pdf 
2026-01-31 21:24:43 [32minfo[39m: File uploaded successfully: files/s6pqvmkui7o0 | https://generativelanguage.googleapis.com/v1beta/files/s6pqvmkui7o0 
2026-01-31 21:24:43 [32minfo[39m: Creating file cache for university_of_north_carolina_at_chapel_hill_CDS_UNCCH_2024-25_20250829.pdf... 
2026-01-31 21:24:44 [32minfo[39m: File cache for university_of_north_carolina_at_chapel_hill_CDS_UNCCH_2024-25_20250829.pdf created successfully! 
2026-01-31 21:24:44 [32minfo[39m: Splitting schema into 23 chunks of length 50 or less 
2026-01-31 21:24:44 [32minfo[39m: Sending 23 requests in parallel... 
2026-01-31 21:24:44 [32minfo[39m: Sending request for chunk 1 of 23 (undefined fields) 
2026-01-31 21:24:44 [32minfo[39m: Sending request for chunk 2 of 23 (undefined fields) 
2026-01-31 21:24:44 [32minfo[39m: Sending request for chunk 3 of 23 (undefined fields) 
2026-01-31 21:24:44 [32minfo[39m: Sending request for chunk 4 of 23 (undefined fields) 
2026-01-31 21:24:44 [32minfo[39m: Sending request for chunk 5 of 23 (undefined fields) 
2026-01-31 21:24:44 [32minfo[39m: Sending request for chunk 6 of 23 (undefined fields) 
2026-01-31 21:24:44 [32minfo[39m: Sending request for chunk 7 of 23 (undefined fields) 
2026-01-31 21:24:44 [32minfo[39m: Sending request for chunk 8 of 23 (undefined fields) 
2026-01-31 21:24:44 [32minfo[39m: Sending request for chunk 9 of 23 (undefined fields) 
2026-01-31 21:24:44 [32minfo[39m: Sending request for chunk 10 of 23 (undefined fields) 
2026-01-31 21:24:44 [32minfo[39m: Sending request for chunk 11 of 23 (undefined fields) 
2026-01-31 21:24:44 [32minfo[39m: Sending request for chunk 12 of 23 (undefined fields) 
2026-01-31 21:24:44 [32minfo[39m: Sending request for chunk 13 of 23 (undefined fields) 
2026-01-31 21:24:44 [32minfo[39m: Sending request for chunk 14 of 23 (undefined fields) 
2026-01-31 21:24:44 [32minfo[39m: Sending request for chunk 15 of 23 (undefined fields) 
2026-01-31 21:24:44 [32minfo[39m: Sending request for chunk 16 of 23 (undefined fields) 
2026-01-31 21:24:44 [32minfo[39m: Sending request for chunk 17 of 23 (undefined fields) 
2026-01-31 21:24:44 [32minfo[39m: Sending request for chunk 18 of 23 (undefined fields) 
2026-01-31 21:24:44 [32minfo[39m: Sending request for chunk 19 of 23 (undefined fields) 
2026-01-31 21:24:44 [32minfo[39m: Sending request for chunk 20 of 23 (undefined fields) 
2026-01-31 21:24:44 [32minfo[39m: Sending request for chunk 21 of 23 (undefined fields) 
2026-01-31 21:24:44 [32minfo[39m: Sending request for chunk 22 of 23 (undefined fields) 
2026-01-31 21:24:44 [32minfo[39m: Sending request for chunk 23 of 23 (undefined fields) 
2026-01-31 21:29:46 [32minfo[39m: Processing chunk 1 of 23 
2026-01-31 21:29:46 [32minfo[39m: Chunk 1 Tokens - Prompt: $21151, Candidates: $933, Thoughts: $125, Cached: $21924, Total: $44133 
2026-01-31 21:29:46 [32minfo[39m: Chunk 1 Cost - Prompt: $0.010575, Candidates: $0.002799, Thoughts: $0.000375, Cached: $0.001096, Total: $0.014846 
2026-01-31 21:29:46 [32minfo[39m: Processing chunk 2 of 23 
2026-01-31 21:29:46 [32minfo[39m: Chunk 2 Tokens - Prompt: $21151, Candidates: $866, Thoughts: $4931, Cached: $21924, Total: $48872 
2026-01-31 21:29:46 [32minfo[39m: Chunk 2 Cost - Prompt: $0.010575, Candidates: $0.002598, Thoughts: $0.014793, Cached: $0.001096, Total: $0.029063 
2026-01-31 21:29:46 [32minfo[39m: Processing chunk 3 of 23 
2026-01-31 21:29:46 [32minfo[39m: Chunk 3 Tokens - Prompt: $21151, Candidates: $419, Thoughts: $9026, Cached: $21924, Total: $52520 
2026-01-31 21:29:46 [32minfo[39m: Chunk 3 Cost - Prompt: $0.010575, Candidates: $0.001257, Thoughts: $0.027078, Cached: $0.001096, Total: $0.040007 
2026-01-31 21:29:46 [32minfo[39m: Processing chunk 4 of 23 
2026-01-31 21:29:46 [32minfo[39m: Chunk 4 Tokens - Prompt: $21151, Candidates: $1087, Thoughts: $11253, Cached: $21924, Total: $55415 
2026-01-31 21:29:46 [32minfo[39m: Chunk 4 Cost - Prompt: $0.010575, Candidates: $0.003261, Thoughts: $0.033759, Cached: $0.001096, Total: $0.048692 
2026-01-31 21:29:46 [32minfo[39m: Processing chunk 5 of 23 
2026-01-31 21:29:46 [32minfo[39m: Chunk 5 Tokens - Prompt: $21151, Candidates: $879, Thoughts: $3075, Cached: $21924, Total: $47029 
2026-01-31 21:29:46 [32minfo[39m: Chunk 5 Cost - Prompt: $0.010575, Candidates: $0.002637, Thoughts: $0.009225, Cached: $0.001096, Total: $0.023534 
2026-01-31 21:29:46 [32minfo[39m: Processing chunk 6 of 23 
2026-01-31 21:29:46 [32minfo[39m: Chunk 6 Tokens - Prompt: $21151, Candidates: $974, Thoughts: $7502, Cached: $21924, Total: $51551 
2026-01-31 21:29:46 [32minfo[39m: Chunk 6 Cost - Prompt: $0.010575, Candidates: $0.002922, Thoughts: $0.022506, Cached: $0.001096, Total: $0.037100 
2026-01-31 21:29:46 [32minfo[39m: Processing chunk 7 of 23 
2026-01-31 21:29:46 [32minfo[39m: Chunk 7 Tokens - Prompt: $21151, Candidates: $417, Thoughts: $5758, Cached: $21924, Total: $49250 
2026-01-31 21:29:46 [32minfo[39m: Chunk 7 Cost - Prompt: $0.010575, Candidates: $0.001251, Thoughts: $0.017274, Cached: $0.001096, Total: $0.030197 
2026-01-31 21:29:46 [32minfo[39m: Processing chunk 8 of 23 
2026-01-31 21:29:46 [32minfo[39m: Chunk 8 Tokens - Prompt: $21151, Candidates: $862, Thoughts: $107, Cached: $21924, Total: $44044 
2026-01-31 21:29:46 [32minfo[39m: Chunk 8 Cost - Prompt: $0.010575, Candidates: $0.002586, Thoughts: $0.000321, Cached: $0.001096, Total: $0.014579 
2026-01-31 21:29:46 [32minfo[39m: Processing chunk 9 of 23 
2026-01-31 21:29:46 [32minfo[39m: Chunk 9 Tokens - Prompt: $21151, Candidates: $987, Thoughts: $5986, Cached: $21924, Total: $50048 
2026-01-31 21:29:46 [32minfo[39m: Chunk 9 Cost - Prompt: $0.010575, Candidates: $0.002961, Thoughts: $0.017958, Cached: $0.001096, Total: $0.032591 
2026-01-31 21:29:46 [31merror[39m: Request failed: Error: exception TypeError: fetch failed sending request 
2026-01-31 21:29:46 [32minfo[39m: Processing chunk 11 of 23 
2026-01-31 21:29:46 [32minfo[39m: Chunk 11 Tokens - Prompt: $21151, Candidates: $457, Thoughts: $6250, Cached: $21924, Total: $49782 
2026-01-31 21:29:46 [32minfo[39m: Chunk 11 Cost - Prompt: $0.010575, Candidates: $0.001371, Thoughts: $0.018750, Cached: $0.001096, Total: $0.031793 
2026-01-31 21:29:46 [32minfo[39m: Processing chunk 12 of 23 
2026-01-31 21:29:46 [32minfo[39m: Chunk 12 Tokens - Prompt: $21151, Candidates: $938, Thoughts: $7071, Cached: $21924, Total: $51084 
2026-01-31 21:29:46 [32minfo[39m: Chunk 12 Cost - Prompt: $0.010575, Candidates: $0.002814, Thoughts: $0.021213, Cached: $0.001096, Total: $0.035699 
2026-01-31 21:29:46 [32minfo[39m: Processing chunk 13 of 23 
2026-01-31 21:29:46 [32minfo[39m: Chunk 13 Tokens - Prompt: $21151, Candidates: $594, Thoughts: $5684, Cached: $21924, Total: $49353 
2026-01-31 21:29:46 [32minfo[39m: Chunk 13 Cost - Prompt: $0.010575, Candidates: $0.001782, Thoughts: $0.017052, Cached: $0.001096, Total: $0.030506 
2026-01-31 21:29:46 [32minfo[39m: Processing chunk 14 of 23 
2026-01-31 21:29:46 [32minfo[39m: Chunk 14 Tokens - Prompt: $21151, Candidates: $436, Thoughts: $12884, Cached: $21924, Total: $56395 
2026-01-31 21:29:46 [32minfo[39m: Chunk 14 Cost - Prompt: $0.010575, Candidates: $0.001308, Thoughts: $0.038652, Cached: $0.001096, Total: $0.051632 
2026-01-31 21:29:46 [32minfo[39m: Processing chunk 15 of 23 
2026-01-31 21:29:46 [32minfo[39m: Chunk 15 Tokens - Prompt: $21151, Candidates: $892, Thoughts: $213, Cached: $21924, Total: $44180 
2026-01-31 21:29:46 [32minfo[39m: Chunk 15 Cost - Prompt: $0.010575, Candidates: $0.002676, Thoughts: $0.000639, Cached: $0.001096, Total: $0.014987 
2026-01-31 21:29:46 [32minfo[39m: Processing chunk 16 of 23 
2026-01-31 21:29:46 [32minfo[39m: Chunk 16 Tokens - Prompt: $21151, Candidates: $568, Thoughts: $6234, Cached: $21924, Total: $49877 
2026-01-31 21:29:46 [32minfo[39m: Chunk 16 Cost - Prompt: $0.010575, Candidates: $0.001704, Thoughts: $0.018702, Cached: $0.001096, Total: $0.032078 
2026-01-31 21:29:46 [32minfo[39m: Processing chunk 17 of 23 
2026-01-31 21:29:46 [32minfo[39m: Chunk 17 Tokens - Prompt: $21151, Candidates: $1020, Thoughts: $8261, Cached: $21924, Total: $52356 
2026-01-31 21:29:46 [32minfo[39m: Chunk 17 Cost - Prompt: $0.010575, Candidates: $0.003060, Thoughts: $0.024783, Cached: $0.001096, Total: $0.039515 
2026-01-31 21:29:46 [32minfo[39m: Processing chunk 18 of 23 
2026-01-31 21:29:46 [32minfo[39m: Chunk 18 Tokens - Prompt: $21151, Candidates: $993, Thoughts: $3841, Cached: $21924, Total: $47909 
2026-01-31 21:29:46 [32minfo[39m: Chunk 18 Cost - Prompt: $0.010575, Candidates: $0.002979, Thoughts: $0.011523, Cached: $0.001096, Total: $0.026174 
2026-01-31 21:29:46 [32minfo[39m: Processing chunk 19 of 23 
2026-01-31 21:29:46 [32minfo[39m: Chunk 19 Tokens - Prompt: $21151, Candidates: $600, Thoughts: $7276, Cached: $21924, Total: $50951 
2026-01-31 21:29:46 [32minfo[39m: Chunk 19 Cost - Prompt: $0.010575, Candidates: $0.001800, Thoughts: $0.021828, Cached: $0.001096, Total: $0.035300 
2026-01-31 21:29:46 [32minfo[39m: Processing chunk 20 of 23 
2026-01-31 21:29:46 [32minfo[39m: Chunk 20 Tokens - Prompt: $21151, Candidates: $911, Thoughts: $4605, Cached: $21924, Total: $48591 
2026-01-31 21:29:46 [32minfo[39m: Chunk 20 Cost - Prompt: $0.010575, Candidates: $0.002733, Thoughts: $0.013815, Cached: $0.001096, Total: $0.028220 
2026-01-31 21:29:46 [32minfo[39m: Processing chunk 21 of 23 
2026-01-31 21:29:46 [32minfo[39m: Chunk 21 Tokens - Prompt: $21151, Candidates: $1052, Thoughts: $5790, Cached: $21924, Total: $49917 
2026-01-31 21:29:46 [32minfo[39m: Chunk 21 Cost - Prompt: $0.010575, Candidates: $0.003156, Thoughts: $0.017370, Cached: $0.001096, Total: $0.032198 
2026-01-31 21:29:46 [32minfo[39m: Processing chunk 22 of 23 
2026-01-31 21:29:46 [32minfo[39m: Chunk 22 Tokens - Prompt: $21151, Candidates: $593, Thoughts: $5748, Cached: $21924, Total: $49416 
2026-01-31 21:29:46 [32minfo[39m: Chunk 22 Cost - Prompt: $0.010575, Candidates: $0.001779, Thoughts: $0.017244, Cached: $0.001096, Total: $0.030695 
2026-01-31 21:29:46 [32minfo[39m: Processing chunk 23 of 23 
2026-01-31 21:29:46 [32minfo[39m: Chunk 23 Tokens - Prompt: $21151, Candidates: $283, Thoughts: $3918, Cached: $21924, Total: $47276 
2026-01-31 21:29:46 [32minfo[39m: Chunk 23 Cost - Prompt: $0.010575, Candidates: $0.000849, Thoughts: $0.011754, Cached: $0.001096, Total: $0.024275 
2026-01-31 21:29:46 [32minfo[39m: Written combined response to /Users/ryanchiang/Sites/college-datasets/packages/parser/src/output/university_of_north_carolina_at_chapel_hill/university_of_north_carolina_at_chapel_hill.json with 128 keys 
2026-01-31 21:29:46 [32minfo[39m: Total cost: $0.683674 
2026-01-31 21:29:46 [32minfo[39m: Parsing university_of_illinois_urbana_champaign with file /Users/ryanchiang/Sites/college-datasets/packages/parser/data/cds-files/university_of_illinois_urbana_champaign_statsfa25.pdf and mime type application/pdf 
2026-01-31 21:29:46 [32minfo[39m: Uploading file /Users/ryanchiang/Sites/college-datasets/packages/parser/data/cds-files/university_of_illinois_urbana_champaign_statsfa25.pdf with mime type application/pdf 
2026-01-31 21:29:47 [32minfo[39m: File uploaded successfully: files/8n82qrc9aaas | https://generativelanguage.googleapis.com/v1beta/files/8n82qrc9aaas 
2026-01-31 21:29:47 [32minfo[39m: Creating file cache for university_of_illinois_urbana_champaign_statsfa25.pdf... 
2026-01-31 21:29:48 [32minfo[39m: File cache for university_of_illinois_urbana_champaign_statsfa25.pdf created successfully! 
2026-01-31 21:29:48 [32minfo[39m: Splitting schema into 23 chunks of length 50 or less 
2026-01-31 21:29:48 [32minfo[39m: Sending 23 requests in parallel... 
2026-01-31 21:29:48 [32minfo[39m: Sending request for chunk 1 of 23 (undefined fields) 
2026-01-31 21:29:48 [32minfo[39m: Sending request for chunk 2 of 23 (undefined fields) 
2026-01-31 21:29:48 [32minfo[39m: Sending request for chunk 3 of 23 (undefined fields) 
2026-01-31 21:29:48 [32minfo[39m: Sending request for chunk 4 of 23 (undefined fields) 
2026-01-31 21:29:48 [32minfo[39m: Sending request for chunk 5 of 23 (undefined fields) 
2026-01-31 21:29:48 [32minfo[39m: Sending request for chunk 6 of 23 (undefined fields) 
2026-01-31 21:29:48 [32minfo[39m: Sending request for chunk 7 of 23 (undefined fields) 
2026-01-31 21:29:48 [32minfo[39m: Sending request for chunk 8 of 23 (undefined fields) 
2026-01-31 21:29:48 [32minfo[39m: Sending request for chunk 9 of 23 (undefined fields) 
2026-01-31 21:29:48 [32minfo[39m: Sending request for chunk 10 of 23 (undefined fields) 
2026-01-31 21:29:48 [32minfo[39m: Sending request for chunk 11 of 23 (undefined fields) 
2026-01-31 21:29:48 [32minfo[39m: Sending request for chunk 12 of 23 (undefined fields) 
2026-01-31 21:29:48 [32minfo[39m: Sending request for chunk 13 of 23 (undefined fields) 
2026-01-31 21:29:48 [32minfo[39m: Sending request for chunk 14 of 23 (undefined fields) 
2026-01-31 21:29:48 [32minfo[39m: Sending request for chunk 15 of 23 (undefined fields) 
2026-01-31 21:29:48 [32minfo[39m: Sending request for chunk 16 of 23 (undefined fields) 
2026-01-31 21:29:48 [32minfo[39m: Sending request for chunk 17 of 23 (undefined fields) 
2026-01-31 21:29:48 [32minfo[39m: Sending request for chunk 18 of 23 (undefined fields) 
2026-01-31 21:29:48 [32minfo[39m: Sending request for chunk 19 of 23 (undefined fields) 
2026-01-31 21:29:48 [32minfo[39m: Sending request for chunk 20 of 23 (undefined fields) 
2026-01-31 21:29:48 [32minfo[39m: Sending request for chunk 21 of 23 (undefined fields) 
2026-01-31 21:29:48 [32minfo[39m: Sending request for chunk 22 of 23 (undefined fields) 
2026-01-31 21:29:48 [32minfo[39m: Sending request for chunk 23 of 23 (undefined fields) 
2026-01-31 21:30:25 [32minfo[39m: Processing chunk 1 of 23 
2026-01-31 21:30:25 [32minfo[39m: Chunk 1 Tokens - Prompt: $1097, Candidates: $801, Thoughts: $599, Cached: $1204, Total: $3701 
2026-01-31 21:30:25 [32minfo[39m: Chunk 1 Cost - Prompt: $0.000549, Candidates: $0.002403, Thoughts: $0.001797, Cached: $0.000060, Total: $0.004809 
2026-01-31 21:30:25 [32minfo[39m: Processing chunk 2 of 23 
2026-01-31 21:30:25 [32minfo[39m: Chunk 2 Tokens - Prompt: $1097, Candidates: $871, Thoughts: $120, Cached: $1204, Total: $3292 
2026-01-31 21:30:25 [32minfo[39m: Chunk 2 Cost - Prompt: $0.000549, Candidates: $0.002613, Thoughts: $0.000360, Cached: $0.000060, Total: $0.003582 
2026-01-31 21:30:25 [32minfo[39m: Processing chunk 3 of 23 
2026-01-31 21:30:25 [32minfo[39m: Chunk 3 Tokens - Prompt: $1097, Candidates: $429, Thoughts: $336, Cached: $1204, Total: $3066 
2026-01-31 21:30:25 [32minfo[39m: Chunk 3 Cost - Prompt: $0.000549, Candidates: $0.001287, Thoughts: $0.001008, Cached: $0.000060, Total: $0.002904 
2026-01-31 21:30:25 [32minfo[39m: Processing chunk 4 of 23 
2026-01-31 21:30:25 [32minfo[39m: Chunk 4 Tokens - Prompt: $1097, Candidates: $1014, Thoughts: $1829, Cached: $1204, Total: $5144 
2026-01-31 21:30:25 [32minfo[39m: Chunk 4 Cost - Prompt: $0.000549, Candidates: $0.003042, Thoughts: $0.005487, Cached: $0.000060, Total: $0.009138 
2026-01-31 21:30:25 [32minfo[39m: Processing chunk 5 of 23 
2026-01-31 21:30:25 [32minfo[39m: Chunk 5 Tokens - Prompt: $1097, Candidates: $890, Thoughts: $472, Cached: $1204, Total: $3663 
2026-01-31 21:30:25 [32minfo[39m: Chunk 5 Cost - Prompt: $0.000549, Candidates: $0.002670, Thoughts: $0.001416, Cached: $0.000060, Total: $0.004695 
2026-01-31 21:30:25 [32minfo[39m: Processing chunk 6 of 23 
2026-01-31 21:30:25 [32minfo[39m: Chunk 6 Tokens - Prompt: $1097, Candidates: $922, Thoughts: $564, Cached: $1204, Total: $3787 
2026-01-31 21:30:25 [32minfo[39m: Chunk 6 Cost - Prompt: $0.000549, Candidates: $0.002766, Thoughts: $0.001692, Cached: $0.000060, Total: $0.005067 
2026-01-31 21:30:25 [32minfo[39m: Processing chunk 7 of 23 
2026-01-31 21:30:25 [32minfo[39m: Chunk 7 Tokens - Prompt: $1097, Candidates: $643, Thoughts: $409, Cached: $1204, Total: $3353 
2026-01-31 21:30:25 [32minfo[39m: Chunk 7 Cost - Prompt: $0.000549, Candidates: $0.001929, Thoughts: $0.001227, Cached: $0.000060, Total: $0.003765 
2026-01-31 21:30:25 [32minfo[39m: Processing chunk 8 of 23 
2026-01-31 21:30:25 [32minfo[39m: Chunk 8 Tokens - Prompt: $1097, Candidates: $588, Thoughts: $701, Cached: $1204, Total: $3590 
2026-01-31 21:30:25 [32minfo[39m: Chunk 8 Cost - Prompt: $0.000549, Candidates: $0.001764, Thoughts: $0.002103, Cached: $0.000060, Total: $0.004476 
2026-01-31 21:30:25 [32minfo[39m: Processing chunk 9 of 23 
2026-01-31 21:30:25 [32minfo[39m: Chunk 9 Tokens - Prompt: $1097, Candidates: $1112, Thoughts: $799, Cached: $1204, Total: $4212 
2026-01-31 21:30:25 [32minfo[39m: Chunk 9 Cost - Prompt: $0.000549, Candidates: $0.003336, Thoughts: $0.002397, Cached: $0.000060, Total: $0.006342 
2026-01-31 21:30:25 [32minfo[39m: Processing chunk 10 of 23 
2026-01-31 21:30:25 [32minfo[39m: Chunk 10 Tokens - Prompt: $1097, Candidates: $979, Thoughts: $271, Cached: $1204, Total: $3551 
2026-01-31 21:30:25 [32minfo[39m: Chunk 10 Cost - Prompt: $0.000549, Candidates: $0.002937, Thoughts: $0.000813, Cached: $0.000060, Total: $0.004359 
2026-01-31 21:30:25 [32minfo[39m: Processing chunk 11 of 23 
2026-01-31 21:30:25 [32minfo[39m: Chunk 11 Tokens - Prompt: $1097, Candidates: $634, Thoughts: $1407, Cached: $1204, Total: $4342 
2026-01-31 21:30:25 [32minfo[39m: Chunk 11 Cost - Prompt: $0.000549, Candidates: $0.001902, Thoughts: $0.004221, Cached: $0.000060, Total: $0.006732 
2026-01-31 21:30:25 [32minfo[39m: Processing chunk 12 of 23 
2026-01-31 21:30:25 [32minfo[39m: Chunk 12 Tokens - Prompt: $1097, Candidates: $625, Thoughts: $1209, Cached: $1204, Total: $4135 
2026-01-31 21:30:25 [32minfo[39m: Chunk 12 Cost - Prompt: $0.000549, Candidates: $0.001875, Thoughts: $0.003627, Cached: $0.000060, Total: $0.006111 
2026-01-31 21:30:25 [32minfo[39m: Processing chunk 13 of 23 
2026-01-31 21:30:25 [32minfo[39m: Chunk 13 Tokens - Prompt: $1097, Candidates: $513, Thoughts: $865, Cached: $1204, Total: $3679 
2026-01-31 21:30:25 [32minfo[39m: Chunk 13 Cost - Prompt: $0.000549, Candidates: $0.001539, Thoughts: $0.002595, Cached: $0.000060, Total: $0.004743 
2026-01-31 21:30:25 [32minfo[39m: Processing chunk 14 of 23 
2026-01-31 21:30:25 [32minfo[39m: Chunk 14 Tokens - Prompt: $1097, Candidates: $568, Thoughts: $1081, Cached: $1204, Total: $3950 
2026-01-31 21:30:25 [32minfo[39m: Chunk 14 Cost - Prompt: $0.000549, Candidates: $0.001704, Thoughts: $0.003243, Cached: $0.000060, Total: $0.005556 
2026-01-31 21:30:25 [32minfo[39m: Processing chunk 15 of 23 
2026-01-31 21:30:25 [32minfo[39m: Chunk 15 Tokens - Prompt: $1097, Candidates: $827, Thoughts: $391, Cached: $1204, Total: $3519 
2026-01-31 21:30:25 [32minfo[39m: Chunk 15 Cost - Prompt: $0.000549, Candidates: $0.002481, Thoughts: $0.001173, Cached: $0.000060, Total: $0.004263 
2026-01-31 21:30:25 [32minfo[39m: Processing chunk 16 of 23 
2026-01-31 21:30:25 [32minfo[39m: Chunk 16 Tokens - Prompt: $1097, Candidates: $552, Thoughts: $1951, Cached: $1204, Total: $4804 
2026-01-31 21:30:25 [32minfo[39m: Chunk 16 Cost - Prompt: $0.000549, Candidates: $0.001656, Thoughts: $0.005853, Cached: $0.000060, Total: $0.008118 
2026-01-31 21:30:25 [32minfo[39m: Processing chunk 17 of 23 
2026-01-31 21:30:25 [32minfo[39m: Chunk 17 Tokens - Prompt: $1097, Candidates: $1075, Thoughts: $821, Cached: $1204, Total: $4197 
2026-01-31 21:30:25 [32minfo[39m: Chunk 17 Cost - Prompt: $0.000549, Candidates: $0.003225, Thoughts: $0.002463, Cached: $0.000060, Total: $0.006297 
2026-01-31 21:30:25 [32minfo[39m: Processing chunk 18 of 23 
2026-01-31 21:30:25 [32minfo[39m: Chunk 18 Tokens - Prompt: $1097, Candidates: $805, Thoughts: $1021, Cached: $1204, Total: $4127 
2026-01-31 21:30:25 [32minfo[39m: Chunk 18 Cost - Prompt: $0.000549, Candidates: $0.002415, Thoughts: $0.003063, Cached: $0.000060, Total: $0.006087 
2026-01-31 21:30:25 [32minfo[39m: Processing chunk 19 of 23 
2026-01-31 21:30:25 [32minfo[39m: Chunk 19 Tokens - Prompt: $1097, Candidates: $849, Thoughts: $402, Cached: $1204, Total: $3552 
2026-01-31 21:30:25 [32minfo[39m: Chunk 19 Cost - Prompt: $0.000549, Candidates: $0.002547, Thoughts: $0.001206, Cached: $0.000060, Total: $0.004362 
2026-01-31 21:30:25 [32minfo[39m: Processing chunk 20 of 23 
2026-01-31 21:30:25 [32minfo[39m: Chunk 20 Tokens - Prompt: $1097, Candidates: $617, Thoughts: $3980, Cached: $1204, Total: $6898 
2026-01-31 21:30:25 [32minfo[39m: Chunk 20 Cost - Prompt: $0.000549, Candidates: $0.001851, Thoughts: $0.011940, Cached: $0.000060, Total: $0.014400 
2026-01-31 21:30:25 [32minfo[39m: Processing chunk 21 of 23 
2026-01-31 21:30:25 [32minfo[39m: Chunk 21 Tokens - Prompt: $1097, Candidates: $679, Thoughts: $4338, Cached: $1204, Total: $7318 
2026-01-31 21:30:25 [32minfo[39m: Chunk 21 Cost - Prompt: $0.000549, Candidates: $0.002037, Thoughts: $0.013014, Cached: $0.000060, Total: $0.015660 
2026-01-31 21:30:25 [32minfo[39m: Processing chunk 22 of 23 
2026-01-31 21:30:25 [32minfo[39m: Chunk 22 Tokens - Prompt: $1097, Candidates: $568, Thoughts: $2334, Cached: $1204, Total: $5203 
2026-01-31 21:30:25 [32minfo[39m: Chunk 22 Cost - Prompt: $0.000549, Candidates: $0.001704, Thoughts: $0.007002, Cached: $0.000060, Total: $0.009315 
2026-01-31 21:30:25 [32minfo[39m: Processing chunk 23 of 23 
2026-01-31 21:30:25 [32minfo[39m: Chunk 23 Tokens - Prompt: $1097, Candidates: $233, Thoughts: $1971, Cached: $1204, Total: $4505 
2026-01-31 21:30:25 [32minfo[39m: Chunk 23 Cost - Prompt: $0.000549, Candidates: $0.000699, Thoughts: $0.005913, Cached: $0.000060, Total: $0.007221 
2026-01-31 21:30:25 [32minfo[39m: Written combined response to /Users/ryanchiang/Sites/college-datasets/packages/parser/src/output/university_of_illinois_urbana_champaign/university_of_illinois_urbana_champaign.json with 114 keys 
2026-01-31 21:30:25 [32minfo[39m: Total cost: $0.147995 
2026-01-31 21:30:25 [32minfo[39m: Parsing washington_university_in_st_louis with file /Users/ryanchiang/Sites/college-datasets/packages/parser/data/cds-files/washington_university_in_st_louis_2024-2025-WashU-CDS.pdf and mime type application/pdf 
2026-01-31 21:30:25 [32minfo[39m: Uploading file /Users/ryanchiang/Sites/college-datasets/packages/parser/data/cds-files/washington_university_in_st_louis_2024-2025-WashU-CDS.pdf with mime type application/pdf 
2026-01-31 21:30:27 [32minfo[39m: File uploaded successfully: files/5sklvvlzmwxm | https://generativelanguage.googleapis.com/v1beta/files/5sklvvlzmwxm 
2026-01-31 21:30:27 [32minfo[39m: Creating file cache for washington_university_in_st_louis_2024-2025-WashU-CDS.pdf... 
2026-01-31 21:30:29 [32minfo[39m: File cache for washington_university_in_st_louis_2024-2025-WashU-CDS.pdf created successfully! 
2026-01-31 21:30:29 [32minfo[39m: Splitting schema into 23 chunks of length 50 or less 
2026-01-31 21:30:29 [32minfo[39m: Sending 23 requests in parallel... 
2026-01-31 21:30:29 [32minfo[39m: Sending request for chunk 1 of 23 (undefined fields) 
2026-01-31 21:30:29 [32minfo[39m: Sending request for chunk 2 of 23 (undefined fields) 
2026-01-31 21:30:29 [32minfo[39m: Sending request for chunk 3 of 23 (undefined fields) 
2026-01-31 21:30:29 [32minfo[39m: Sending request for chunk 4 of 23 (undefined fields) 
2026-01-31 21:30:29 [32minfo[39m: Sending request for chunk 5 of 23 (undefined fields) 
2026-01-31 21:30:29 [32minfo[39m: Sending request for chunk 6 of 23 (undefined fields) 
2026-01-31 21:30:29 [32minfo[39m: Sending request for chunk 7 of 23 (undefined fields) 
2026-01-31 21:30:29 [32minfo[39m: Sending request for chunk 8 of 23 (undefined fields) 
2026-01-31 21:30:29 [32minfo[39m: Sending request for chunk 9 of 23 (undefined fields) 
2026-01-31 21:30:29 [32minfo[39m: Sending request for chunk 10 of 23 (undefined fields) 
2026-01-31 21:30:29 [32minfo[39m: Sending request for chunk 11 of 23 (undefined fields) 
2026-01-31 21:30:29 [32minfo[39m: Sending request for chunk 12 of 23 (undefined fields) 
2026-01-31 21:30:29 [32minfo[39m: Sending request for chunk 13 of 23 (undefined fields) 
2026-01-31 21:30:29 [32minfo[39m: Sending request for chunk 14 of 23 (undefined fields) 
2026-01-31 21:30:29 [32minfo[39m: Sending request for chunk 15 of 23 (undefined fields) 
2026-01-31 21:30:29 [32minfo[39m: Sending request for chunk 16 of 23 (undefined fields) 
2026-01-31 21:30:29 [32minfo[39m: Sending request for chunk 17 of 23 (undefined fields) 
2026-01-31 21:30:29 [32minfo[39m: Sending request for chunk 18 of 23 (undefined fields) 
2026-01-31 21:30:29 [32minfo[39m: Sending request for chunk 19 of 23 (undefined fields) 
2026-01-31 21:30:29 [32minfo[39m: Sending request for chunk 20 of 23 (undefined fields) 
2026-01-31 21:30:29 [32minfo[39m: Sending request for chunk 21 of 23 (undefined fields) 
2026-01-31 21:30:29 [32minfo[39m: Sending request for chunk 22 of 23 (undefined fields) 
2026-01-31 21:30:29 [32minfo[39m: Sending request for chunk 23 of 23 (undefined fields) 
2026-01-31 21:35:30 [32minfo[39m: Processing chunk 1 of 23 
2026-01-31 21:35:30 [32minfo[39m: Chunk 1 Tokens - Prompt: $23319, Candidates: $873, Thoughts: $2204, Cached: $24164, Total: $50560 
2026-01-31 21:35:30 [32minfo[39m: Chunk 1 Cost - Prompt: $0.011659, Candidates: $0.002619, Thoughts: $0.006612, Cached: $0.001208, Total: $0.022099 
2026-01-31 21:35:30 [32minfo[39m: Processing chunk 2 of 23 
2026-01-31 21:35:30 [32minfo[39m: Chunk 2 Tokens - Prompt: $23319, Candidates: $911, Thoughts: $2376, Cached: $24164, Total: $50770 
2026-01-31 21:35:30 [32minfo[39m: Chunk 2 Cost - Prompt: $0.011659, Candidates: $0.002733, Thoughts: $0.007128, Cached: $0.001208, Total: $0.022729 
2026-01-31 21:35:30 [32minfo[39m: Processing chunk 3 of 23 
2026-01-31 21:35:30 [32minfo[39m: Chunk 3 Tokens - Prompt: $23319, Candidates: $535, Thoughts: $8535, Cached: $24164, Total: $56553 
2026-01-31 21:35:30 [32minfo[39m: Chunk 3 Cost - Prompt: $0.011659, Candidates: $0.001605, Thoughts: $0.025605, Cached: $0.001208, Total: $0.040078 
2026-01-31 21:35:30 [32minfo[39m: Processing chunk 4 of 23 
2026-01-31 21:35:30 [32minfo[39m: Chunk 4 Tokens - Prompt: $23319, Candidates: $1076, Thoughts: $9913, Cached: $24164, Total: $58472 
2026-01-31 21:35:30 [32minfo[39m: Chunk 4 Cost - Prompt: $0.011659, Candidates: $0.003228, Thoughts: $0.029739, Cached: $0.001208, Total: $0.045835 
2026-01-31 21:35:30 [32minfo[39m: Processing chunk 5 of 23 
2026-01-31 21:35:30 [32minfo[39m: Chunk 5 Tokens - Prompt: $23319, Candidates: $968, Thoughts: $4296, Cached: $24164, Total: $52747 
2026-01-31 21:35:30 [32minfo[39m: Chunk 5 Cost - Prompt: $0.011659, Candidates: $0.002904, Thoughts: $0.012888, Cached: $0.001208, Total: $0.028660 
2026-01-31 21:35:30 [32minfo[39m: Processing chunk 6 of 23 
2026-01-31 21:35:30 [32minfo[39m: Chunk 6 Tokens - Prompt: $23319, Candidates: $865, Thoughts: $8398, Cached: $24164, Total: $56746 
2026-01-31 21:35:30 [32minfo[39m: Chunk 6 Cost - Prompt: $0.011659, Candidates: $0.002595, Thoughts: $0.025194, Cached: $0.001208, Total: $0.040657 
2026-01-31 21:35:30 [32minfo[39m: Processing chunk 7 of 23 
2026-01-31 21:35:30 [32minfo[39m: Chunk 7 Tokens - Prompt: $23319, Candidates: $631, Thoughts: $4927, Cached: $24164, Total: $53041 
2026-01-31 21:35:30 [32minfo[39m: Chunk 7 Cost - Prompt: $0.011659, Candidates: $0.001893, Thoughts: $0.014781, Cached: $0.001208, Total: $0.029542 
2026-01-31 21:35:30 [32minfo[39m: Processing chunk 8 of 23 
2026-01-31 21:35:30 [32minfo[39m: Chunk 8 Tokens - Prompt: $23319, Candidates: $773, Thoughts: $13526, Cached: $24164, Total: $61782 
2026-01-31 21:35:30 [32minfo[39m: Chunk 8 Cost - Prompt: $0.011659, Candidates: $0.002319, Thoughts: $0.040578, Cached: $0.001208, Total: $0.055765 
2026-01-31 21:35:30 [32minfo[39m: Processing chunk 9 of 23 
2026-01-31 21:35:30 [32minfo[39m: Chunk 9 Tokens - Prompt: $23319, Candidates: $1121, Thoughts: $4474, Cached: $24164, Total: $53078 
2026-01-31 21:35:30 [32minfo[39m: Chunk 9 Cost - Prompt: $0.011659, Candidates: $0.003363, Thoughts: $0.013422, Cached: $0.001208, Total: $0.029653 
2026-01-31 21:35:30 [31merror[39m: Request failed: Error: exception TypeError: fetch failed sending request 
2026-01-31 21:35:30 [32minfo[39m: Processing chunk 11 of 23 
2026-01-31 21:35:30 [32minfo[39m: Chunk 11 Tokens - Prompt: $23319, Candidates: $784, Thoughts: $3412, Cached: $24164, Total: $51679 
2026-01-31 21:35:30 [32minfo[39m: Chunk 11 Cost - Prompt: $0.011659, Candidates: $0.002352, Thoughts: $0.010236, Cached: $0.001208, Total: $0.025456 
2026-01-31 21:35:30 [32minfo[39m: Processing chunk 12 of 23 
2026-01-31 21:35:30 [32minfo[39m: Chunk 12 Tokens - Prompt: $23319, Candidates: $840, Thoughts: $11330, Cached: $24164, Total: $59653 
2026-01-31 21:35:30 [32minfo[39m: Chunk 12 Cost - Prompt: $0.011659, Candidates: $0.002520, Thoughts: $0.033990, Cached: $0.001208, Total: $0.049378 
2026-01-31 21:35:30 [32minfo[39m: Processing chunk 13 of 23 
2026-01-31 21:35:30 [32minfo[39m: Chunk 13 Tokens - Prompt: $23319, Candidates: $513, Thoughts: $7768, Cached: $24164, Total: $55764 
2026-01-31 21:35:30 [32minfo[39m: Chunk 13 Cost - Prompt: $0.011659, Candidates: $0.001539, Thoughts: $0.023304, Cached: $0.001208, Total: $0.037711 
2026-01-31 21:35:30 [32minfo[39m: Processing chunk 14 of 23 
2026-01-31 21:35:30 [32minfo[39m: Chunk 14 Tokens - Prompt: $23319, Candidates: $440, Thoughts: $9484, Cached: $24164, Total: $57407 
2026-01-31 21:35:30 [32minfo[39m: Chunk 14 Cost - Prompt: $0.011659, Candidates: $0.001320, Thoughts: $0.028452, Cached: $0.001208, Total: $0.042640 
2026-01-31 21:35:30 [32minfo[39m: Processing chunk 15 of 23 
2026-01-31 21:35:30 [32minfo[39m: Chunk 15 Tokens - Prompt: $23319, Candidates: $587, Thoughts: $10589, Cached: $24164, Total: $58659 
2026-01-31 21:35:30 [32minfo[39m: Chunk 15 Cost - Prompt: $0.011659, Candidates: $0.001761, Thoughts: $0.031767, Cached: $0.001208, Total: $0.046396 
2026-01-31 21:35:30 [32minfo[39m: Processing chunk 16 of 23 
2026-01-31 21:35:30 [32minfo[39m: Chunk 16 Tokens - Prompt: $23319, Candidates: $444, Thoughts: $9966, Cached: $24164, Total: $57893 
2026-01-31 21:35:30 [32minfo[39m: Chunk 16 Cost - Prompt: $0.011659, Candidates: $0.001332, Thoughts: $0.029898, Cached: $0.001208, Total: $0.044098 
2026-01-31 21:35:30 [32minfo[39m: Processing chunk 17 of 23 
2026-01-31 21:35:30 [32minfo[39m: Chunk 17 Tokens - Prompt: $23319, Candidates: $1147, Thoughts: $7687, Cached: $24164, Total: $56317 
2026-01-31 21:35:30 [32minfo[39m: Chunk 17 Cost - Prompt: $0.011659, Candidates: $0.003441, Thoughts: $0.023061, Cached: $0.001208, Total: $0.039370 
2026-01-31 21:35:30 [32minfo[39m: Processing chunk 18 of 23 
2026-01-31 21:35:30 [32minfo[39m: Chunk 18 Tokens - Prompt: $23319, Candidates: $963, Thoughts: $92, Cached: $24164, Total: $48538 
2026-01-31 21:35:30 [32minfo[39m: Chunk 18 Cost - Prompt: $0.011659, Candidates: $0.002889, Thoughts: $0.000276, Cached: $0.001208, Total: $0.016033 
2026-01-31 21:35:30 [32minfo[39m: Processing chunk 19 of 23 
2026-01-31 21:35:30 [32minfo[39m: Chunk 19 Tokens - Prompt: $23319, Candidates: $588, Thoughts: $10631, Cached: $24164, Total: $58702 
2026-01-31 21:35:30 [32minfo[39m: Chunk 19 Cost - Prompt: $0.011659, Candidates: $0.001764, Thoughts: $0.031893, Cached: $0.001208, Total: $0.046525 
2026-01-31 21:35:30 [32minfo[39m: Processing chunk 20 of 23 
2026-01-31 21:35:30 [32minfo[39m: Chunk 20 Tokens - Prompt: $23319, Candidates: $613, Thoughts: $8276, Cached: $24164, Total: $56372 
2026-01-31 21:35:30 [32minfo[39m: Chunk 20 Cost - Prompt: $0.011659, Candidates: $0.001839, Thoughts: $0.024828, Cached: $0.001208, Total: $0.039535 
2026-01-31 21:35:30 [32minfo[39m: Processing chunk 21 of 23 
2026-01-31 21:35:30 [32minfo[39m: Chunk 21 Tokens - Prompt: $23319, Candidates: $701, Thoughts: $11213, Cached: $24164, Total: $59397 
2026-01-31 21:35:30 [32minfo[39m: Chunk 21 Cost - Prompt: $0.011659, Candidates: $0.002103, Thoughts: $0.033639, Cached: $0.001208, Total: $0.048610 
2026-01-31 21:35:30 [32minfo[39m: Processing chunk 22 of 23 
2026-01-31 21:35:30 [32minfo[39m: Chunk 22 Tokens - Prompt: $23319, Candidates: $924, Thoughts: $14440, Cached: $24164, Total: $62847 
2026-01-31 21:35:30 [32minfo[39m: Chunk 22 Cost - Prompt: $0.011659, Candidates: $0.002772, Thoughts: $0.043320, Cached: $0.001208, Total: $0.058960 
2026-01-31 21:35:30 [32minfo[39m: Processing chunk 23 of 23 
2026-01-31 21:35:30 [32minfo[39m: Chunk 23 Tokens - Prompt: $23319, Candidates: $275, Thoughts: $7566, Cached: $24164, Total: $55324 
2026-01-31 21:35:30 [32minfo[39m: Chunk 23 Cost - Prompt: $0.011659, Candidates: $0.000825, Thoughts: $0.022698, Cached: $0.001208, Total: $0.036391 
2026-01-31 21:35:30 [32minfo[39m: Written combined response to /Users/ryanchiang/Sites/college-datasets/packages/parser/src/output/washington_university_in_st_louis/washington_university_in_st_louis.json with 129 keys 
2026-01-31 21:35:30 [32minfo[39m: Total cost: $0.846114 
2026-01-31 21:35:30 [32minfo[39m: Parsing rice_university with file /Users/ryanchiang/Sites/college-datasets/packages/parser/data/cds-files/rice_university_CDS_2024-25_WEBSITE.pdf and mime type application/pdf 
2026-01-31 21:35:30 [32minfo[39m: Uploading file /Users/ryanchiang/Sites/college-datasets/packages/parser/data/cds-files/rice_university_CDS_2024-25_WEBSITE.pdf with mime type application/pdf 
2026-01-31 21:35:32 [32minfo[39m: File uploaded successfully: files/7dk2a1de8p2w | https://generativelanguage.googleapis.com/v1beta/files/7dk2a1de8p2w 
2026-01-31 21:35:32 [32minfo[39m: Creating file cache for rice_university_CDS_2024-25_WEBSITE.pdf... 
2026-01-31 21:35:33 [32minfo[39m: File cache for rice_university_CDS_2024-25_WEBSITE.pdf created successfully! 
2026-01-31 21:35:33 [32minfo[39m: Splitting schema into 23 chunks of length 50 or less 
2026-01-31 21:35:33 [32minfo[39m: Sending 23 requests in parallel... 
2026-01-31 21:35:33 [32minfo[39m: Sending request for chunk 1 of 23 (undefined fields) 
2026-01-31 21:35:33 [32minfo[39m: Sending request for chunk 2 of 23 (undefined fields) 
2026-01-31 21:35:33 [32minfo[39m: Sending request for chunk 3 of 23 (undefined fields) 
2026-01-31 21:35:33 [32minfo[39m: Sending request for chunk 4 of 23 (undefined fields) 
2026-01-31 21:35:33 [32minfo[39m: Sending request for chunk 5 of 23 (undefined fields) 
2026-01-31 21:35:33 [32minfo[39m: Sending request for chunk 6 of 23 (undefined fields) 
2026-01-31 21:35:33 [32minfo[39m: Sending request for chunk 7 of 23 (undefined fields) 
2026-01-31 21:35:33 [32minfo[39m: Sending request for chunk 8 of 23 (undefined fields) 
2026-01-31 21:35:33 [32minfo[39m: Sending request for chunk 9 of 23 (undefined fields) 
2026-01-31 21:35:33 [32minfo[39m: Sending request for chunk 10 of 23 (undefined fields) 
2026-01-31 21:35:33 [32minfo[39m: Sending request for chunk 11 of 23 (undefined fields) 
2026-01-31 21:35:33 [32minfo[39m: Sending request for chunk 12 of 23 (undefined fields) 
2026-01-31 21:35:33 [32minfo[39m: Sending request for chunk 13 of 23 (undefined fields) 
2026-01-31 21:35:33 [32minfo[39m: Sending request for chunk 14 of 23 (undefined fields) 
2026-01-31 21:35:33 [32minfo[39m: Sending request for chunk 15 of 23 (undefined fields) 
2026-01-31 21:35:33 [32minfo[39m: Sending request for chunk 16 of 23 (undefined fields) 
2026-01-31 21:35:33 [32minfo[39m: Sending request for chunk 17 of 23 (undefined fields) 
2026-01-31 21:35:33 [32minfo[39m: Sending request for chunk 18 of 23 (undefined fields) 
2026-01-31 21:35:33 [32minfo[39m: Sending request for chunk 19 of 23 (undefined fields) 
2026-01-31 21:35:33 [32minfo[39m: Sending request for chunk 20 of 23 (undefined fields) 
2026-01-31 21:35:33 [32minfo[39m: Sending request for chunk 21 of 23 (undefined fields) 
2026-01-31 21:35:33 [32minfo[39m: Sending request for chunk 22 of 23 (undefined fields) 
2026-01-31 21:35:33 [32minfo[39m: Sending request for chunk 23 of 23 (undefined fields) 
2026-01-31 21:36:54 [32minfo[39m: Processing chunk 1 of 23 
2026-01-31 21:36:54 [32minfo[39m: Chunk 1 Tokens - Prompt: $19525, Candidates: $902, Thoughts: $2648, Cached: $20244, Total: $43319 
2026-01-31 21:36:54 [32minfo[39m: Chunk 1 Cost - Prompt: $0.009763, Candidates: $0.002706, Thoughts: $0.007944, Cached: $0.001012, Total: $0.021425 
2026-01-31 21:36:54 [32minfo[39m: Processing chunk 2 of 23 
2026-01-31 21:36:54 [32minfo[39m: Chunk 2 Tokens - Prompt: $19525, Candidates: $900, Thoughts: $5131, Cached: $20244, Total: $45800 
2026-01-31 21:36:54 [32minfo[39m: Chunk 2 Cost - Prompt: $0.009763, Candidates: $0.002700, Thoughts: $0.015393, Cached: $0.001012, Total: $0.028868 
2026-01-31 21:36:54 [32minfo[39m: Processing chunk 3 of 23 
2026-01-31 21:36:54 [32minfo[39m: Chunk 3 Tokens - Prompt: $19525, Candidates: $533, Thoughts: $3265, Cached: $20244, Total: $43567 
2026-01-31 21:36:54 [32minfo[39m: Chunk 3 Cost - Prompt: $0.009763, Candidates: $0.001599, Thoughts: $0.009795, Cached: $0.001012, Total: $0.022169 
2026-01-31 21:36:54 [32minfo[39m: Processing chunk 4 of 23 
2026-01-31 21:36:54 [32minfo[39m: Chunk 4 Tokens - Prompt: $19525, Candidates: $1067, Thoughts: $5380, Cached: $20244, Total: $46216 
2026-01-31 21:36:54 [32minfo[39m: Chunk 4 Cost - Prompt: $0.009763, Candidates: $0.003201, Thoughts: $0.016140, Cached: $0.001012, Total: $0.030116 
2026-01-31 21:36:54 [32minfo[39m: Processing chunk 5 of 23 
2026-01-31 21:36:54 [32minfo[39m: Chunk 5 Tokens - Prompt: $19525, Candidates: $862, Thoughts: $7597, Cached: $20244, Total: $48228 
2026-01-31 21:36:54 [32minfo[39m: Chunk 5 Cost - Prompt: $0.009763, Candidates: $0.002586, Thoughts: $0.022791, Cached: $0.001012, Total: $0.036152 
2026-01-31 21:36:54 [32minfo[39m: Processing chunk 6 of 23 
2026-01-31 21:36:54 [32minfo[39m: Chunk 6 Tokens - Prompt: $19525, Candidates: $801, Thoughts: $12528, Cached: $20244, Total: $53098 
2026-01-31 21:36:54 [32minfo[39m: Chunk 6 Cost - Prompt: $0.009763, Candidates: $0.002403, Thoughts: $0.037584, Cached: $0.001012, Total: $0.050762 
2026-01-31 21:36:54 [32minfo[39m: Processing chunk 7 of 23 
2026-01-31 21:36:54 [32minfo[39m: Chunk 7 Tokens - Prompt: $19525, Candidates: $630, Thoughts: $6644, Cached: $20244, Total: $47043 
2026-01-31 21:36:54 [32minfo[39m: Chunk 7 Cost - Prompt: $0.009763, Candidates: $0.001890, Thoughts: $0.019932, Cached: $0.001012, Total: $0.032597 
2026-01-31 21:36:54 [32minfo[39m: Processing chunk 8 of 23 
2026-01-31 21:36:54 [32minfo[39m: Chunk 8 Tokens - Prompt: $19525, Candidates: $860, Thoughts: $11222, Cached: $20244, Total: $51851 
2026-01-31 21:36:54 [32minfo[39m: Chunk 8 Cost - Prompt: $0.009763, Candidates: $0.002580, Thoughts: $0.033666, Cached: $0.001012, Total: $0.047021 
2026-01-31 21:36:54 [32minfo[39m: Processing chunk 9 of 23 
2026-01-31 21:36:54 [32minfo[39m: Chunk 9 Tokens - Prompt: $19525, Candidates: $1011, Thoughts: $7747, Cached: $20244, Total: $48527 
2026-01-31 21:36:54 [32minfo[39m: Chunk 9 Cost - Prompt: $0.009763, Candidates: $0.003033, Thoughts: $0.023241, Cached: $0.001012, Total: $0.037049 
2026-01-31 21:36:54 [32minfo[39m: Processing chunk 10 of 23 
2026-01-31 21:36:54 [32minfo[39m: Chunk 10 Tokens - Prompt: $19525, Candidates: $885, Thoughts: $10671, Cached: $20244, Total: $51325 
2026-01-31 21:36:54 [32minfo[39m: Chunk 10 Cost - Prompt: $0.009763, Candidates: $0.002655, Thoughts: $0.032013, Cached: $0.001012, Total: $0.045443 
2026-01-31 21:36:54 [32minfo[39m: Processing chunk 11 of 23 
2026-01-31 21:36:54 [32minfo[39m: Chunk 11 Tokens - Prompt: $19525, Candidates: $724, Thoughts: $10193, Cached: $20244, Total: $50686 
2026-01-31 21:36:54 [32minfo[39m: Chunk 11 Cost - Prompt: $0.009763, Candidates: $0.002172, Thoughts: $0.030579, Cached: $0.001012, Total: $0.043526 
2026-01-31 21:36:54 [32minfo[39m: Processing chunk 12 of 23 
2026-01-31 21:36:54 [32minfo[39m: Chunk 12 Tokens - Prompt: $19525, Candidates: $862, Thoughts: $7400, Cached: $20244, Total: $48031 
2026-01-31 21:36:54 [32minfo[39m: Chunk 12 Cost - Prompt: $0.009763, Candidates: $0.002586, Thoughts: $0.022200, Cached: $0.001012, Total: $0.035561 
2026-01-31 21:36:54 [32minfo[39m: Processing chunk 13 of 23 
2026-01-31 21:36:54 [32minfo[39m: Chunk 13 Tokens - Prompt: $19525, Candidates: $420, Thoughts: $7167, Cached: $20244, Total: $47356 
2026-01-31 21:36:54 [32minfo[39m: Chunk 13 Cost - Prompt: $0.009763, Candidates: $0.001260, Thoughts: $0.021501, Cached: $0.001012, Total: $0.033536 
2026-01-31 21:36:54 [32minfo[39m: Processing chunk 14 of 23 
2026-01-31 21:36:54 [32minfo[39m: Chunk 14 Tokens - Prompt: $19525, Candidates: $576, Thoughts: $4326, Cached: $20244, Total: $44671 
2026-01-31 21:36:54 [32minfo[39m: Chunk 14 Cost - Prompt: $0.009763, Candidates: $0.001728, Thoughts: $0.012978, Cached: $0.001012, Total: $0.025481 
2026-01-31 21:36:54 [32minfo[39m: Processing chunk 15 of 23 
2026-01-31 21:36:54 [32minfo[39m: Chunk 15 Tokens - Prompt: $19525, Candidates: $652, Thoughts: $10349, Cached: $20244, Total: $50770 
2026-01-31 21:36:54 [32minfo[39m: Chunk 15 Cost - Prompt: $0.009763, Candidates: $0.001956, Thoughts: $0.031047, Cached: $0.001012, Total: $0.043778 
2026-01-31 21:36:54 [32minfo[39m: Processing chunk 16 of 23 
2026-01-31 21:36:54 [32minfo[39m: Chunk 16 Tokens - Prompt: $19525, Candidates: $562, Thoughts: $7780, Cached: $20244, Total: $48111 
2026-01-31 21:36:54 [32minfo[39m: Chunk 16 Cost - Prompt: $0.009763, Candidates: $0.001686, Thoughts: $0.023340, Cached: $0.001012, Total: $0.035801 
2026-01-31 21:36:54 [32minfo[39m: Processing chunk 17 of 23 
2026-01-31 21:36:54 [32minfo[39m: Chunk 17 Tokens - Prompt: $19525, Candidates: $781, Thoughts: $5834, Cached: $20244, Total: $46384 
2026-01-31 21:36:54 [32minfo[39m: Chunk 17 Cost - Prompt: $0.009763, Candidates: $0.002343, Thoughts: $0.017502, Cached: $0.001012, Total: $0.030620 
2026-01-31 21:36:54 [32minfo[39m: Processing chunk 18 of 23 
2026-01-31 21:36:54 [32minfo[39m: Chunk 18 Tokens - Prompt: $19525, Candidates: $965, Thoughts: $4673, Cached: $20244, Total: $45407 
2026-01-31 21:36:54 [32minfo[39m: Chunk 18 Cost - Prompt: $0.009763, Candidates: $0.002895, Thoughts: $0.014019, Cached: $0.001012, Total: $0.027689 
2026-01-31 21:36:54 [32minfo[39m: Processing chunk 19 of 23 
2026-01-31 21:36:54 [32minfo[39m: Chunk 19 Tokens - Prompt: $19525, Candidates: $588, Thoughts: $6448, Cached: $20244, Total: $46805 
2026-01-31 21:36:54 [32minfo[39m: Chunk 19 Cost - Prompt: $0.009763, Candidates: $0.001764, Thoughts: $0.019344, Cached: $0.001012, Total: $0.031883 
2026-01-31 21:36:54 [32minfo[39m: Processing chunk 20 of 23 
2026-01-31 21:36:54 [32minfo[39m: Chunk 20 Tokens - Prompt: $19525, Candidates: $673, Thoughts: $11922, Cached: $20244, Total: $52364 
2026-01-31 21:36:54 [32minfo[39m: Chunk 20 Cost - Prompt: $0.009763, Candidates: $0.002019, Thoughts: $0.035766, Cached: $0.001012, Total: $0.048560 
2026-01-31 21:36:54 [32minfo[39m: Processing chunk 21 of 23 
2026-01-31 21:36:54 [32minfo[39m: Chunk 21 Tokens - Prompt: $19525, Candidates: $712, Thoughts: $11301, Cached: $20244, Total: $51782 
2026-01-31 21:36:54 [32minfo[39m: Chunk 21 Cost - Prompt: $0.009763, Candidates: $0.002136, Thoughts: $0.033903, Cached: $0.001012, Total: $0.046814 
2026-01-31 21:36:54 [32minfo[39m: Processing chunk 22 of 23 
2026-01-31 21:36:54 [32minfo[39m: Chunk 22 Tokens - Prompt: $19525, Candidates: $1012, Thoughts: $4298, Cached: $20244, Total: $45079 
2026-01-31 21:36:54 [32minfo[39m: Chunk 22 Cost - Prompt: $0.009763, Candidates: $0.003036, Thoughts: $0.012894, Cached: $0.001012, Total: $0.026705 
2026-01-31 21:36:54 [32minfo[39m: Processing chunk 23 of 23 
2026-01-31 21:36:54 [32minfo[39m: Chunk 23 Tokens - Prompt: $19525, Candidates: $195, Thoughts: $6952, Cached: $20244, Total: $46916 
2026-01-31 21:36:54 [32minfo[39m: Chunk 23 Cost - Prompt: $0.009763, Candidates: $0.000585, Thoughts: $0.020856, Cached: $0.001012, Total: $0.032216 
2026-01-31 21:36:54 [32minfo[39m: Written combined response to /Users/ryanchiang/Sites/college-datasets/packages/parser/src/output/rice_university/rice_university.json with 136 keys 
2026-01-31 21:36:54 [32minfo[39m: Total cost: $0.813765 
2026-01-31 21:36:54 [32minfo[39m: Parsing tufts_university with file /Users/ryanchiang/Sites/college-datasets/packages/parser/data/cds-files/tufts_university_CDS_2024-2025-1.pdf and mime type application/pdf 
2026-01-31 21:36:54 [32minfo[39m: Uploading file /Users/ryanchiang/Sites/college-datasets/packages/parser/data/cds-files/tufts_university_CDS_2024-2025-1.pdf with mime type application/pdf 
2026-01-31 21:36:56 [32minfo[39m: File uploaded successfully: files/815xw2lqcd36 | https://generativelanguage.googleapis.com/v1beta/files/815xw2lqcd36 
2026-01-31 21:36:56 [32minfo[39m: Creating file cache for tufts_university_CDS_2024-2025-1.pdf... 
2026-01-31 21:36:57 [32minfo[39m: File cache for tufts_university_CDS_2024-2025-1.pdf created successfully! 
2026-01-31 21:36:57 [32minfo[39m: Splitting schema into 23 chunks of length 50 or less 
2026-01-31 21:36:57 [32minfo[39m: Sending 23 requests in parallel... 
2026-01-31 21:36:57 [32minfo[39m: Sending request for chunk 1 of 23 (undefined fields) 
2026-01-31 21:36:57 [32minfo[39m: Sending request for chunk 2 of 23 (undefined fields) 
2026-01-31 21:36:57 [32minfo[39m: Sending request for chunk 3 of 23 (undefined fields) 
2026-01-31 21:36:57 [32minfo[39m: Sending request for chunk 4 of 23 (undefined fields) 
2026-01-31 21:36:57 [32minfo[39m: Sending request for chunk 5 of 23 (undefined fields) 
2026-01-31 21:36:57 [32minfo[39m: Sending request for chunk 6 of 23 (undefined fields) 
2026-01-31 21:36:57 [32minfo[39m: Sending request for chunk 7 of 23 (undefined fields) 
2026-01-31 21:36:57 [32minfo[39m: Sending request for chunk 8 of 23 (undefined fields) 
2026-01-31 21:36:57 [32minfo[39m: Sending request for chunk 9 of 23 (undefined fields) 
2026-01-31 21:36:57 [32minfo[39m: Sending request for chunk 10 of 23 (undefined fields) 
2026-01-31 21:36:57 [32minfo[39m: Sending request for chunk 11 of 23 (undefined fields) 
2026-01-31 21:36:57 [32minfo[39m: Sending request for chunk 12 of 23 (undefined fields) 
2026-01-31 21:36:57 [32minfo[39m: Sending request for chunk 13 of 23 (undefined fields) 
2026-01-31 21:36:57 [32minfo[39m: Sending request for chunk 14 of 23 (undefined fields) 
2026-01-31 21:36:57 [32minfo[39m: Sending request for chunk 15 of 23 (undefined fields) 
2026-01-31 21:36:57 [32minfo[39m: Sending request for chunk 16 of 23 (undefined fields) 
2026-01-31 21:36:57 [32minfo[39m: Sending request for chunk 17 of 23 (undefined fields) 
2026-01-31 21:36:57 [32minfo[39m: Sending request for chunk 18 of 23 (undefined fields) 
2026-01-31 21:36:57 [32minfo[39m: Sending request for chunk 19 of 23 (undefined fields) 
2026-01-31 21:36:57 [32minfo[39m: Sending request for chunk 20 of 23 (undefined fields) 
2026-01-31 21:36:57 [32minfo[39m: Sending request for chunk 21 of 23 (undefined fields) 
2026-01-31 21:36:57 [32minfo[39m: Sending request for chunk 22 of 23 (undefined fields) 
2026-01-31 21:36:57 [32minfo[39m: Sending request for chunk 23 of 23 (undefined fields) 
2026-01-31 21:38:58 [32minfo[39m: Processing chunk 1 of 23 
2026-01-31 21:38:58 [32minfo[39m: Chunk 1 Tokens - Prompt: $21151, Candidates: $836, Thoughts: $5162, Cached: $21924, Total: $49073 
2026-01-31 21:38:58 [32minfo[39m: Chunk 1 Cost - Prompt: $0.010575, Candidates: $0.002508, Thoughts: $0.015486, Cached: $0.001096, Total: $0.029666 
2026-01-31 21:38:58 [32minfo[39m: Processing chunk 2 of 23 
2026-01-31 21:38:58 [32minfo[39m: Chunk 2 Tokens - Prompt: $21151, Candidates: $909, Thoughts: $4481, Cached: $21924, Total: $48465 
2026-01-31 21:38:58 [32minfo[39m: Chunk 2 Cost - Prompt: $0.010575, Candidates: $0.002727, Thoughts: $0.013443, Cached: $0.001096, Total: $0.027842 
2026-01-31 21:38:58 [32minfo[39m: Processing chunk 3 of 23 
2026-01-31 21:38:58 [32minfo[39m: Chunk 3 Tokens - Prompt: $21151, Candidates: $543, Thoughts: $10230, Cached: $21924, Total: $53848 
2026-01-31 21:38:58 [32minfo[39m: Chunk 3 Cost - Prompt: $0.010575, Candidates: $0.001629, Thoughts: $0.030690, Cached: $0.001096, Total: $0.043991 
2026-01-31 21:38:58 [32minfo[39m: Processing chunk 4 of 23 
2026-01-31 21:38:58 [32minfo[39m: Chunk 4 Tokens - Prompt: $21151, Candidates: $1074, Thoughts: $3612, Cached: $21924, Total: $47761 
2026-01-31 21:38:58 [32minfo[39m: Chunk 4 Cost - Prompt: $0.010575, Candidates: $0.003222, Thoughts: $0.010836, Cached: $0.001096, Total: $0.025730 
2026-01-31 21:38:58 [32minfo[39m: Processing chunk 5 of 23 
2026-01-31 21:38:58 [32minfo[39m: Chunk 5 Tokens - Prompt: $21151, Candidates: $976, Thoughts: $12112, Cached: $21924, Total: $56163 
2026-01-31 21:38:58 [32minfo[39m: Chunk 5 Cost - Prompt: $0.010575, Candidates: $0.002928, Thoughts: $0.036336, Cached: $0.001096, Total: $0.050936 
2026-01-31 21:38:58 [32minfo[39m: Processing chunk 6 of 23 
2026-01-31 21:38:58 [32minfo[39m: Chunk 6 Tokens - Prompt: $21151, Candidates: $971, Thoughts: $9059, Cached: $21924, Total: $53105 
2026-01-31 21:38:58 [32minfo[39m: Chunk 6 Cost - Prompt: $0.010575, Candidates: $0.002913, Thoughts: $0.027177, Cached: $0.001096, Total: $0.041762 
2026-01-31 21:38:58 [32minfo[39m: Processing chunk 7 of 23 
2026-01-31 21:38:58 [32minfo[39m: Chunk 7 Tokens - Prompt: $21151, Candidates: $631, Thoughts: $6558, Cached: $21924, Total: $50264 
2026-01-31 21:38:58 [32minfo[39m: Chunk 7 Cost - Prompt: $0.010575, Candidates: $0.001893, Thoughts: $0.019674, Cached: $0.001096, Total: $0.033239 
2026-01-31 21:38:58 [32minfo[39m: Processing chunk 8 of 23 
2026-01-31 21:38:58 [32minfo[39m: Chunk 8 Tokens - Prompt: $21151, Candidates: $467, Thoughts: $31, Cached: $21924, Total: $43573 
2026-01-31 21:38:58 [32minfo[39m: Chunk 8 Cost - Prompt: $0.010575, Candidates: $0.001401, Thoughts: $0.000093, Cached: $0.001096, Total: $0.013166 
2026-01-31 21:38:58 [32minfo[39m: Processing chunk 9 of 23 
2026-01-31 21:38:58 [32minfo[39m: Chunk 9 Tokens - Prompt: $21151, Candidates: $1111, Thoughts: $13249, Cached: $21924, Total: $57435 
2026-01-31 21:38:58 [32minfo[39m: Chunk 9 Cost - Prompt: $0.010575, Candidates: $0.003333, Thoughts: $0.039747, Cached: $0.001096, Total: $0.054752 
2026-01-31 21:38:58 [32minfo[39m: Processing chunk 10 of 23 
2026-01-31 21:38:58 [32minfo[39m: Chunk 10 Tokens - Prompt: $21151, Candidates: $1074, Thoughts: $10023, Cached: $21924, Total: $54172 
2026-01-31 21:38:58 [32minfo[39m: Chunk 10 Cost - Prompt: $0.010575, Candidates: $0.003222, Thoughts: $0.030069, Cached: $0.001096, Total: $0.044963 
2026-01-31 21:38:58 [32minfo[39m: Processing chunk 11 of 23 
2026-01-31 21:38:58 [32minfo[39m: Chunk 11 Tokens - Prompt: $21151, Candidates: $609, Thoughts: $56, Cached: $21924, Total: $43740 
2026-01-31 21:38:58 [32minfo[39m: Chunk 11 Cost - Prompt: $0.010575, Candidates: $0.001827, Thoughts: $0.000168, Cached: $0.001096, Total: $0.013667 
2026-01-31 21:38:58 [32minfo[39m: Processing chunk 12 of 23 
2026-01-31 21:38:58 [32minfo[39m: Chunk 12 Tokens - Prompt: $21151, Candidates: $840, Thoughts: $7019, Cached: $21924, Total: $50934 
2026-01-31 21:38:58 [32minfo[39m: Chunk 12 Cost - Prompt: $0.010575, Candidates: $0.002520, Thoughts: $0.021057, Cached: $0.001096, Total: $0.035249 
2026-01-31 21:38:58 [32minfo[39m: Processing chunk 13 of 23 
2026-01-31 21:38:58 [32minfo[39m: Chunk 13 Tokens - Prompt: $21151, Candidates: $511, Thoughts: $10051, Cached: $21924, Total: $53637 
2026-01-31 21:38:58 [32minfo[39m: Chunk 13 Cost - Prompt: $0.010575, Candidates: $0.001533, Thoughts: $0.030153, Cached: $0.001096, Total: $0.043358 
2026-01-31 21:38:58 [32minfo[39m: Processing chunk 14 of 23 
2026-01-31 21:38:58 [32minfo[39m: Chunk 14 Tokens - Prompt: $21151, Candidates: $579, Thoughts: $4998, Cached: $21924, Total: $48652 
2026-01-31 21:38:58 [32minfo[39m: Chunk 14 Cost - Prompt: $0.010575, Candidates: $0.001737, Thoughts: $0.014994, Cached: $0.001096, Total: $0.028403 
2026-01-31 21:38:58 [32minfo[39m: Processing chunk 15 of 23 
2026-01-31 21:38:58 [32minfo[39m: Chunk 15 Tokens - Prompt: $21151, Candidates: $674, Thoughts: $11663, Cached: $21924, Total: $55412 
2026-01-31 21:38:58 [32minfo[39m: Chunk 15 Cost - Prompt: $0.010575, Candidates: $0.002022, Thoughts: $0.034989, Cached: $0.001096, Total: $0.048683 
2026-01-31 21:38:58 [32minfo[39m: Processing chunk 16 of 23 
2026-01-31 21:38:58 [32minfo[39m: Chunk 16 Tokens - Prompt: $21151, Candidates: $389, Thoughts: $13497, Cached: $21924, Total: $56961 
2026-01-31 21:38:58 [32minfo[39m: Chunk 16 Cost - Prompt: $0.010575, Candidates: $0.001167, Thoughts: $0.040491, Cached: $0.001096, Total: $0.053330 
2026-01-31 21:38:58 [32minfo[39m: Processing chunk 17 of 23 
2026-01-31 21:38:58 [32minfo[39m: Chunk 17 Tokens - Prompt: $21151, Candidates: $1001, Thoughts: $13595, Cached: $21924, Total: $57671 
2026-01-31 21:38:58 [32minfo[39m: Chunk 17 Cost - Prompt: $0.010575, Candidates: $0.003003, Thoughts: $0.040785, Cached: $0.001096, Total: $0.055460 
2026-01-31 21:38:58 [32minfo[39m: Processing chunk 18 of 23 
2026-01-31 21:38:58 [32minfo[39m: Chunk 18 Tokens - Prompt: $21151, Candidates: $963, Thoughts: $16718, Cached: $21924, Total: $60756 
2026-01-31 21:38:58 [32minfo[39m: Chunk 18 Cost - Prompt: $0.010575, Candidates: $0.002889, Thoughts: $0.050154, Cached: $0.001096, Total: $0.064715 
2026-01-31 21:38:58 [32minfo[39m: Processing chunk 19 of 23 
2026-01-31 21:38:58 [32minfo[39m: Chunk 19 Tokens - Prompt: $21151, Candidates: $615, Thoughts: $6765, Cached: $21924, Total: $50455 
2026-01-31 21:38:58 [32minfo[39m: Chunk 19 Cost - Prompt: $0.010575, Candidates: $0.001845, Thoughts: $0.020295, Cached: $0.001096, Total: $0.033812 
2026-01-31 21:38:58 [32minfo[39m: Processing chunk 20 of 23 
2026-01-31 21:38:58 [32minfo[39m: Chunk 20 Tokens - Prompt: $21151, Candidates: $955, Thoughts: $6453, Cached: $21924, Total: $50483 
2026-01-31 21:38:58 [32minfo[39m: Chunk 20 Cost - Prompt: $0.010575, Candidates: $0.002865, Thoughts: $0.019359, Cached: $0.001096, Total: $0.033896 
2026-01-31 21:38:58 [32minfo[39m: Processing chunk 21 of 23 
2026-01-31 21:38:58 [32minfo[39m: Chunk 21 Tokens - Prompt: $21151, Candidates: $1044, Thoughts: $19541, Cached: $21924, Total: $63660 
2026-01-31 21:38:58 [32minfo[39m: Chunk 21 Cost - Prompt: $0.010575, Candidates: $0.003132, Thoughts: $0.058623, Cached: $0.001096, Total: $0.073427 
2026-01-31 21:38:58 [32minfo[39m: Processing chunk 22 of 23 
2026-01-31 21:38:58 [32minfo[39m: Chunk 22 Tokens - Prompt: $21151, Candidates: $783, Thoughts: $11358, Cached: $21924, Total: $55216 
2026-01-31 21:38:58 [32minfo[39m: Chunk 22 Cost - Prompt: $0.010575, Candidates: $0.002349, Thoughts: $0.034074, Cached: $0.001096, Total: $0.048095 
2026-01-31 21:38:58 [32minfo[39m: Processing chunk 23 of 23 
2026-01-31 21:38:58 [32minfo[39m: Chunk 23 Tokens - Prompt: $21151, Candidates: $292, Thoughts: $6509, Cached: $21924, Total: $49876 
2026-01-31 21:38:58 [32minfo[39m: Chunk 23 Cost - Prompt: $0.010575, Candidates: $0.000876, Thoughts: $0.019527, Cached: $0.001096, Total: $0.032075 
2026-01-31 21:38:58 [32minfo[39m: Written combined response to /Users/ryanchiang/Sites/college-datasets/packages/parser/src/output/tufts_university/tufts_university.json with 138 keys 
2026-01-31 21:38:58 [32minfo[39m: Total cost: $0.930210 
2026-01-31 21:38:58 [32minfo[39m: Parsing penn_state_university with file /Users/ryanchiang/Sites/college-datasets/packages/parser/data/cds-files/penn_state_university_CDS_2024_2025_UniversityPark_v2.pdf and mime type application/pdf 
2026-01-31 21:38:58 [32minfo[39m: Uploading file /Users/ryanchiang/Sites/college-datasets/packages/parser/data/cds-files/penn_state_university_CDS_2024_2025_UniversityPark_v2.pdf with mime type application/pdf 
2026-01-31 21:39:00 [32minfo[39m: File uploaded successfully: files/wa2np3s5icrn | https://generativelanguage.googleapis.com/v1beta/files/wa2np3s5icrn 
2026-01-31 21:39:00 [32minfo[39m: Creating file cache for penn_state_university_CDS_2024_2025_UniversityPark_v2.pdf... 
2026-01-31 21:39:01 [32minfo[39m: File cache for penn_state_university_CDS_2024_2025_UniversityPark_v2.pdf created successfully! 
2026-01-31 21:39:01 [32minfo[39m: Splitting schema into 23 chunks of length 50 or less 
2026-01-31 21:39:01 [32minfo[39m: Sending 23 requests in parallel... 
2026-01-31 21:39:01 [32minfo[39m: Sending request for chunk 1 of 23 (undefined fields) 
2026-01-31 21:39:01 [32minfo[39m: Sending request for chunk 2 of 23 (undefined fields) 
2026-01-31 21:39:01 [32minfo[39m: Sending request for chunk 3 of 23 (undefined fields) 
2026-01-31 21:39:01 [32minfo[39m: Sending request for chunk 4 of 23 (undefined fields) 
2026-01-31 21:39:01 [32minfo[39m: Sending request for chunk 5 of 23 (undefined fields) 
2026-01-31 21:39:01 [32minfo[39m: Sending request for chunk 6 of 23 (undefined fields) 
2026-01-31 21:39:01 [32minfo[39m: Sending request for chunk 7 of 23 (undefined fields) 
2026-01-31 21:39:01 [32minfo[39m: Sending request for chunk 8 of 23 (undefined fields) 
2026-01-31 21:39:01 [32minfo[39m: Sending request for chunk 9 of 23 (undefined fields) 
2026-01-31 21:39:01 [32minfo[39m: Sending request for chunk 10 of 23 (undefined fields) 
2026-01-31 21:39:01 [32minfo[39m: Sending request for chunk 11 of 23 (undefined fields) 
2026-01-31 21:39:01 [32minfo[39m: Sending request for chunk 12 of 23 (undefined fields) 
2026-01-31 21:39:01 [32minfo[39m: Sending request for chunk 13 of 23 (undefined fields) 
2026-01-31 21:39:01 [32minfo[39m: Sending request for chunk 14 of 23 (undefined fields) 
2026-01-31 21:39:01 [32minfo[39m: Sending request for chunk 15 of 23 (undefined fields) 
2026-01-31 21:39:01 [32minfo[39m: Sending request for chunk 16 of 23 (undefined fields) 
2026-01-31 21:39:01 [32minfo[39m: Sending request for chunk 17 of 23 (undefined fields) 
2026-01-31 21:39:01 [32minfo[39m: Sending request for chunk 18 of 23 (undefined fields) 
2026-01-31 21:39:01 [32minfo[39m: Sending request for chunk 19 of 23 (undefined fields) 
2026-01-31 21:39:01 [32minfo[39m: Sending request for chunk 20 of 23 (undefined fields) 
2026-01-31 21:39:01 [32minfo[39m: Sending request for chunk 21 of 23 (undefined fields) 
2026-01-31 21:39:01 [32minfo[39m: Sending request for chunk 22 of 23 (undefined fields) 
2026-01-31 21:39:01 [32minfo[39m: Sending request for chunk 23 of 23 (undefined fields) 
2026-01-31 21:40:49 [32minfo[39m: Processing chunk 1 of 23 
2026-01-31 21:40:49 [32minfo[39m: Chunk 1 Tokens - Prompt: $21693, Candidates: $761, Thoughts: $2610, Cached: $22484, Total: $47548 
2026-01-31 21:40:49 [32minfo[39m: Chunk 1 Cost - Prompt: $0.010847, Candidates: $0.002283, Thoughts: $0.007830, Cached: $0.001124, Total: $0.022084 
2026-01-31 21:40:49 [32minfo[39m: Processing chunk 2 of 23 
2026-01-31 21:40:49 [32minfo[39m: Chunk 2 Tokens - Prompt: $21693, Candidates: $923, Thoughts: $4688, Cached: $22484, Total: $49788 
2026-01-31 21:40:49 [32minfo[39m: Chunk 2 Cost - Prompt: $0.010847, Candidates: $0.002769, Thoughts: $0.014064, Cached: $0.001124, Total: $0.028804 
2026-01-31 21:40:49 [32minfo[39m: Processing chunk 3 of 23 
2026-01-31 21:40:49 [32minfo[39m: Chunk 3 Tokens - Prompt: $21693, Candidates: $416, Thoughts: $7258, Cached: $22484, Total: $51851 
2026-01-31 21:40:49 [32minfo[39m: Chunk 3 Cost - Prompt: $0.010847, Candidates: $0.001248, Thoughts: $0.021774, Cached: $0.001124, Total: $0.034993 
2026-01-31 21:40:49 [32minfo[39m: Processing chunk 4 of 23 
2026-01-31 21:40:49 [32minfo[39m: Chunk 4 Tokens - Prompt: $21693, Candidates: $1091, Thoughts: $8310, Cached: $22484, Total: $53578 
2026-01-31 21:40:49 [32minfo[39m: Chunk 4 Cost - Prompt: $0.010847, Candidates: $0.003273, Thoughts: $0.024930, Cached: $0.001124, Total: $0.040174 
2026-01-31 21:40:49 [32minfo[39m: Processing chunk 5 of 23 
2026-01-31 21:40:49 [32minfo[39m: Chunk 5 Tokens - Prompt: $21693, Candidates: $891, Thoughts: $4607, Cached: $22484, Total: $49675 
2026-01-31 21:40:49 [32minfo[39m: Chunk 5 Cost - Prompt: $0.010847, Candidates: $0.002673, Thoughts: $0.013821, Cached: $0.001124, Total: $0.028465 
2026-01-31 21:40:49 [32minfo[39m: Processing chunk 6 of 23 
2026-01-31 21:40:49 [32minfo[39m: Chunk 6 Tokens - Prompt: $21693, Candidates: $932, Thoughts: $18752, Cached: $22484, Total: $63861 
2026-01-31 21:40:49 [32minfo[39m: Chunk 6 Cost - Prompt: $0.010847, Candidates: $0.002796, Thoughts: $0.056256, Cached: $0.001124, Total: $0.071023 
2026-01-31 21:40:49 [32minfo[39m: Processing chunk 7 of 23 
2026-01-31 21:40:49 [32minfo[39m: Chunk 7 Tokens - Prompt: $21693, Candidates: $633, Thoughts: $8773, Cached: $22484, Total: $53583 
2026-01-31 21:40:49 [32minfo[39m: Chunk 7 Cost - Prompt: $0.010847, Candidates: $0.001899, Thoughts: $0.026319, Cached: $0.001124, Total: $0.040189 
2026-01-31 21:40:49 [32minfo[39m: Processing chunk 8 of 23 
2026-01-31 21:40:49 [32minfo[39m: Chunk 8 Tokens - Prompt: $21693, Candidates: $709, Thoughts: $5060, Cached: $22484, Total: $49946 
2026-01-31 21:40:49 [32minfo[39m: Chunk 8 Cost - Prompt: $0.010847, Candidates: $0.002127, Thoughts: $0.015180, Cached: $0.001124, Total: $0.029278 
2026-01-31 21:40:49 [32minfo[39m: Processing chunk 9 of 23 
2026-01-31 21:40:49 [32minfo[39m: Chunk 9 Tokens - Prompt: $21693, Candidates: $1259, Thoughts: $8103, Cached: $22484, Total: $53539 
2026-01-31 21:40:49 [32minfo[39m: Chunk 9 Cost - Prompt: $0.010847, Candidates: $0.003777, Thoughts: $0.024309, Cached: $0.001124, Total: $0.040057 
2026-01-31 21:40:49 [32minfo[39m: Processing chunk 10 of 23 
2026-01-31 21:40:49 [32minfo[39m: Chunk 10 Tokens - Prompt: $21693, Candidates: $1157, Thoughts: $5849, Cached: $22484, Total: $51183 
2026-01-31 21:40:49 [32minfo[39m: Chunk 10 Cost - Prompt: $0.010847, Candidates: $0.003471, Thoughts: $0.017547, Cached: $0.001124, Total: $0.032989 
2026-01-31 21:40:49 [32minfo[39m: Processing chunk 11 of 23 
2026-01-31 21:40:49 [32minfo[39m: Chunk 11 Tokens - Prompt: $21693, Candidates: $747, Thoughts: $4714, Cached: $22484, Total: $49638 
2026-01-31 21:40:49 [32minfo[39m: Chunk 11 Cost - Prompt: $0.010847, Candidates: $0.002241, Thoughts: $0.014142, Cached: $0.001124, Total: $0.028354 
2026-01-31 21:40:49 [32minfo[39m: Processing chunk 12 of 23 
2026-01-31 21:40:49 [32minfo[39m: Chunk 12 Tokens - Prompt: $21693, Candidates: $684, Thoughts: $49, Cached: $22484, Total: $44910 
2026-01-31 21:40:49 [32minfo[39m: Chunk 12 Cost - Prompt: $0.010847, Candidates: $0.002052, Thoughts: $0.000147, Cached: $0.001124, Total: $0.014170 
2026-01-31 21:40:49 [32minfo[39m: Processing chunk 13 of 23 
2026-01-31 21:40:49 [32minfo[39m: Chunk 13 Tokens - Prompt: $21693, Candidates: $560, Thoughts: $8391, Cached: $22484, Total: $53128 
2026-01-31 21:40:49 [32minfo[39m: Chunk 13 Cost - Prompt: $0.010847, Candidates: $0.001680, Thoughts: $0.025173, Cached: $0.001124, Total: $0.038824 
2026-01-31 21:40:49 [32minfo[39m: Processing chunk 14 of 23 
2026-01-31 21:40:49 [32minfo[39m: Chunk 14 Tokens - Prompt: $21693, Candidates: $435, Thoughts: $11279, Cached: $22484, Total: $55891 
2026-01-31 21:40:49 [32minfo[39m: Chunk 14 Cost - Prompt: $0.010847, Candidates: $0.001305, Thoughts: $0.033837, Cached: $0.001124, Total: $0.047113 
2026-01-31 21:40:49 [32minfo[39m: Processing chunk 15 of 23 
2026-01-31 21:40:49 [32minfo[39m: Chunk 15 Tokens - Prompt: $21693, Candidates: $896, Thoughts: $7655, Cached: $22484, Total: $52728 
2026-01-31 21:40:49 [32minfo[39m: Chunk 15 Cost - Prompt: $0.010847, Candidates: $0.002688, Thoughts: $0.022965, Cached: $0.001124, Total: $0.037624 
2026-01-31 21:40:49 [32minfo[39m: Processing chunk 16 of 23 
2026-01-31 21:40:49 [32minfo[39m: Chunk 16 Tokens - Prompt: $21693, Candidates: $568, Thoughts: $12073, Cached: $22484, Total: $56818 
2026-01-31 21:40:49 [32minfo[39m: Chunk 16 Cost - Prompt: $0.010847, Candidates: $0.001704, Thoughts: $0.036219, Cached: $0.001124, Total: $0.049894 
2026-01-31 21:40:49 [32minfo[39m: Processing chunk 17 of 23 
2026-01-31 21:40:49 [32minfo[39m: Chunk 17 Tokens - Prompt: $21693, Candidates: $1191, Thoughts: $47, Cached: $22484, Total: $45415 
2026-01-31 21:40:49 [32minfo[39m: Chunk 17 Cost - Prompt: $0.010847, Candidates: $0.003573, Thoughts: $0.000141, Cached: $0.001124, Total: $0.015685 
2026-01-31 21:40:49 [32minfo[39m: Processing chunk 18 of 23 
2026-01-31 21:40:49 [32minfo[39m: Chunk 18 Tokens - Prompt: $21693, Candidates: $994, Thoughts: $4726, Cached: $22484, Total: $49897 
2026-01-31 21:40:49 [32minfo[39m: Chunk 18 Cost - Prompt: $0.010847, Candidates: $0.002982, Thoughts: $0.014178, Cached: $0.001124, Total: $0.029131 
2026-01-31 21:40:49 [32minfo[39m: Processing chunk 19 of 23 
2026-01-31 21:40:49 [32minfo[39m: Chunk 19 Tokens - Prompt: $21693, Candidates: $636, Thoughts: $9839, Cached: $22484, Total: $54652 
2026-01-31 21:40:49 [32minfo[39m: Chunk 19 Cost - Prompt: $0.010847, Candidates: $0.001908, Thoughts: $0.029517, Cached: $0.001124, Total: $0.043396 
2026-01-31 21:40:49 [32minfo[39m: Processing chunk 20 of 23 
2026-01-31 21:40:49 [32minfo[39m: Chunk 20 Tokens - Prompt: $21693, Candidates: $964, Thoughts: $9124, Cached: $22484, Total: $54265 
2026-01-31 21:40:49 [32minfo[39m: Chunk 20 Cost - Prompt: $0.010847, Candidates: $0.002892, Thoughts: $0.027372, Cached: $0.001124, Total: $0.042235 
2026-01-31 21:40:49 [32minfo[39m: Processing chunk 21 of 23 
2026-01-31 21:40:49 [32minfo[39m: Chunk 21 Tokens - Prompt: $21693, Candidates: $768, Thoughts: $7553, Cached: $22484, Total: $52498 
2026-01-31 21:40:49 [32minfo[39m: Chunk 21 Cost - Prompt: $0.010847, Candidates: $0.002304, Thoughts: $0.022659, Cached: $0.001124, Total: $0.036934 
2026-01-31 21:40:49 [32minfo[39m: Processing chunk 22 of 23 
2026-01-31 21:40:49 [32minfo[39m: Chunk 22 Tokens - Prompt: $21693, Candidates: $736, Thoughts: $8152, Cached: $22484, Total: $53065 
2026-01-31 21:40:49 [32minfo[39m: Chunk 22 Cost - Prompt: $0.010847, Candidates: $0.002208, Thoughts: $0.024456, Cached: $0.001124, Total: $0.038635 
2026-01-31 21:40:49 [32minfo[39m: Processing chunk 23 of 23 
2026-01-31 21:40:49 [32minfo[39m: Chunk 23 Tokens - Prompt: $21693, Candidates: $197, Thoughts: $6757, Cached: $22484, Total: $51131 
2026-01-31 21:40:49 [32minfo[39m: Chunk 23 Cost - Prompt: $0.010847, Candidates: $0.000591, Thoughts: $0.020271, Cached: $0.001124, Total: $0.032833 
2026-01-31 21:40:49 [32minfo[39m: Written combined response to /Users/ryanchiang/Sites/college-datasets/packages/parser/src/output/penn_state_university/penn_state_university.json with 138 keys 
2026-01-31 21:40:49 [32minfo[39m: Total cost: $0.822877 
2026-01-31 21:40:49 [32minfo[39m: Parsing emory_university with file /Users/ryanchiang/Sites/college-datasets/packages/parser/data/cds-files/emory_university_emory-common-data-set-2024-2025.pdf and mime type application/pdf 
2026-01-31 21:40:49 [32minfo[39m: Uploading file /Users/ryanchiang/Sites/college-datasets/packages/parser/data/cds-files/emory_university_emory-common-data-set-2024-2025.pdf with mime type application/pdf 
2026-01-31 21:40:51 [32minfo[39m: File uploaded successfully: files/l4pgzk4lk8j1 | https://generativelanguage.googleapis.com/v1beta/files/l4pgzk4lk8j1 
2026-01-31 21:40:51 [32minfo[39m: Creating file cache for emory_university_emory-common-data-set-2024-2025.pdf... 
2026-01-31 21:40:52 [32minfo[39m: File cache for emory_university_emory-common-data-set-2024-2025.pdf created successfully! 
2026-01-31 21:40:52 [32minfo[39m: Splitting schema into 23 chunks of length 50 or less 
2026-01-31 21:40:52 [32minfo[39m: Sending 23 requests in parallel... 
2026-01-31 21:40:52 [32minfo[39m: Sending request for chunk 1 of 23 (undefined fields) 
2026-01-31 21:40:52 [32minfo[39m: Sending request for chunk 2 of 23 (undefined fields) 
2026-01-31 21:40:52 [32minfo[39m: Sending request for chunk 3 of 23 (undefined fields) 
2026-01-31 21:40:52 [32minfo[39m: Sending request for chunk 4 of 23 (undefined fields) 
2026-01-31 21:40:52 [32minfo[39m: Sending request for chunk 5 of 23 (undefined fields) 
2026-01-31 21:40:52 [32minfo[39m: Sending request for chunk 6 of 23 (undefined fields) 
2026-01-31 21:40:52 [32minfo[39m: Sending request for chunk 7 of 23 (undefined fields) 
2026-01-31 21:40:52 [32minfo[39m: Sending request for chunk 8 of 23 (undefined fields) 
2026-01-31 21:40:52 [32minfo[39m: Sending request for chunk 9 of 23 (undefined fields) 
2026-01-31 21:40:52 [32minfo[39m: Sending request for chunk 10 of 23 (undefined fields) 
2026-01-31 21:40:52 [32minfo[39m: Sending request for chunk 11 of 23 (undefined fields) 
2026-01-31 21:40:52 [32minfo[39m: Sending request for chunk 12 of 23 (undefined fields) 
2026-01-31 21:40:52 [32minfo[39m: Sending request for chunk 13 of 23 (undefined fields) 
2026-01-31 21:40:52 [32minfo[39m: Sending request for chunk 14 of 23 (undefined fields) 
2026-01-31 21:40:52 [32minfo[39m: Sending request for chunk 15 of 23 (undefined fields) 
2026-01-31 21:40:52 [32minfo[39m: Sending request for chunk 16 of 23 (undefined fields) 
2026-01-31 21:40:52 [32minfo[39m: Sending request for chunk 17 of 23 (undefined fields) 
2026-01-31 21:40:52 [32minfo[39m: Sending request for chunk 18 of 23 (undefined fields) 
2026-01-31 21:40:52 [32minfo[39m: Sending request for chunk 19 of 23 (undefined fields) 
2026-01-31 21:40:52 [32minfo[39m: Sending request for chunk 20 of 23 (undefined fields) 
2026-01-31 21:40:52 [32minfo[39m: Sending request for chunk 21 of 23 (undefined fields) 
2026-01-31 21:40:52 [32minfo[39m: Sending request for chunk 22 of 23 (undefined fields) 
2026-01-31 21:40:52 [32minfo[39m: Sending request for chunk 23 of 23 (undefined fields) 
2026-01-31 21:42:38 [32minfo[39m: Processing chunk 1 of 23 
2026-01-31 21:42:38 [32minfo[39m: Chunk 1 Tokens - Prompt: $14105, Candidates: $707, Thoughts: $5221, Cached: $14644, Total: $34677 
2026-01-31 21:42:38 [32minfo[39m: Chunk 1 Cost - Prompt: $0.007052, Candidates: $0.002121, Thoughts: $0.015663, Cached: $0.000732, Total: $0.025569 
2026-01-31 21:42:38 [32minfo[39m: Processing chunk 2 of 23 
2026-01-31 21:42:38 [32minfo[39m: Chunk 2 Tokens - Prompt: $14105, Candidates: $707, Thoughts: $5463, Cached: $14644, Total: $34919 
2026-01-31 21:42:38 [32minfo[39m: Chunk 2 Cost - Prompt: $0.007052, Candidates: $0.002121, Thoughts: $0.016389, Cached: $0.000732, Total: $0.026295 
2026-01-31 21:42:38 [32minfo[39m: Processing chunk 3 of 23 
2026-01-31 21:42:38 [32minfo[39m: Chunk 3 Tokens - Prompt: $14105, Candidates: $538, Thoughts: $950, Cached: $14644, Total: $30237 
2026-01-31 21:42:38 [32minfo[39m: Chunk 3 Cost - Prompt: $0.007052, Candidates: $0.001614, Thoughts: $0.002850, Cached: $0.000732, Total: $0.012249 
2026-01-31 21:42:38 [32minfo[39m: Processing chunk 4 of 23 
2026-01-31 21:42:38 [32minfo[39m: Chunk 4 Tokens - Prompt: $14105, Candidates: $1073, Thoughts: $5814, Cached: $14644, Total: $35636 
2026-01-31 21:42:38 [32minfo[39m: Chunk 4 Cost - Prompt: $0.007052, Candidates: $0.003219, Thoughts: $0.017442, Cached: $0.000732, Total: $0.028446 
2026-01-31 21:42:38 [32minfo[39m: Processing chunk 5 of 23 
2026-01-31 21:42:38 [32minfo[39m: Chunk 5 Tokens - Prompt: $14105, Candidates: $975, Thoughts: $6102, Cached: $14644, Total: $35826 
2026-01-31 21:42:38 [32minfo[39m: Chunk 5 Cost - Prompt: $0.007052, Candidates: $0.002925, Thoughts: $0.018306, Cached: $0.000732, Total: $0.029016 
2026-01-31 21:42:38 [32minfo[39m: Processing chunk 6 of 23 
2026-01-31 21:42:38 [32minfo[39m: Chunk 6 Tokens - Prompt: $14105, Candidates: $968, Thoughts: $5909, Cached: $14644, Total: $35626 
2026-01-31 21:42:38 [32minfo[39m: Chunk 6 Cost - Prompt: $0.007052, Candidates: $0.002904, Thoughts: $0.017727, Cached: $0.000732, Total: $0.028416 
2026-01-31 21:42:38 [32minfo[39m: Processing chunk 7 of 23 
2026-01-31 21:42:38 [32minfo[39m: Chunk 7 Tokens - Prompt: $14105, Candidates: $625, Thoughts: $2897, Cached: $14644, Total: $32271 
2026-01-31 21:42:38 [32minfo[39m: Chunk 7 Cost - Prompt: $0.007052, Candidates: $0.001875, Thoughts: $0.008691, Cached: $0.000732, Total: $0.018351 
2026-01-31 21:42:38 [32minfo[39m: Processing chunk 8 of 23 
2026-01-31 21:42:38 [32minfo[39m: Chunk 8 Tokens - Prompt: $14105, Candidates: $752, Thoughts: $9699, Cached: $14644, Total: $39200 
2026-01-31 21:42:38 [32minfo[39m: Chunk 8 Cost - Prompt: $0.007052, Candidates: $0.002256, Thoughts: $0.029097, Cached: $0.000732, Total: $0.039138 
2026-01-31 21:42:38 [32minfo[39m: Processing chunk 9 of 23 
2026-01-31 21:42:38 [32minfo[39m: Chunk 9 Tokens - Prompt: $14105, Candidates: $1212, Thoughts: $12404, Cached: $14644, Total: $42365 
2026-01-31 21:42:38 [32minfo[39m: Chunk 9 Cost - Prompt: $0.007052, Candidates: $0.003636, Thoughts: $0.037212, Cached: $0.000732, Total: $0.048633 
2026-01-31 21:42:38 [32minfo[39m: Processing chunk 10 of 23 
2026-01-31 21:42:38 [32minfo[39m: Chunk 10 Tokens - Prompt: $14105, Candidates: $1147, Thoughts: $4642, Cached: $14644, Total: $34538 
2026-01-31 21:42:38 [32minfo[39m: Chunk 10 Cost - Prompt: $0.007052, Candidates: $0.003441, Thoughts: $0.013926, Cached: $0.000732, Total: $0.025152 
2026-01-31 21:42:38 [32minfo[39m: Processing chunk 11 of 23 
2026-01-31 21:42:38 [32minfo[39m: Chunk 11 Tokens - Prompt: $14105, Candidates: $728, Thoughts: $4477, Cached: $14644, Total: $33954 
2026-01-31 21:42:38 [32minfo[39m: Chunk 11 Cost - Prompt: $0.007052, Candidates: $0.002184, Thoughts: $0.013431, Cached: $0.000732, Total: $0.023400 
2026-01-31 21:42:38 [32minfo[39m: Processing chunk 12 of 23 
2026-01-31 21:42:38 [32minfo[39m: Chunk 12 Tokens - Prompt: $14105, Candidates: $979, Thoughts: $11310, Cached: $14644, Total: $41038 
2026-01-31 21:42:38 [32minfo[39m: Chunk 12 Cost - Prompt: $0.007052, Candidates: $0.002937, Thoughts: $0.033930, Cached: $0.000732, Total: $0.044652 
2026-01-31 21:42:38 [32minfo[39m: Processing chunk 13 of 23 
2026-01-31 21:42:38 [32minfo[39m: Chunk 13 Tokens - Prompt: $14105, Candidates: $403, Thoughts: $12268, Cached: $14644, Total: $41420 
2026-01-31 21:42:38 [32minfo[39m: Chunk 13 Cost - Prompt: $0.007052, Candidates: $0.001209, Thoughts: $0.036804, Cached: $0.000732, Total: $0.045798 
2026-01-31 21:42:38 [32minfo[39m: Processing chunk 14 of 23 
2026-01-31 21:42:38 [32minfo[39m: Chunk 14 Tokens - Prompt: $14105, Candidates: $610, Thoughts: $6715, Cached: $14644, Total: $36074 
2026-01-31 21:42:38 [32minfo[39m: Chunk 14 Cost - Prompt: $0.007052, Candidates: $0.001830, Thoughts: $0.020145, Cached: $0.000732, Total: $0.029760 
2026-01-31 21:42:38 [32minfo[39m: Processing chunk 15 of 23 
2026-01-31 21:42:38 [32minfo[39m: Chunk 15 Tokens - Prompt: $14105, Candidates: $661, Thoughts: $9130, Cached: $14644, Total: $38540 
2026-01-31 21:42:38 [32minfo[39m: Chunk 15 Cost - Prompt: $0.007052, Candidates: $0.001983, Thoughts: $0.027390, Cached: $0.000732, Total: $0.037158 
2026-01-31 21:42:38 [32minfo[39m: Processing chunk 16 of 23 
2026-01-31 21:42:38 [32minfo[39m: Chunk 16 Tokens - Prompt: $14105, Candidates: $480, Thoughts: $17418, Cached: $14644, Total: $46647 
2026-01-31 21:42:38 [32minfo[39m: Chunk 16 Cost - Prompt: $0.007052, Candidates: $0.001440, Thoughts: $0.052254, Cached: $0.000732, Total: $0.061479 
2026-01-31 21:42:38 [32minfo[39m: Processing chunk 17 of 23 
2026-01-31 21:42:38 [32minfo[39m: Chunk 17 Tokens - Prompt: $14105, Candidates: $1012, Thoughts: $11321, Cached: $14644, Total: $41082 
2026-01-31 21:42:38 [32minfo[39m: Chunk 17 Cost - Prompt: $0.007052, Candidates: $0.003036, Thoughts: $0.033963, Cached: $0.000732, Total: $0.044784 
2026-01-31 21:42:38 [32minfo[39m: Processing chunk 18 of 23 
2026-01-31 21:42:38 [32minfo[39m: Chunk 18 Tokens - Prompt: $14105, Candidates: $857, Thoughts: $654, Cached: $14644, Total: $30260 
2026-01-31 21:42:38 [32minfo[39m: Chunk 18 Cost - Prompt: $0.007052, Candidates: $0.002571, Thoughts: $0.001962, Cached: $0.000732, Total: $0.012318 
2026-01-31 21:42:38 [32minfo[39m: Processing chunk 19 of 23 
2026-01-31 21:42:38 [32minfo[39m: Chunk 19 Tokens - Prompt: $14105, Candidates: $599, Thoughts: $1012, Cached: $14644, Total: $30360 
2026-01-31 21:42:38 [32minfo[39m: Chunk 19 Cost - Prompt: $0.007052, Candidates: $0.001797, Thoughts: $0.003036, Cached: $0.000732, Total: $0.012618 
2026-01-31 21:42:38 [32minfo[39m: Processing chunk 20 of 23 
2026-01-31 21:42:38 [32minfo[39m: Chunk 20 Tokens - Prompt: $14105, Candidates: $897, Thoughts: $8981, Cached: $14644, Total: $38627 
2026-01-31 21:42:38 [32minfo[39m: Chunk 20 Cost - Prompt: $0.007052, Candidates: $0.002691, Thoughts: $0.026943, Cached: $0.000732, Total: $0.037419 
2026-01-31 21:42:38 [32minfo[39m: Processing chunk 21 of 23 
2026-01-31 21:42:38 [32minfo[39m: Chunk 21 Tokens - Prompt: $14105, Candidates: $710, Thoughts: $13871, Cached: $14644, Total: $43330 
2026-01-31 21:42:38 [32minfo[39m: Chunk 21 Cost - Prompt: $0.007052, Candidates: $0.002130, Thoughts: $0.041613, Cached: $0.000732, Total: $0.051528 
2026-01-31 21:42:38 [32minfo[39m: Processing chunk 22 of 23 
2026-01-31 21:42:38 [32minfo[39m: Chunk 22 Tokens - Prompt: $14105, Candidates: $563, Thoughts: $4010, Cached: $14644, Total: $33322 
2026-01-31 21:42:38 [32minfo[39m: Chunk 22 Cost - Prompt: $0.007052, Candidates: $0.001689, Thoughts: $0.012030, Cached: $0.000732, Total: $0.021504 
2026-01-31 21:42:38 [32minfo[39m: Processing chunk 23 of 23 
2026-01-31 21:42:38 [32minfo[39m: Chunk 23 Tokens - Prompt: $14105, Candidates: $193, Thoughts: $11266, Cached: $14644, Total: $40208 
2026-01-31 21:42:38 [32minfo[39m: Chunk 23 Cost - Prompt: $0.007052, Candidates: $0.000579, Thoughts: $0.033798, Cached: $0.000732, Total: $0.042162 
2026-01-31 21:42:38 [32minfo[39m: Written combined response to /Users/ryanchiang/Sites/college-datasets/packages/parser/src/output/emory_university/emory_university.json with 136 keys 
2026-01-31 21:42:38 [32minfo[39m: Total cost: $0.745838 
2026-01-31 21:42:38 [32minfo[39m: Parsing william_and_mary_college with file /Users/ryanchiang/Sites/college-datasets/packages/parser/data/cds-files/william_and_mary_college_cds9899.pdf and mime type application/pdf 
2026-01-31 21:42:38 [32minfo[39m: Uploading file /Users/ryanchiang/Sites/college-datasets/packages/parser/data/cds-files/william_and_mary_college_cds9899.pdf with mime type application/pdf 
2026-01-31 21:42:40 [32minfo[39m: File uploaded successfully: files/piu9bp8fno26 | https://generativelanguage.googleapis.com/v1beta/files/piu9bp8fno26 
2026-01-31 21:42:40 [32minfo[39m: Creating file cache for william_and_mary_college_cds9899.pdf... 
2026-01-31 21:42:41 [32minfo[39m: File cache for william_and_mary_college_cds9899.pdf created successfully! 
2026-01-31 21:42:41 [32minfo[39m: Splitting schema into 23 chunks of length 50 or less 
2026-01-31 21:42:41 [32minfo[39m: Sending 23 requests in parallel... 
2026-01-31 21:42:41 [32minfo[39m: Sending request for chunk 1 of 23 (undefined fields) 
2026-01-31 21:42:41 [32minfo[39m: Sending request for chunk 2 of 23 (undefined fields) 
2026-01-31 21:42:41 [32minfo[39m: Sending request for chunk 3 of 23 (undefined fields) 
2026-01-31 21:42:41 [32minfo[39m: Sending request for chunk 4 of 23 (undefined fields) 
2026-01-31 21:42:41 [32minfo[39m: Sending request for chunk 5 of 23 (undefined fields) 
2026-01-31 21:42:41 [32minfo[39m: Sending request for chunk 6 of 23 (undefined fields) 
2026-01-31 21:42:41 [32minfo[39m: Sending request for chunk 7 of 23 (undefined fields) 
2026-01-31 21:42:41 [32minfo[39m: Sending request for chunk 8 of 23 (undefined fields) 
2026-01-31 21:42:41 [32minfo[39m: Sending request for chunk 9 of 23 (undefined fields) 
2026-01-31 21:42:41 [32minfo[39m: Sending request for chunk 10 of 23 (undefined fields) 
2026-01-31 21:42:41 [32minfo[39m: Sending request for chunk 11 of 23 (undefined fields) 
2026-01-31 21:42:41 [32minfo[39m: Sending request for chunk 12 of 23 (undefined fields) 
2026-01-31 21:42:41 [32minfo[39m: Sending request for chunk 13 of 23 (undefined fields) 
2026-01-31 21:42:41 [32minfo[39m: Sending request for chunk 14 of 23 (undefined fields) 
2026-01-31 21:42:41 [32minfo[39m: Sending request for chunk 15 of 23 (undefined fields) 
2026-01-31 21:42:41 [32minfo[39m: Sending request for chunk 16 of 23 (undefined fields) 
2026-01-31 21:42:41 [32minfo[39m: Sending request for chunk 17 of 23 (undefined fields) 
2026-01-31 21:42:41 [32minfo[39m: Sending request for chunk 18 of 23 (undefined fields) 
2026-01-31 21:42:41 [32minfo[39m: Sending request for chunk 19 of 23 (undefined fields) 
2026-01-31 21:42:41 [32minfo[39m: Sending request for chunk 20 of 23 (undefined fields) 
2026-01-31 21:42:41 [32minfo[39m: Sending request for chunk 21 of 23 (undefined fields) 
2026-01-31 21:42:41 [32minfo[39m: Sending request for chunk 22 of 23 (undefined fields) 
2026-01-31 21:42:41 [32minfo[39m: Sending request for chunk 23 of 23 (undefined fields) 
2026-01-31 21:44:11 [32minfo[39m: Processing chunk 1 of 23 
2026-01-31 21:44:11 [32minfo[39m: Chunk 1 Tokens - Prompt: $14105, Candidates: $856, Thoughts: $159, Cached: $14644, Total: $29764 
2026-01-31 21:44:11 [32minfo[39m: Chunk 1 Cost - Prompt: $0.007052, Candidates: $0.002568, Thoughts: $0.000477, Cached: $0.000732, Total: $0.010830 
2026-01-31 21:44:11 [32minfo[39m: Processing chunk 2 of 23 
2026-01-31 21:44:11 [32minfo[39m: Chunk 2 Tokens - Prompt: $14105, Candidates: $897, Thoughts: $6189, Cached: $14644, Total: $35835 
2026-01-31 21:44:11 [32minfo[39m: Chunk 2 Cost - Prompt: $0.007052, Candidates: $0.002691, Thoughts: $0.018567, Cached: $0.000732, Total: $0.029043 
2026-01-31 21:44:11 [32minfo[39m: Processing chunk 3 of 23 
2026-01-31 21:44:11 [32minfo[39m: Chunk 3 Tokens - Prompt: $14105, Candidates: $405, Thoughts: $11302, Cached: $14644, Total: $40456 
2026-01-31 21:44:11 [32minfo[39m: Chunk 3 Cost - Prompt: $0.007052, Candidates: $0.001215, Thoughts: $0.033906, Cached: $0.000732, Total: $0.042906 
2026-01-31 21:44:11 [32minfo[39m: Processing chunk 4 of 23 
2026-01-31 21:44:11 [32minfo[39m: Chunk 4 Tokens - Prompt: $14105, Candidates: $1054, Thoughts: $10087, Cached: $14644, Total: $39890 
2026-01-31 21:44:11 [32minfo[39m: Chunk 4 Cost - Prompt: $0.007052, Candidates: $0.003162, Thoughts: $0.030261, Cached: $0.000732, Total: $0.041208 
2026-01-31 21:44:11 [32minfo[39m: Processing chunk 5 of 23 
2026-01-31 21:44:11 [32minfo[39m: Chunk 5 Tokens - Prompt: $14105, Candidates: $331, Thoughts: $13424, Cached: $14644, Total: $42504 
2026-01-31 21:44:11 [32minfo[39m: Chunk 5 Cost - Prompt: $0.007052, Candidates: $0.000993, Thoughts: $0.040272, Cached: $0.000732, Total: $0.049050 
2026-01-31 21:44:11 [32minfo[39m: Processing chunk 6 of 23 
2026-01-31 21:44:11 [32minfo[39m: Chunk 6 Tokens - Prompt: $14105, Candidates: $942, Thoughts: $4820, Cached: $14644, Total: $34511 
2026-01-31 21:44:11 [32minfo[39m: Chunk 6 Cost - Prompt: $0.007052, Candidates: $0.002826, Thoughts: $0.014460, Cached: $0.000732, Total: $0.025071 
2026-01-31 21:44:11 [32minfo[39m: Processing chunk 7 of 23 
2026-01-31 21:44:11 [32minfo[39m: Chunk 7 Tokens - Prompt: $14105, Candidates: $623, Thoughts: $10286, Cached: $14644, Total: $39658 
2026-01-31 21:44:11 [32minfo[39m: Chunk 7 Cost - Prompt: $0.007052, Candidates: $0.001869, Thoughts: $0.030858, Cached: $0.000732, Total: $0.040512 
2026-01-31 21:44:11 [32minfo[39m: Processing chunk 8 of 23 
2026-01-31 21:44:11 [32minfo[39m: Chunk 8 Tokens - Prompt: $14105, Candidates: $250, Thoughts: $7484, Cached: $14644, Total: $36483 
2026-01-31 21:44:11 [32minfo[39m: Chunk 8 Cost - Prompt: $0.007052, Candidates: $0.000750, Thoughts: $0.022452, Cached: $0.000732, Total: $0.030987 
2026-01-31 21:44:11 [32minfo[39m: Processing chunk 9 of 23 
2026-01-31 21:44:11 [32minfo[39m: Chunk 9 Tokens - Prompt: $14105, Candidates: $462, Thoughts: $4786, Cached: $14644, Total: $33997 
2026-01-31 21:44:11 [32minfo[39m: Chunk 9 Cost - Prompt: $0.007052, Candidates: $0.001386, Thoughts: $0.014358, Cached: $0.000732, Total: $0.023529 
2026-01-31 21:44:11 [32minfo[39m: Processing chunk 10 of 23 
2026-01-31 21:44:11 [32minfo[39m: Chunk 10 Tokens - Prompt: $14105, Candidates: $887, Thoughts: $2686, Cached: $14644, Total: $32322 
2026-01-31 21:44:11 [32minfo[39m: Chunk 10 Cost - Prompt: $0.007052, Candidates: $0.002661, Thoughts: $0.008058, Cached: $0.000732, Total: $0.018504 
2026-01-31 21:44:11 [32minfo[39m: Processing chunk 11 of 23 
2026-01-31 21:44:11 [32minfo[39m: Chunk 11 Tokens - Prompt: $14105, Candidates: $730, Thoughts: $2663, Cached: $14644, Total: $32142 
2026-01-31 21:44:11 [32minfo[39m: Chunk 11 Cost - Prompt: $0.007052, Candidates: $0.002190, Thoughts: $0.007989, Cached: $0.000732, Total: $0.017964 
2026-01-31 21:44:11 [32minfo[39m: Processing chunk 12 of 23 
2026-01-31 21:44:11 [32minfo[39m: Chunk 12 Tokens - Prompt: $14105, Candidates: $845, Thoughts: $5632, Cached: $14644, Total: $35226 
2026-01-31 21:44:11 [32minfo[39m: Chunk 12 Cost - Prompt: $0.007052, Candidates: $0.002535, Thoughts: $0.016896, Cached: $0.000732, Total: $0.027216 
2026-01-31 21:44:11 [32minfo[39m: Processing chunk 13 of 23 
2026-01-31 21:44:11 [32minfo[39m: Chunk 13 Tokens - Prompt: $14105, Candidates: $512, Thoughts: $8271, Cached: $14644, Total: $37532 
2026-01-31 21:44:11 [32minfo[39m: Chunk 13 Cost - Prompt: $0.007052, Candidates: $0.001536, Thoughts: $0.024813, Cached: $0.000732, Total: $0.034134 
2026-01-31 21:44:11 [32minfo[39m: Processing chunk 14 of 23 
2026-01-31 21:44:11 [32minfo[39m: Chunk 14 Tokens - Prompt: $14105, Candidates: $580, Thoughts: $12999, Cached: $14644, Total: $42328 
2026-01-31 21:44:11 [32minfo[39m: Chunk 14 Cost - Prompt: $0.007052, Candidates: $0.001740, Thoughts: $0.038997, Cached: $0.000732, Total: $0.048522 
2026-01-31 21:44:11 [32minfo[39m: Processing chunk 15 of 23 
2026-01-31 21:44:11 [32minfo[39m: Chunk 15 Tokens - Prompt: $14105, Candidates: $724, Thoughts: $14625, Cached: $14644, Total: $44098 
2026-01-31 21:44:11 [32minfo[39m: Chunk 15 Cost - Prompt: $0.007052, Candidates: $0.002172, Thoughts: $0.043875, Cached: $0.000732, Total: $0.053832 
2026-01-31 21:44:11 [32minfo[39m: Processing chunk 16 of 23 
2026-01-31 21:44:11 [32minfo[39m: Chunk 16 Tokens - Prompt: $14105, Candidates: $551, Thoughts: $8818, Cached: $14644, Total: $38118 
2026-01-31 21:44:11 [32minfo[39m: Chunk 16 Cost - Prompt: $0.007052, Candidates: $0.001653, Thoughts: $0.026454, Cached: $0.000732, Total: $0.035892 
2026-01-31 21:44:11 [32minfo[39m: Processing chunk 17 of 23 
2026-01-31 21:44:11 [32minfo[39m: Chunk 17 Tokens - Prompt: $14105, Candidates: $1140, Thoughts: $10386, Cached: $14644, Total: $40275 
2026-01-31 21:44:11 [32minfo[39m: Chunk 17 Cost - Prompt: $0.007052, Candidates: $0.003420, Thoughts: $0.031158, Cached: $0.000732, Total: $0.042363 
2026-01-31 21:44:11 [32minfo[39m: Processing chunk 18 of 23 
2026-01-31 21:44:11 [32minfo[39m: Chunk 18 Tokens - Prompt: $14105, Candidates: $916, Thoughts: $9664, Cached: $14644, Total: $39329 
2026-01-31 21:44:11 [32minfo[39m: Chunk 18 Cost - Prompt: $0.007052, Candidates: $0.002748, Thoughts: $0.028992, Cached: $0.000732, Total: $0.039525 
2026-01-31 21:44:11 [32minfo[39m: Processing chunk 19 of 23 
2026-01-31 21:44:11 [32minfo[39m: Chunk 19 Tokens - Prompt: $14105, Candidates: $814, Thoughts: $1534, Cached: $14644, Total: $31097 
2026-01-31 21:44:11 [32minfo[39m: Chunk 19 Cost - Prompt: $0.007052, Candidates: $0.002442, Thoughts: $0.004602, Cached: $0.000732, Total: $0.014829 
2026-01-31 21:44:11 [32minfo[39m: Processing chunk 20 of 23 
2026-01-31 21:44:11 [32minfo[39m: Chunk 20 Tokens - Prompt: $14105, Candidates: $461, Thoughts: $4016, Cached: $14644, Total: $33226 
2026-01-31 21:44:11 [32minfo[39m: Chunk 20 Cost - Prompt: $0.007052, Candidates: $0.001383, Thoughts: $0.012048, Cached: $0.000732, Total: $0.021216 
2026-01-31 21:44:11 [32minfo[39m: Processing chunk 21 of 23 
2026-01-31 21:44:11 [32minfo[39m: Chunk 21 Tokens - Prompt: $14105, Candidates: $395, Thoughts: $2167, Cached: $14644, Total: $31311 
2026-01-31 21:44:11 [32minfo[39m: Chunk 21 Cost - Prompt: $0.007052, Candidates: $0.001185, Thoughts: $0.006501, Cached: $0.000732, Total: $0.015471 
2026-01-31 21:44:11 [32minfo[39m: Processing chunk 22 of 23 
2026-01-31 21:44:11 [32minfo[39m: Chunk 22 Tokens - Prompt: $14105, Candidates: $913, Thoughts: $2663, Cached: $14644, Total: $32325 
2026-01-31 21:44:11 [32minfo[39m: Chunk 22 Cost - Prompt: $0.007052, Candidates: $0.002739, Thoughts: $0.007989, Cached: $0.000732, Total: $0.018513 
2026-01-31 21:44:11 [32minfo[39m: Processing chunk 23 of 23 
2026-01-31 21:44:11 [32minfo[39m: Chunk 23 Tokens - Prompt: $14105, Candidates: $277, Thoughts: $2335, Cached: $14644, Total: $31361 
2026-01-31 21:44:11 [32minfo[39m: Chunk 23 Cost - Prompt: $0.007052, Candidates: $0.000831, Thoughts: $0.007005, Cached: $0.000732, Total: $0.015621 
2026-01-31 21:44:11 [32minfo[39m: Written combined response to /Users/ryanchiang/Sites/college-datasets/packages/parser/src/output/william_and_mary_college/william_and_mary_college.json with 136 keys 
2026-01-31 21:44:11 [32minfo[39m: Total cost: $0.696731 
2026-01-31 21:44:11 [32minfo[39m: Parsing university_of_washington with file /Users/ryanchiang/Sites/college-datasets/packages/parser/data/cds-files/university_of_washington_CDS_2024-2025_Seattle.pdf and mime type application/pdf 
2026-01-31 21:44:11 [32minfo[39m: Uploading file /Users/ryanchiang/Sites/college-datasets/packages/parser/data/cds-files/university_of_washington_CDS_2024-2025_Seattle.pdf with mime type application/pdf 
2026-01-31 21:44:14 [32minfo[39m: File uploaded successfully: files/unxf5ckdkq24 | https://generativelanguage.googleapis.com/v1beta/files/unxf5ckdkq24 
2026-01-31 21:44:14 [32minfo[39m: Creating file cache for university_of_washington_CDS_2024-2025_Seattle.pdf... 
2026-01-31 21:44:16 [32minfo[39m: File cache for university_of_washington_CDS_2024-2025_Seattle.pdf created successfully! 
2026-01-31 21:44:16 [32minfo[39m: Splitting schema into 23 chunks of length 50 or less 
2026-01-31 21:44:16 [32minfo[39m: Sending 23 requests in parallel... 
2026-01-31 21:44:16 [32minfo[39m: Sending request for chunk 1 of 23 (undefined fields) 
2026-01-31 21:44:16 [32minfo[39m: Sending request for chunk 2 of 23 (undefined fields) 
2026-01-31 21:44:16 [32minfo[39m: Sending request for chunk 3 of 23 (undefined fields) 
2026-01-31 21:44:16 [32minfo[39m: Sending request for chunk 4 of 23 (undefined fields) 
2026-01-31 21:44:16 [32minfo[39m: Sending request for chunk 5 of 23 (undefined fields) 
2026-01-31 21:44:16 [32minfo[39m: Sending request for chunk 6 of 23 (undefined fields) 
2026-01-31 21:44:16 [32minfo[39m: Sending request for chunk 7 of 23 (undefined fields) 
2026-01-31 21:44:16 [32minfo[39m: Sending request for chunk 8 of 23 (undefined fields) 
2026-01-31 21:44:16 [32minfo[39m: Sending request for chunk 9 of 23 (undefined fields) 
2026-01-31 21:44:16 [32minfo[39m: Sending request for chunk 10 of 23 (undefined fields) 
2026-01-31 21:44:16 [32minfo[39m: Sending request for chunk 11 of 23 (undefined fields) 
2026-01-31 21:44:16 [32minfo[39m: Sending request for chunk 12 of 23 (undefined fields) 
2026-01-31 21:44:16 [32minfo[39m: Sending request for chunk 13 of 23 (undefined fields) 
2026-01-31 21:44:16 [32minfo[39m: Sending request for chunk 14 of 23 (undefined fields) 
2026-01-31 21:44:16 [32minfo[39m: Sending request for chunk 15 of 23 (undefined fields) 
2026-01-31 21:44:16 [32minfo[39m: Sending request for chunk 16 of 23 (undefined fields) 
2026-01-31 21:44:16 [32minfo[39m: Sending request for chunk 17 of 23 (undefined fields) 
2026-01-31 21:44:16 [32minfo[39m: Sending request for chunk 18 of 23 (undefined fields) 
2026-01-31 21:44:16 [32minfo[39m: Sending request for chunk 19 of 23 (undefined fields) 
2026-01-31 21:44:16 [32minfo[39m: Sending request for chunk 20 of 23 (undefined fields) 
2026-01-31 21:44:16 [32minfo[39m: Sending request for chunk 21 of 23 (undefined fields) 
2026-01-31 21:44:16 [32minfo[39m: Sending request for chunk 22 of 23 (undefined fields) 
2026-01-31 21:44:16 [32minfo[39m: Sending request for chunk 23 of 23 (undefined fields) 
2026-01-31 21:45:48 [32minfo[39m: Processing chunk 1 of 23 
2026-01-31 21:45:48 [32minfo[39m: Chunk 1 Tokens - Prompt: $27113, Candidates: $734, Thoughts: $4745, Cached: $28084, Total: $60676 
2026-01-31 21:45:48 [32minfo[39m: Chunk 1 Cost - Prompt: $0.013557, Candidates: $0.002202, Thoughts: $0.014235, Cached: $0.001404, Total: $0.031398 
2026-01-31 21:45:48 [32minfo[39m: Processing chunk 2 of 23 
2026-01-31 21:45:48 [32minfo[39m: Chunk 2 Tokens - Prompt: $27113, Candidates: $934, Thoughts: $10212, Cached: $28084, Total: $66343 
2026-01-31 21:45:48 [32minfo[39m: Chunk 2 Cost - Prompt: $0.013557, Candidates: $0.002802, Thoughts: $0.030636, Cached: $0.001404, Total: $0.048399 
2026-01-31 21:45:48 [32minfo[39m: Processing chunk 3 of 23 
2026-01-31 21:45:48 [32minfo[39m: Chunk 3 Tokens - Prompt: $27113, Candidates: $552, Thoughts: $13227, Cached: $28084, Total: $68976 
2026-01-31 21:45:48 [32minfo[39m: Chunk 3 Cost - Prompt: $0.013557, Candidates: $0.001656, Thoughts: $0.039681, Cached: $0.001404, Total: $0.056298 
2026-01-31 21:45:48 [32minfo[39m: Processing chunk 4 of 23 
2026-01-31 21:45:48 [32minfo[39m: Chunk 4 Tokens - Prompt: $27113, Candidates: $922, Thoughts: $9763, Cached: $28084, Total: $65882 
2026-01-31 21:45:48 [32minfo[39m: Chunk 4 Cost - Prompt: $0.013557, Candidates: $0.002766, Thoughts: $0.029289, Cached: $0.001404, Total: $0.047016 
2026-01-31 21:45:48 [32minfo[39m: Processing chunk 5 of 23 
2026-01-31 21:45:48 [32minfo[39m: Chunk 5 Tokens - Prompt: $27113, Candidates: $981, Thoughts: $51, Cached: $28084, Total: $56229 
2026-01-31 21:45:48 [32minfo[39m: Chunk 5 Cost - Prompt: $0.013557, Candidates: $0.002943, Thoughts: $0.000153, Cached: $0.001404, Total: $0.018057 
2026-01-31 21:45:48 [32minfo[39m: Processing chunk 6 of 23 
2026-01-31 21:45:48 [32minfo[39m: Chunk 6 Tokens - Prompt: $27113, Candidates: $981, Thoughts: $3485, Cached: $28084, Total: $59663 
2026-01-31 21:45:48 [32minfo[39m: Chunk 6 Cost - Prompt: $0.013557, Candidates: $0.002943, Thoughts: $0.010455, Cached: $0.001404, Total: $0.028359 
2026-01-31 21:45:48 [32minfo[39m: Processing chunk 7 of 23 
2026-01-31 21:45:48 [32minfo[39m: Chunk 7 Tokens - Prompt: $27113, Candidates: $678, Thoughts: $2096, Cached: $28084, Total: $57971 
2026-01-31 21:45:48 [32minfo[39m: Chunk 7 Cost - Prompt: $0.013557, Candidates: $0.002034, Thoughts: $0.006288, Cached: $0.001404, Total: $0.023283 
2026-01-31 21:45:48 [32minfo[39m: Processing chunk 8 of 23 
2026-01-31 21:45:48 [32minfo[39m: Chunk 8 Tokens - Prompt: $27113, Candidates: $560, Thoughts: $71, Cached: $28084, Total: $55828 
2026-01-31 21:45:48 [32minfo[39m: Chunk 8 Cost - Prompt: $0.013557, Candidates: $0.001680, Thoughts: $0.000213, Cached: $0.001404, Total: $0.016854 
2026-01-31 21:45:48 [32minfo[39m: Processing chunk 9 of 23 
2026-01-31 21:45:48 [32minfo[39m: Chunk 9 Tokens - Prompt: $27113, Candidates: $1231, Thoughts: $13586, Cached: $28084, Total: $70014 
2026-01-31 21:45:48 [32minfo[39m: Chunk 9 Cost - Prompt: $0.013557, Candidates: $0.003693, Thoughts: $0.040758, Cached: $0.001404, Total: $0.059412 
2026-01-31 21:45:48 [32minfo[39m: Processing chunk 10 of 23 
2026-01-31 21:45:48 [32minfo[39m: Chunk 10 Tokens - Prompt: $27113, Candidates: $1144, Thoughts: $7322, Cached: $28084, Total: $63663 
2026-01-31 21:45:48 [32minfo[39m: Chunk 10 Cost - Prompt: $0.013557, Candidates: $0.003432, Thoughts: $0.021966, Cached: $0.001404, Total: $0.040359 
2026-01-31 21:45:48 [32minfo[39m: Processing chunk 11 of 23 
2026-01-31 21:45:48 [32minfo[39m: Chunk 11 Tokens - Prompt: $27113, Candidates: $753, Thoughts: $82, Cached: $28084, Total: $56032 
2026-01-31 21:45:48 [32minfo[39m: Chunk 11 Cost - Prompt: $0.013557, Candidates: $0.002259, Thoughts: $0.000246, Cached: $0.001404, Total: $0.017466 
2026-01-31 21:45:48 [32minfo[39m: Processing chunk 12 of 23 
2026-01-31 21:45:48 [32minfo[39m: Chunk 12 Tokens - Prompt: $27113, Candidates: $771, Thoughts: $5550, Cached: $28084, Total: $61518 
2026-01-31 21:45:48 [32minfo[39m: Chunk 12 Cost - Prompt: $0.013557, Candidates: $0.002313, Thoughts: $0.016650, Cached: $0.001404, Total: $0.033924 
2026-01-31 21:45:48 [32minfo[39m: Processing chunk 13 of 23 
2026-01-31 21:45:48 [32minfo[39m: Chunk 13 Tokens - Prompt: $27113, Candidates: $383, Thoughts: $10344, Cached: $28084, Total: $65924 
2026-01-31 21:45:48 [32minfo[39m: Chunk 13 Cost - Prompt: $0.013557, Candidates: $0.001149, Thoughts: $0.031032, Cached: $0.001404, Total: $0.047142 
2026-01-31 21:45:48 [32minfo[39m: Processing chunk 14 of 23 
2026-01-31 21:45:48 [32minfo[39m: Chunk 14 Tokens - Prompt: $27113, Candidates: $577, Thoughts: $3740, Cached: $28084, Total: $59514 
2026-01-31 21:45:48 [32minfo[39m: Chunk 14 Cost - Prompt: $0.013557, Candidates: $0.001731, Thoughts: $0.011220, Cached: $0.001404, Total: $0.027912 
2026-01-31 21:45:48 [32minfo[39m: Processing chunk 15 of 23 
2026-01-31 21:45:48 [32minfo[39m: Chunk 15 Tokens - Prompt: $27113, Candidates: $904, Thoughts: $9095, Cached: $28084, Total: $65196 
2026-01-31 21:45:48 [32minfo[39m: Chunk 15 Cost - Prompt: $0.013557, Candidates: $0.002712, Thoughts: $0.027285, Cached: $0.001404, Total: $0.044958 
2026-01-31 21:45:48 [32minfo[39m: Processing chunk 16 of 23 
2026-01-31 21:45:48 [32minfo[39m: Chunk 16 Tokens - Prompt: $27113, Candidates: $568, Thoughts: $8868, Cached: $28084, Total: $64633 
2026-01-31 21:45:48 [32minfo[39m: Chunk 16 Cost - Prompt: $0.013557, Candidates: $0.001704, Thoughts: $0.026604, Cached: $0.001404, Total: $0.043269 
2026-01-31 21:45:48 [32minfo[39m: Processing chunk 17 of 23 
2026-01-31 21:45:48 [32minfo[39m: Chunk 17 Tokens - Prompt: $27113, Candidates: $1184, Thoughts: $5801, Cached: $28084, Total: $62182 
2026-01-31 21:45:48 [32minfo[39m: Chunk 17 Cost - Prompt: $0.013557, Candidates: $0.003552, Thoughts: $0.017403, Cached: $0.001404, Total: $0.035916 
2026-01-31 21:45:48 [32minfo[39m: Processing chunk 18 of 23 
2026-01-31 21:45:48 [32minfo[39m: Chunk 18 Tokens - Prompt: $27113, Candidates: $992, Thoughts: $5195, Cached: $28084, Total: $61384 
2026-01-31 21:45:48 [32minfo[39m: Chunk 18 Cost - Prompt: $0.013557, Candidates: $0.002976, Thoughts: $0.015585, Cached: $0.001404, Total: $0.033522 
2026-01-31 21:45:48 [32minfo[39m: Processing chunk 19 of 23 
2026-01-31 21:45:48 [32minfo[39m: Chunk 19 Tokens - Prompt: $27113, Candidates: $598, Thoughts: $8288, Cached: $28084, Total: $64083 
2026-01-31 21:45:48 [32minfo[39m: Chunk 19 Cost - Prompt: $0.013557, Candidates: $0.001794, Thoughts: $0.024864, Cached: $0.001404, Total: $0.041619 
2026-01-31 21:45:48 [32minfo[39m: Processing chunk 20 of 23 
2026-01-31 21:45:48 [32minfo[39m: Chunk 20 Tokens - Prompt: $27113, Candidates: $911, Thoughts: $11318, Cached: $28084, Total: $67426 
2026-01-31 21:45:48 [32minfo[39m: Chunk 20 Cost - Prompt: $0.013557, Candidates: $0.002733, Thoughts: $0.033954, Cached: $0.001404, Total: $0.051648 
2026-01-31 21:45:48 [32minfo[39m: Processing chunk 21 of 23 
2026-01-31 21:45:48 [32minfo[39m: Chunk 21 Tokens - Prompt: $27113, Candidates: $718, Thoughts: $13533, Cached: $28084, Total: $69448 
2026-01-31 21:45:48 [32minfo[39m: Chunk 21 Cost - Prompt: $0.013557, Candidates: $0.002154, Thoughts: $0.040599, Cached: $0.001404, Total: $0.057714 
2026-01-31 21:45:48 [32minfo[39m: Processing chunk 22 of 23 
2026-01-31 21:45:48 [32minfo[39m: Chunk 22 Tokens - Prompt: $27113, Candidates: $785, Thoughts: $6170, Cached: $28084, Total: $62152 
2026-01-31 21:45:48 [32minfo[39m: Chunk 22 Cost - Prompt: $0.013557, Candidates: $0.002355, Thoughts: $0.018510, Cached: $0.001404, Total: $0.035826 
2026-01-31 21:45:48 [32minfo[39m: Processing chunk 23 of 23 
2026-01-31 21:45:48 [32minfo[39m: Chunk 23 Tokens - Prompt: $27113, Candidates: $129, Thoughts: $5979, Cached: $28084, Total: $61305 
2026-01-31 21:45:48 [32minfo[39m: Chunk 23 Cost - Prompt: $0.013557, Candidates: $0.000387, Thoughts: $0.017937, Cached: $0.001404, Total: $0.033285 
2026-01-31 21:45:48 [32minfo[39m: Written combined response to /Users/ryanchiang/Sites/college-datasets/packages/parser/src/output/university_of_washington/university_of_washington.json with 138 keys 
2026-01-31 21:45:48 [32minfo[39m: Total cost: $0.873629 
2026-01-31 21:45:48 [32minfo[39m: Parsing california_institute_of_technology with file /Users/ryanchiang/Sites/college-datasets/packages/parser/data/cds-files/california_institute_of_technology_TREASURY_ORG_CHART_Rev_121224.pdf and mime type application/pdf 
2026-01-31 21:45:48 [32minfo[39m: Uploading file /Users/ryanchiang/Sites/college-datasets/packages/parser/data/cds-files/california_institute_of_technology_TREASURY_ORG_CHART_Rev_121224.pdf with mime type application/pdf 
2026-01-31 21:45:50 [32minfo[39m: File uploaded successfully: files/83komsepwiei | https://generativelanguage.googleapis.com/v1beta/files/83komsepwiei 
2026-01-31 21:45:50 [32minfo[39m: Creating file cache for california_institute_of_technology_TREASURY_ORG_CHART_Rev_121224.pdf... 
2026-01-31 21:45:51 [31merror[39m: Error parsing california_institute_of_technology: {
  "error": {
    "message": "{\"error\":{\"code\":400,\"message\":\"Cached content is too small. total_token_count=644, min_total_token_count=1024\",\"status\":\"INVALID_ARGUMENT\"}}",
    "stack": "ApiError: {\"error\":{\"code\":400,\"message\":\"Cached content is too small. total_token_count=644, min_total_token_count=1024\",\"status\":\"INVALID_ARGUMENT\"}}\n    at throwErrorIfNotOK (/Users/ryanchiang/Sites/college-datasets/node_modules/.pnpm/@google+genai@1.38.0/node_modules/@google/genai/src/_api_client.ts:889:24)\n    at process.processTicksAndRejections (node:internal/process/task_queues:105:5)\n    at async <anonymous> (/Users/ryanchiang/Sites/college-datasets/node_modules/.pnpm/@google+genai@1.38.0/node_modules/@google/genai/src/_api_client.ts:522:9)\n    at async parseCDS (/Users/ryanchiang/Sites/college-datasets/packages/parser/src/core/parse-cds.ts:51:17)\n    at async main (/Users/ryanchiang/Sites/college-datasets/packages/parser/src/index.ts:225:7)\n    at async <anonymous> (/Users/ryanchiang/Sites/college-datasets/packages/parser/src/index.ts:266:5)",
    "name": "ApiError",
    "status": 400
  }
}
2026-02-01 06:43:18 [32minfo[39m: Parsing stanford_university with file /Users/ryanchiang/Sites/college-datasets/packages/parser/data/cds-files/stanford_cds_2024_2025.pdf and mime type application/pdf 
2026-02-01 06:43:18 [32minfo[39m: Uploading file /Users/ryanchiang/Sites/college-datasets/packages/parser/data/cds-files/stanford_cds_2024_2025.pdf with mime type application/pdf 
